chrom	start	end	score	track	group
Chr8	127394999	127396799	0.000587589607049147	Plasma	scATAC (nonmalignant)
Chr8	127396799	127398599	0.0053959608418523	Plasma	scATAC (nonmalignant)
Chr8	127398599	127400399	0.00405585136410488	Plasma	scATAC (nonmalignant)
Chr8	127400399	127402199	0.00705976553795962	Plasma	scATAC (nonmalignant)
Chr8	127402199	127403999	0.0134469948720442	Plasma	scATAC (nonmalignant)
Chr8	127403999	127405799	0.0183859791740845	Plasma	scATAC (nonmalignant)
Chr8	127405799	127407599	0.029477781516094	Plasma	scATAC (nonmalignant)
Chr8	127407599	127409399	0.0438105935800742	Plasma	scATAC (nonmalignant)
Chr8	127409399	127411199	0.0579547147636091	Plasma	scATAC (nonmalignant)
Chr8	127411199	127412999	0.0384141008560266	Plasma	scATAC (nonmalignant)
Chr8	127412999	127414799	0.0294324541339913	Plasma	scATAC (nonmalignant)
Chr8	127414799	127416599	0.0162490301403665	Plasma	scATAC (nonmalignant)
Chr8	127416599	127418399	0.00942848997087518	Plasma	scATAC (nonmalignant)
Chr8	127418399	127420199	0.0104491635064109	Plasma	scATAC (nonmalignant)
Chr8	127420199	127421999	0.00126722454195537	Plasma	scATAC (nonmalignant)
Chr8	127421999	127423799	0.0050990024126129	Plasma	scATAC (nonmalignant)
Chr8	127423799	127425599	0.00911186500731591	Plasma	scATAC (nonmalignant)
Chr8	127425599	127427399	0.00163773701018111	Plasma	scATAC (nonmalignant)
Chr8	127427399	127429199	0.00935066521187289	Plasma	scATAC (nonmalignant)
Chr8	127429199	127430999	0.00142423089522768	Plasma	scATAC (nonmalignant)
Chr8	127430999	127432799	0.007698749696615	Plasma	scATAC (nonmalignant)
Chr8	127432799	127434599	5.69387690750317e-05	Plasma	scATAC (nonmalignant)
Chr8	127434599	127436399	0.00240049674990036	Plasma	scATAC (nonmalignant)
Chr8	127436399	127438199	0.000131913746002975	Plasma	scATAC (nonmalignant)
Chr8	127438199	127439999	0.0104566042873156	Plasma	scATAC (nonmalignant)
Chr8	127439999	127441799	0.00664304495584059	Plasma	scATAC (nonmalignant)
Chr8	127441799	127443599	0.006362936894939	Plasma	scATAC (nonmalignant)
Chr8	127443599	127445399	0.0117069679161457	Plasma	scATAC (nonmalignant)
Chr8	127445399	127447199	0.00361624045564262	Plasma	scATAC (nonmalignant)
Chr8	127447199	127448999	0.0121236568850123	Plasma	scATAC (nonmalignant)
Chr8	127448999	127450799	0.00904005325725325	Plasma	scATAC (nonmalignant)
Chr8	127450799	127452599	0.00578226653501749	Plasma	scATAC (nonmalignant)
Chr8	127452599	127454399	0.00932334847326555	Plasma	scATAC (nonmalignant)
Chr8	127454399	127456199	0.0046418542723423	Plasma	scATAC (nonmalignant)
Chr8	127456199	127457999	0.00756466773315452	Plasma	scATAC (nonmalignant)
Chr8	127457999	127459799	0.00257073467328635	Plasma	scATAC (nonmalignant)
Chr8	127459799	127461599	0.00506750122173721	Plasma	scATAC (nonmalignant)
Chr8	127461599	127463399	0.00419490331273173	Plasma	scATAC (nonmalignant)
Chr8	127463399	127465199	0.000389173659503198	Plasma	scATAC (nonmalignant)
Chr8	127465199	127466999	0.00282590187254134	Plasma	scATAC (nonmalignant)
Chr8	127466999	127468799	0.00218100373010857	Plasma	scATAC (nonmalignant)
Chr8	127468799	127470599	0.00368733545505106	Plasma	scATAC (nonmalignant)
Chr8	127470599	127472399	0.00137369574265776	Plasma	scATAC (nonmalignant)
Chr8	127472399	127474199	0.00157234100246336	Plasma	scATAC (nonmalignant)
Chr8	127474199	127475999	0.00367533594415214	Plasma	scATAC (nonmalignant)
Chr8	127475999	127477799	0.0117456749557483	Plasma	scATAC (nonmalignant)
Chr8	127477799	127479599	0.00398104482878783	Plasma	scATAC (nonmalignant)
Chr8	127479599	127481399	0.00170272509262306	Plasma	scATAC (nonmalignant)
Chr8	127481399	127483199	0.00161230778069346	Plasma	scATAC (nonmalignant)
Chr8	127483199	127484999	0.00384062844293021	Plasma	scATAC (nonmalignant)
Chr8	127484999	127486799	0.00647970759909521	Plasma	scATAC (nonmalignant)
Chr8	127486799	127488599	0.00219087804491299	Plasma	scATAC (nonmalignant)
Chr8	127488599	127490399	0.00353619233700873	Plasma	scATAC (nonmalignant)
Chr8	127490399	127492199	0.000576575682188873	Plasma	scATAC (nonmalignant)
Chr8	127492199	127493999	0.00582904653166823	Plasma	scATAC (nonmalignant)
Chr8	127493999	127495799	0.00347081366830145	Plasma	scATAC (nonmalignant)
Chr8	127495799	127497599	0.00466304102062246	Plasma	scATAC (nonmalignant)
Chr8	127497599	127499399	0.0036050526935932	Plasma	scATAC (nonmalignant)
Chr8	127499399	127501199	0.00899591645505717	Plasma	scATAC (nonmalignant)
Chr8	127501199	127502999	0.00452498054760701	Plasma	scATAC (nonmalignant)
Chr8	127502999	127504799	0.00334376595075446	Plasma	scATAC (nonmalignant)
Chr8	127504799	127506599	0.000569262874640678	Plasma	scATAC (nonmalignant)
Chr8	127506599	127508399	0.0106886484999506	Plasma	scATAC (nonmalignant)
Chr8	127508399	127510199	0.00665275448013636	Plasma	scATAC (nonmalignant)
Chr8	127510199	127511999	0.00160468669330048	Plasma	scATAC (nonmalignant)
Chr8	127511999	127513799	0.006459918506296	Plasma	scATAC (nonmalignant)
Chr8	127513799	127515599	0.00294691029127608	Plasma	scATAC (nonmalignant)
Chr8	127515599	127517399	0.00983518793312763	Plasma	scATAC (nonmalignant)
Chr8	127517399	127519199	0.00238066207719701	Plasma	scATAC (nonmalignant)
Chr8	127519199	127520999	0.00958844035820322	Plasma	scATAC (nonmalignant)
Chr8	127520999	127522799	0.008806141050863	Plasma	scATAC (nonmalignant)
Chr8	127522799	127524599	0.00624082732486122	Plasma	scATAC (nonmalignant)
Chr8	127524599	127526399	0.00469698594679892	Plasma	scATAC (nonmalignant)
Chr8	127526399	127528199	0.00286257852324435	Plasma	scATAC (nonmalignant)
Chr8	127528199	127529999	0.00056414783661193	Plasma	scATAC (nonmalignant)
Chr8	127529999	127531799	0.00359387613088707	Plasma	scATAC (nonmalignant)
Chr8	127531799	127533599	0.0173837878125211	Plasma	scATAC (nonmalignant)
Chr8	127533599	127535399	0.00350218015279472	Plasma	scATAC (nonmalignant)
Chr8	127535399	127537199	0.0142565002101765	Plasma	scATAC (nonmalignant)
Chr8	127537199	127538999	0.00387757236436388	Plasma	scATAC (nonmalignant)
Chr8	127538999	127540799	0.0014584138722109	Plasma	scATAC (nonmalignant)
Chr8	127540799	127542599	0.00473695925764192	Plasma	scATAC (nonmalignant)
Chr8	127542599	127544399	0.00656219659192824	Plasma	scATAC (nonmalignant)
Chr8	127544399	127546199	0.0122676441897024	Plasma	scATAC (nonmalignant)
Chr8	127546199	127547999	0.0100880020218029	Plasma	scATAC (nonmalignant)
Chr8	127547999	127549799	0.00729169878773702	Plasma	scATAC (nonmalignant)
Chr8	127549799	127551599	0.00057434110074532	Plasma	scATAC (nonmalignant)
Chr8	127551599	127553399	0.00570836679398397	Plasma	scATAC (nonmalignant)
Chr8	127553399	127555199	0.00360759294980426	Plasma	scATAC (nonmalignant)
Chr8	127555199	127556999	0.0180871634274749	Plasma	scATAC (nonmalignant)
Chr8	127556999	127558799	0.00461690761979116	Plasma	scATAC (nonmalignant)
Chr8	127558799	127560599	0.00941365199187619	Plasma	scATAC (nonmalignant)
Chr8	127560599	127562399	0.00301630065469607	Plasma	scATAC (nonmalignant)
Chr8	127562399	127564199	0.00370732932222838	Plasma	scATAC (nonmalignant)
Chr8	127564199	127565999	0.00810859188065373	Plasma	scATAC (nonmalignant)
Chr8	127565999	127567799	0.00461452744893081	Plasma	scATAC (nonmalignant)
Chr8	127567799	127569599	0.00197681470444657	Plasma	scATAC (nonmalignant)
Chr8	127569599	127571399	0.000264873941757644	Plasma	scATAC (nonmalignant)
Chr8	127571399	127573199	0.00382342368585906	Plasma	scATAC (nonmalignant)
Chr8	127573199	127574999	0.000415696430069918	Plasma	scATAC (nonmalignant)
Chr8	127574999	127576799	0.00178110766778973	Plasma	scATAC (nonmalignant)
Chr8	127576799	127578599	0.0114034415459558	Plasma	scATAC (nonmalignant)
Chr8	127578599	127580399	0.00988419381204331	Plasma	scATAC (nonmalignant)
Chr8	127580399	127582199	0.0106704325708347	Plasma	scATAC (nonmalignant)
Chr8	127582199	127583999	0.00020966042999195	Plasma	scATAC (nonmalignant)
Chr8	127583999	127585799	0.00296727864077521	Plasma	scATAC (nonmalignant)
Chr8	127585799	127587599	0.00364526956068724	Plasma	scATAC (nonmalignant)
Chr8	127587599	127589399	0.00218618908261294	Plasma	scATAC (nonmalignant)
Chr8	127589399	127591199	0.00100760605797248	Plasma	scATAC (nonmalignant)
Chr8	127591199	127592999	0.00339973600037976	Plasma	scATAC (nonmalignant)
Chr8	127592999	127594799	0.000934083440769821	Plasma	scATAC (nonmalignant)
Chr8	127594799	127596599	0.00502790452223737	Plasma	scATAC (nonmalignant)
Chr8	127596599	127598399	0.00328208681817182	Plasma	scATAC (nonmalignant)
Chr8	127598399	127600199	0.00652823194251785	Plasma	scATAC (nonmalignant)
Chr8	127600199	127601999	0.0087108429483204	Plasma	scATAC (nonmalignant)
Chr8	127601999	127603799	0.00832185321942822	Plasma	scATAC (nonmalignant)
Chr8	127603799	127605599	0.00156052809930522	Plasma	scATAC (nonmalignant)
Chr8	127605599	127607399	0.0086617556549178	Plasma	scATAC (nonmalignant)
Chr8	127607399	127609199	0.00714744769252689	Plasma	scATAC (nonmalignant)
Chr8	127609199	127610999	0.00179033613787359	Plasma	scATAC (nonmalignant)
Chr8	127610999	127612799	0.00686645664801923	Plasma	scATAC (nonmalignant)
Chr8	127612799	127614599	0.0103292119093587	Plasma	scATAC (nonmalignant)
Chr8	127614599	127616399	0.00221811316442534	Plasma	scATAC (nonmalignant)
Chr8	127616399	127618199	0.0109324530661596	Plasma	scATAC (nonmalignant)
Chr8	127618199	127619999	0.0028655388223351	Plasma	scATAC (nonmalignant)
Chr8	127619999	127621799	0.000843291152259268	Plasma	scATAC (nonmalignant)
Chr8	127621799	127623599	0.0103561467205662	Plasma	scATAC (nonmalignant)
Chr8	127623599	127625399	0.00165918993989939	Plasma	scATAC (nonmalignant)
Chr8	127625399	127627199	0.00817655806577144	Plasma	scATAC (nonmalignant)
Chr8	127627199	127628999	0.00501254284150362	Plasma	scATAC (nonmalignant)
Chr8	127628999	127630799	0.0133537393846465	Plasma	scATAC (nonmalignant)
Chr8	127630799	127632599	0.00103360177094591	Plasma	scATAC (nonmalignant)
Chr8	127632599	127634399	0.00900355670435618	Plasma	scATAC (nonmalignant)
Chr8	127634399	127636199	0.00807970414692836	Plasma	scATAC (nonmalignant)
Chr8	127636199	127637999	0.0144064937265345	Plasma	scATAC (nonmalignant)
Chr8	127637999	127639799	0.00476112243644263	Plasma	scATAC (nonmalignant)
Chr8	127639799	127641599	0.00266334798529077	Plasma	scATAC (nonmalignant)
Chr8	127641599	127643399	0.00302295657583836	Plasma	scATAC (nonmalignant)
Chr8	127643399	127645199	0.00856850792295693	Plasma	scATAC (nonmalignant)
Chr8	127645199	127646999	0.0109925216350892	Plasma	scATAC (nonmalignant)
Chr8	127646999	127648799	0.00805669681371406	Plasma	scATAC (nonmalignant)
Chr8	127648799	127650599	0.0146336660221511	Plasma	scATAC (nonmalignant)
Chr8	127650599	127652399	0.00406161667417108	Plasma	scATAC (nonmalignant)
Chr8	127652399	127654199	0.0118138837554	Plasma	scATAC (nonmalignant)
Chr8	127654199	127655999	0.000482288533577692	Plasma	scATAC (nonmalignant)
Chr8	127655999	127657799	0.00422861538480239	Plasma	scATAC (nonmalignant)
Chr8	127657799	127659599	0.00358351391882477	Plasma	scATAC (nonmalignant)
Chr8	127659599	127661399	0.00477467780119444	Plasma	scATAC (nonmalignant)
Chr8	127661399	127663199	0.00618501643271552	Plasma	scATAC (nonmalignant)
Chr8	127663199	127664999	0.00251716097808096	Plasma	scATAC (nonmalignant)
Chr8	127664999	127666799	0.000960546802858376	Plasma	scATAC (nonmalignant)
Chr8	127666799	127668599	0.00338688198062716	Plasma	scATAC (nonmalignant)
Chr8	127668599	127670399	0.00136503925586386	Plasma	scATAC (nonmalignant)
Chr8	127670399	127672199	0.00154247330312196	Plasma	scATAC (nonmalignant)
Chr8	127672199	127673999	0.00202620480067762	Plasma	scATAC (nonmalignant)
Chr8	127673999	127675799	0.0018274347782757	Plasma	scATAC (nonmalignant)
Chr8	127675799	127677599	0.00434662252162986	Plasma	scATAC (nonmalignant)
Chr8	127677599	127679399	0.00411103982770906	Plasma	scATAC (nonmalignant)
Chr8	127679399	127681199	0.00396891542777472	Plasma	scATAC (nonmalignant)
Chr8	127681199	127682999	0.0103525177502784	Plasma	scATAC (nonmalignant)
Chr8	127682999	127684799	0.00192807435218042	Plasma	scATAC (nonmalignant)
Chr8	127684799	127686599	0.00345789592061327	Plasma	scATAC (nonmalignant)
Chr8	127686599	127688399	0.00845995535570854	Plasma	scATAC (nonmalignant)
Chr8	127688399	127690199	0.00597302115682993	Plasma	scATAC (nonmalignant)
Chr8	127690199	127691999	0.00936182544284762	Plasma	scATAC (nonmalignant)
Chr8	127691999	127693799	0.00122167347728378	Plasma	scATAC (nonmalignant)
Chr8	127693799	127695599	0.00232616758317472	Plasma	scATAC (nonmalignant)
Chr8	127695599	127697399	0.00551880674220636	Plasma	scATAC (nonmalignant)
Chr8	127697399	127699199	0.00228174361520921	Plasma	scATAC (nonmalignant)
Chr8	127699199	127700999	0.00447478993206488	Plasma	scATAC (nonmalignant)
Chr8	127700999	127702799	0.00712403069224758	Plasma	scATAC (nonmalignant)
Chr8	127702799	127704599	0.00172195949048055	Plasma	scATAC (nonmalignant)
Chr8	127704599	127706399	0.00229074916555484	Plasma	scATAC (nonmalignant)
Chr8	127706399	127708199	0.00627912728387095	Plasma	scATAC (nonmalignant)
Chr8	127708199	127709999	0.00237445664021376	Plasma	scATAC (nonmalignant)
Chr8	127709999	127711799	0.00448221080212831	Plasma	scATAC (nonmalignant)
Chr8	127711799	127713599	0.00776884748824391	Plasma	scATAC (nonmalignant)
Chr8	127713599	127715399	0.0115781635074405	Plasma	scATAC (nonmalignant)
Chr8	127715399	127717199	0.0169247104975158	Plasma	scATAC (nonmalignant)
Chr8	127717199	127718999	0.0240776205363734	Plasma	scATAC (nonmalignant)
Chr8	127718999	127720799	0.0365541125867719	Plasma	scATAC (nonmalignant)
Chr8	127720799	127722599	0.0467984913347483	Plasma	scATAC (nonmalignant)
Chr8	127722599	127724399	0.0661468413117164	Plasma	scATAC (nonmalignant)
Chr8	127724399	127726199	0.0906763460451917	Plasma	scATAC (nonmalignant)
Chr8	127726199	127727999	0.131588337137269	Plasma	scATAC (nonmalignant)
Chr8	127727999	127729799	0.148859071477004	Plasma	scATAC (nonmalignant)
Chr8	127729799	127731599	0.189308697618311	Plasma	scATAC (nonmalignant)
Chr8	127731599	127733399	0.206116548151304	Plasma	scATAC (nonmalignant)
Chr8	127733399	127735199	0.216271792088421	Plasma	scATAC (nonmalignant)
Chr8	127735199	127736999	0.226218532647286	Plasma	scATAC (nonmalignant)
Chr8	127736999	127738799	0.214690324151097	Plasma	scATAC (nonmalignant)
Chr8	127738799	127740599	0.201188558913229	Plasma	scATAC (nonmalignant)
Chr8	127740599	127742399	0.179127738857972	Plasma	scATAC (nonmalignant)
Chr8	127742399	127744199	0.149909585366532	Plasma	scATAC (nonmalignant)
Chr8	127744199	127745999	0.123141842721448	Plasma	scATAC (nonmalignant)
Chr8	127745999	127747799	0.0932078170116821	Plasma	scATAC (nonmalignant)
Chr8	127747799	127749599	0.0657600599777705	Plasma	scATAC (nonmalignant)
Chr8	127749599	127751399	0.0505474953860496	Plasma	scATAC (nonmalignant)
Chr8	127751399	127753199	0.0391573704169435	Plasma	scATAC (nonmalignant)
Chr8	127753199	127754999	0.0171573315946535	Plasma	scATAC (nonmalignant)
Chr8	127394999	127396799	0.00291640508763475	B cell	scATAC (nonmalignant)
Chr8	127396799	127398599	0.00118311329768935	B cell	scATAC (nonmalignant)
Chr8	127398599	127400399	0.00632515529169865	B cell	scATAC (nonmalignant)
Chr8	127400399	127402199	0.00815781842460908	B cell	scATAC (nonmalignant)
Chr8	127402199	127403999	0.00439500139322198	B cell	scATAC (nonmalignant)
Chr8	127403999	127405799	0.0148230664382754	B cell	scATAC (nonmalignant)
Chr8	127405799	127407599	0.0193686521973858	B cell	scATAC (nonmalignant)
Chr8	127407599	127409399	0.031760963534384	B cell	scATAC (nonmalignant)
Chr8	127409399	127411199	0.0337173390866343	B cell	scATAC (nonmalignant)
Chr8	127411199	127412999	0.029950344109089	B cell	scATAC (nonmalignant)
Chr8	127412999	127414799	0.018781822974368	B cell	scATAC (nonmalignant)
Chr8	127414799	127416599	0.0126433799336064	B cell	scATAC (nonmalignant)
Chr8	127416599	127418399	0.00475285787428629	B cell	scATAC (nonmalignant)
Chr8	127418399	127420199	0.00454753981779913	B cell	scATAC (nonmalignant)
Chr8	127420199	127421999	0.00374875861973605	B cell	scATAC (nonmalignant)
Chr8	127421999	127423799	0.00164724908350155	B cell	scATAC (nonmalignant)
Chr8	127423799	127425599	0.00180763046761185	B cell	scATAC (nonmalignant)
Chr8	127425599	127427399	0.000776214931545223	B cell	scATAC (nonmalignant)
Chr8	127427399	127429199	0.00695456551129005	B cell	scATAC (nonmalignant)
Chr8	127429199	127430999	0.00686597212969333	B cell	scATAC (nonmalignant)
Chr8	127430999	127432799	0.00432574852076527	B cell	scATAC (nonmalignant)
Chr8	127432799	127434599	0.00651254424439507	B cell	scATAC (nonmalignant)
Chr8	127434599	127436399	0.00446710380245165	B cell	scATAC (nonmalignant)
Chr8	127436399	127438199	0.00440188330644368	B cell	scATAC (nonmalignant)
Chr8	127438199	127439999	0.00208309723089851	B cell	scATAC (nonmalignant)
Chr8	127439999	127441799	0.000203145796703025	B cell	scATAC (nonmalignant)
Chr8	127441799	127443599	0.000717948273484244	B cell	scATAC (nonmalignant)
Chr8	127443599	127445399	0.000487556919502792	B cell	scATAC (nonmalignant)
Chr8	127445399	127447199	0.000832148436539809	B cell	scATAC (nonmalignant)
Chr8	127447199	127448999	0.00738155551699339	B cell	scATAC (nonmalignant)
Chr8	127448999	127450799	0.00773004766745324	B cell	scATAC (nonmalignant)
Chr8	127450799	127452599	0.0068546351784576	B cell	scATAC (nonmalignant)
Chr8	127452599	127454399	0.00153438478999132	B cell	scATAC (nonmalignant)
Chr8	127454399	127456199	0.000890748192288041	B cell	scATAC (nonmalignant)
Chr8	127456199	127457999	0.00420432776989467	B cell	scATAC (nonmalignant)
Chr8	127457999	127459799	0.00351927331674545	B cell	scATAC (nonmalignant)
Chr8	127459799	127461599	0.00190174267386392	B cell	scATAC (nonmalignant)
Chr8	127461599	127463399	0.00306423726601806	B cell	scATAC (nonmalignant)
Chr8	127463399	127465199	0.00423805049098446	B cell	scATAC (nonmalignant)
Chr8	127465199	127466999	0.00725628736905069	B cell	scATAC (nonmalignant)
Chr8	127466999	127468799	0.00520219407355818	B cell	scATAC (nonmalignant)
Chr8	127468799	127470599	0.000123295650483323	B cell	scATAC (nonmalignant)
Chr8	127470599	127472399	0.0043110016544402	B cell	scATAC (nonmalignant)
Chr8	127472399	127474199	0.003541434050129	B cell	scATAC (nonmalignant)
Chr8	127474199	127475999	0.0031828404902695	B cell	scATAC (nonmalignant)
Chr8	127475999	127477799	0.00454375997608369	B cell	scATAC (nonmalignant)
Chr8	127477799	127479599	0.00291366224474871	B cell	scATAC (nonmalignant)
Chr8	127479599	127481399	0.000405488741265571	B cell	scATAC (nonmalignant)
Chr8	127481399	127483199	0.000218227452173972	B cell	scATAC (nonmalignant)
Chr8	127483199	127484999	0.00137693070690761	B cell	scATAC (nonmalignant)
Chr8	127484999	127486799	0.00517383379864124	B cell	scATAC (nonmalignant)
Chr8	127486799	127488599	0.00222006677337495	B cell	scATAC (nonmalignant)
Chr8	127488599	127490399	0.00671194700033732	B cell	scATAC (nonmalignant)
Chr8	127490399	127492199	0.000816898187374249	B cell	scATAC (nonmalignant)
Chr8	127492199	127493999	0.0012459935180457	B cell	scATAC (nonmalignant)
Chr8	127493999	127495799	0.00331235370661487	B cell	scATAC (nonmalignant)
Chr8	127495799	127497599	0.00321985378937458	B cell	scATAC (nonmalignant)
Chr8	127497599	127499399	0.00425963980892798	B cell	scATAC (nonmalignant)
Chr8	127499399	127501199	0.00362362685606218	B cell	scATAC (nonmalignant)
Chr8	127501199	127502999	0.000690077787384059	B cell	scATAC (nonmalignant)
Chr8	127502999	127504799	0.00172853654866129	B cell	scATAC (nonmalignant)
Chr8	127504799	127506599	0.00203940915144849	B cell	scATAC (nonmalignant)
Chr8	127506599	127508399	0.00271191796985404	B cell	scATAC (nonmalignant)
Chr8	127508399	127510199	0.0111699013904867	B cell	scATAC (nonmalignant)
Chr8	127510199	127511999	0.00658810067371229	B cell	scATAC (nonmalignant)
Chr8	127511999	127513799	0.00210941963903193	B cell	scATAC (nonmalignant)
Chr8	127513799	127515599	0.00371259494401198	B cell	scATAC (nonmalignant)
Chr8	127515599	127517399	0.00123274194196544	B cell	scATAC (nonmalignant)
Chr8	127517399	127519199	0.00267382943678847	B cell	scATAC (nonmalignant)
Chr8	127519199	127520999	0.0068777196699065	B cell	scATAC (nonmalignant)
Chr8	127520999	127522799	0.00205391920914223	B cell	scATAC (nonmalignant)
Chr8	127522799	127524599	0.0053605467225037	B cell	scATAC (nonmalignant)
Chr8	127524599	127526399	0.00472096728786858	B cell	scATAC (nonmalignant)
Chr8	127526399	127528199	0.00330297453430065	B cell	scATAC (nonmalignant)
Chr8	127528199	127529999	0.00231612608922144	B cell	scATAC (nonmalignant)
Chr8	127529999	127531799	0.00416748603678442	B cell	scATAC (nonmalignant)
Chr8	127531799	127533599	0.00828054415971843	B cell	scATAC (nonmalignant)
Chr8	127533599	127535399	0.00121473509172705	B cell	scATAC (nonmalignant)
Chr8	127535399	127537199	0.00367414656830365	B cell	scATAC (nonmalignant)
Chr8	127537199	127538999	0.00144025034000572	B cell	scATAC (nonmalignant)
Chr8	127538999	127540799	0.0125993260079524	B cell	scATAC (nonmalignant)
Chr8	127540799	127542599	0.0027962035869258	B cell	scATAC (nonmalignant)
Chr8	127542599	127544399	0.00185387558850118	B cell	scATAC (nonmalignant)
Chr8	127544399	127546199	0.00123175315374276	B cell	scATAC (nonmalignant)
Chr8	127546199	127547999	0.00534266788924327	B cell	scATAC (nonmalignant)
Chr8	127547999	127549799	0.000944298168668046	B cell	scATAC (nonmalignant)
Chr8	127549799	127551599	0.00350050522929032	B cell	scATAC (nonmalignant)
Chr8	127551599	127553399	0.000274359392411634	B cell	scATAC (nonmalignant)
Chr8	127553399	127555199	2.36203608820981e-05	B cell	scATAC (nonmalignant)
Chr8	127555199	127556999	0.00256872146798494	B cell	scATAC (nonmalignant)
Chr8	127556999	127558799	0.00116041401513551	B cell	scATAC (nonmalignant)
Chr8	127558799	127560599	0.00251901690338275	B cell	scATAC (nonmalignant)
Chr8	127560599	127562399	0.00465573514931788	B cell	scATAC (nonmalignant)
Chr8	127562399	127564199	0.00433341442105986	B cell	scATAC (nonmalignant)
Chr8	127564199	127565999	0.0080753833424958	B cell	scATAC (nonmalignant)
Chr8	127565999	127567799	0.00207427375647698	B cell	scATAC (nonmalignant)
Chr8	127567799	127569599	0.0014793971445064	B cell	scATAC (nonmalignant)
Chr8	127569599	127571399	0.0025070695860752	B cell	scATAC (nonmalignant)
Chr8	127571399	127573199	0.000841981823960807	B cell	scATAC (nonmalignant)
Chr8	127573199	127574999	0.00742252547902153	B cell	scATAC (nonmalignant)
Chr8	127574999	127576799	0.00467582368058024	B cell	scATAC (nonmalignant)
Chr8	127576799	127578599	0.00659161632614836	B cell	scATAC (nonmalignant)
Chr8	127578599	127580399	0.0042176132266131	B cell	scATAC (nonmalignant)
Chr8	127580399	127582199	0.000901185319953153	B cell	scATAC (nonmalignant)
Chr8	127582199	127583999	0.0073675859692763	B cell	scATAC (nonmalignant)
Chr8	127583999	127585799	0.00148427555123795	B cell	scATAC (nonmalignant)
Chr8	127585799	127587599	0.0024180316273914	B cell	scATAC (nonmalignant)
Chr8	127587599	127589399	0.000342332295472161	B cell	scATAC (nonmalignant)
Chr8	127589399	127591199	0.00144416073027399	B cell	scATAC (nonmalignant)
Chr8	127591199	127592999	0.00657390687816586	B cell	scATAC (nonmalignant)
Chr8	127592999	127594799	0.00147786343608899	B cell	scATAC (nonmalignant)
Chr8	127594799	127596599	0.000322892179099064	B cell	scATAC (nonmalignant)
Chr8	127596599	127598399	0.00388141095242039	B cell	scATAC (nonmalignant)
Chr8	127598399	127600199	0.00539805310166844	B cell	scATAC (nonmalignant)
Chr8	127600199	127601999	0.00296074603907059	B cell	scATAC (nonmalignant)
Chr8	127601999	127603799	0.00163381332095288	B cell	scATAC (nonmalignant)
Chr8	127603799	127605599	0.0114792805363461	B cell	scATAC (nonmalignant)
Chr8	127605599	127607399	0.00201464359360653	B cell	scATAC (nonmalignant)
Chr8	127607399	127609199	0.00562951724392572	B cell	scATAC (nonmalignant)
Chr8	127609199	127610999	0.00531546368717015	B cell	scATAC (nonmalignant)
Chr8	127610999	127612799	0.00578196674072805	B cell	scATAC (nonmalignant)
Chr8	127612799	127614599	0.00477335502840054	B cell	scATAC (nonmalignant)
Chr8	127614599	127616399	0.00321178441436335	B cell	scATAC (nonmalignant)
Chr8	127616399	127618199	0.000648457545471213	B cell	scATAC (nonmalignant)
Chr8	127618199	127619999	0.00147914585347934	B cell	scATAC (nonmalignant)
Chr8	127619999	127621799	0.00412449759009215	B cell	scATAC (nonmalignant)
Chr8	127621799	127623599	0.00574415625007625	B cell	scATAC (nonmalignant)
Chr8	127623599	127625399	0.00792786970381287	B cell	scATAC (nonmalignant)
Chr8	127625399	127627199	0.000664230464224982	B cell	scATAC (nonmalignant)
Chr8	127627199	127628999	0.0005944986556365	B cell	scATAC (nonmalignant)
Chr8	127628999	127630799	0.000597133475119159	B cell	scATAC (nonmalignant)
Chr8	127630799	127632599	0.000967470461865719	B cell	scATAC (nonmalignant)
Chr8	127632599	127634399	0.00734736220314878	B cell	scATAC (nonmalignant)
Chr8	127634399	127636199	0.0108019891389737	B cell	scATAC (nonmalignant)
Chr8	127636199	127637999	0.0115484557276079	B cell	scATAC (nonmalignant)
Chr8	127637999	127639799	0.00492293285988363	B cell	scATAC (nonmalignant)
Chr8	127639799	127641599	0.00755386826787691	B cell	scATAC (nonmalignant)
Chr8	127641599	127643399	0.000222538768807845	B cell	scATAC (nonmalignant)
Chr8	127643399	127645199	0.00576740507459885	B cell	scATAC (nonmalignant)
Chr8	127645199	127646999	0.0114707156881143	B cell	scATAC (nonmalignant)
Chr8	127646999	127648799	0.00269335699290306	B cell	scATAC (nonmalignant)
Chr8	127648799	127650599	0.000731787307517181	B cell	scATAC (nonmalignant)
Chr8	127650599	127652399	0.00489609308955897	B cell	scATAC (nonmalignant)
Chr8	127652399	127654199	0.00915586415803135	B cell	scATAC (nonmalignant)
Chr8	127654199	127655999	0.00935017999098688	B cell	scATAC (nonmalignant)
Chr8	127655999	127657799	0.00751510195854441	B cell	scATAC (nonmalignant)
Chr8	127657799	127659599	0.0115915927116685	B cell	scATAC (nonmalignant)
Chr8	127659599	127661399	0.00628141105791245	B cell	scATAC (nonmalignant)
Chr8	127661399	127663199	0.00469251756506769	B cell	scATAC (nonmalignant)
Chr8	127663199	127664999	0.00263390019281995	B cell	scATAC (nonmalignant)
Chr8	127664999	127666799	0.00866639026415504	B cell	scATAC (nonmalignant)
Chr8	127666799	127668599	0.00539364190156864	B cell	scATAC (nonmalignant)
Chr8	127668599	127670399	0.00184869785789047	B cell	scATAC (nonmalignant)
Chr8	127670399	127672199	0.0070931207085104	B cell	scATAC (nonmalignant)
Chr8	127672199	127673999	0.00480257691429381	B cell	scATAC (nonmalignant)
Chr8	127673999	127675799	0.0022228629847089	B cell	scATAC (nonmalignant)
Chr8	127675799	127677599	0.00460115713364108	B cell	scATAC (nonmalignant)
Chr8	127677599	127679399	0.00124207988174724	B cell	scATAC (nonmalignant)
Chr8	127679399	127681199	0.00129058888507081	B cell	scATAC (nonmalignant)
Chr8	127681199	127682999	0.0115030657553878	B cell	scATAC (nonmalignant)
Chr8	127682999	127684799	0.000312676138362886	B cell	scATAC (nonmalignant)
Chr8	127684799	127686599	0.00115556982310482	B cell	scATAC (nonmalignant)
Chr8	127686599	127688399	0.00758804251128026	B cell	scATAC (nonmalignant)
Chr8	127688399	127690199	0.00249371450791313	B cell	scATAC (nonmalignant)
Chr8	127690199	127691999	2.12644544463105e-05	B cell	scATAC (nonmalignant)
Chr8	127691999	127693799	0.0017975825760868	B cell	scATAC (nonmalignant)
Chr8	127693799	127695599	0.0104148344182154	B cell	scATAC (nonmalignant)
Chr8	127695599	127697399	0.00704019231518445	B cell	scATAC (nonmalignant)
Chr8	127697399	127699199	0.00608934291631981	B cell	scATAC (nonmalignant)
Chr8	127699199	127700999	0.00360930523220734	B cell	scATAC (nonmalignant)
Chr8	127700999	127702799	0.0010094970023005	B cell	scATAC (nonmalignant)
Chr8	127702799	127704599	0.000481122747800232	B cell	scATAC (nonmalignant)
Chr8	127704599	127706399	0.0101767047866536	B cell	scATAC (nonmalignant)
Chr8	127706399	127708199	0.00891910858532259	B cell	scATAC (nonmalignant)
Chr8	127708199	127709999	0.000441893214683873	B cell	scATAC (nonmalignant)
Chr8	127709999	127711799	0.0064109975418641	B cell	scATAC (nonmalignant)
Chr8	127711799	127713599	0.00859892795089591	B cell	scATAC (nonmalignant)
Chr8	127713599	127715399	0.00263195018862977	B cell	scATAC (nonmalignant)
Chr8	127715399	127717199	0.00549625843310272	B cell	scATAC (nonmalignant)
Chr8	127717199	127718999	0.00861987002023994	B cell	scATAC (nonmalignant)
Chr8	127718999	127720799	0.0206677144993576	B cell	scATAC (nonmalignant)
Chr8	127720799	127722599	0.0277967148636036	B cell	scATAC (nonmalignant)
Chr8	127722599	127724399	0.0403673896659463	B cell	scATAC (nonmalignant)
Chr8	127724399	127726199	0.0681548738937438	B cell	scATAC (nonmalignant)
Chr8	127726199	127727999	0.0835382831410224	B cell	scATAC (nonmalignant)
Chr8	127727999	127729799	0.11198934302327	B cell	scATAC (nonmalignant)
Chr8	127729799	127731599	0.136374565137056	B cell	scATAC (nonmalignant)
Chr8	127731599	127733399	0.163410813889163	B cell	scATAC (nonmalignant)
Chr8	127733399	127735199	0.175167655215494	B cell	scATAC (nonmalignant)
Chr8	127735199	127736999	0.180396421462099	B cell	scATAC (nonmalignant)
Chr8	127736999	127738799	0.175528896422518	B cell	scATAC (nonmalignant)
Chr8	127738799	127740599	0.160039247483586	B cell	scATAC (nonmalignant)
Chr8	127740599	127742399	0.134572768789801	B cell	scATAC (nonmalignant)
Chr8	127742399	127744199	0.109424744689976	B cell	scATAC (nonmalignant)
Chr8	127744199	127745999	0.084562131846367	B cell	scATAC (nonmalignant)
Chr8	127745999	127747799	0.0536441197945791	B cell	scATAC (nonmalignant)
Chr8	127747799	127749599	0.0356787190815245	B cell	scATAC (nonmalignant)
Chr8	127749599	127751399	0.0241006341126321	B cell	scATAC (nonmalignant)
Chr8	127751399	127753199	0.0175201290316829	B cell	scATAC (nonmalignant)
Chr8	127753199	127754999	0.00650770323964089	B cell	scATAC (nonmalignant)
Chr8	127394999	127396799	0.00153175507043949	T/NK	scATAC (nonmalignant)
Chr8	127396799	127398599	0.00770282471950278	T/NK	scATAC (nonmalignant)
Chr8	127398599	127400399	0.00477443074147865	T/NK	scATAC (nonmalignant)
Chr8	127400399	127402199	0.00928035994528289	T/NK	scATAC (nonmalignant)
Chr8	127402199	127403999	0.0154807661433177	T/NK	scATAC (nonmalignant)
Chr8	127403999	127405799	0.0173624133941799	T/NK	scATAC (nonmalignant)
Chr8	127405799	127407599	0.0279567053561128	T/NK	scATAC (nonmalignant)
Chr8	127407599	127409399	0.0375908898282876	T/NK	scATAC (nonmalignant)
Chr8	127409399	127411199	0.0360215792673171	T/NK	scATAC (nonmalignant)
Chr8	127411199	127412999	0.036721203984815	T/NK	scATAC (nonmalignant)
Chr8	127412999	127414799	0.0324978051924134	T/NK	scATAC (nonmalignant)
Chr8	127414799	127416599	0.0153175419149842	T/NK	scATAC (nonmalignant)
Chr8	127416599	127418399	0.00670055029215496	T/NK	scATAC (nonmalignant)
Chr8	127418399	127420199	0.00416348637600498	T/NK	scATAC (nonmalignant)
Chr8	127420199	127421999	0.00519711245677195	T/NK	scATAC (nonmalignant)
Chr8	127421999	127423799	0.00291399876026935	T/NK	scATAC (nonmalignant)
Chr8	127423799	127425599	0.00234358988998819	T/NK	scATAC (nonmalignant)
Chr8	127425599	127427399	0.000997595669481915	T/NK	scATAC (nonmalignant)
Chr8	127427399	127429199	0.000270935502609346	T/NK	scATAC (nonmalignant)
Chr8	127429199	127430999	0.000335796835720492	T/NK	scATAC (nonmalignant)
Chr8	127430999	127432799	0.00685311660239324	T/NK	scATAC (nonmalignant)
Chr8	127432799	127434599	0.008563078554359	T/NK	scATAC (nonmalignant)
Chr8	127434599	127436399	0.00770385925612974	T/NK	scATAC (nonmalignant)
Chr8	127436399	127438199	0.00714278427349909	T/NK	scATAC (nonmalignant)
Chr8	127438199	127439999	0.00598149248611406	T/NK	scATAC (nonmalignant)
Chr8	127439999	127441799	0.00440151692833591	T/NK	scATAC (nonmalignant)
Chr8	127441799	127443599	0.0084104121965177	T/NK	scATAC (nonmalignant)
Chr8	127443599	127445399	0.00849442247920753	T/NK	scATAC (nonmalignant)
Chr8	127445399	127447199	0.000774808046189153	T/NK	scATAC (nonmalignant)
Chr8	127447199	127448999	0.00637000484199214	T/NK	scATAC (nonmalignant)
Chr8	127448999	127450799	0.00290972739367348	T/NK	scATAC (nonmalignant)
Chr8	127450799	127452599	0.002153303400249	T/NK	scATAC (nonmalignant)
Chr8	127452599	127454399	0.00152223497114632	T/NK	scATAC (nonmalignant)
Chr8	127454399	127456199	0.00167630849825883	T/NK	scATAC (nonmalignant)
Chr8	127456199	127457999	0.0114212910981737	T/NK	scATAC (nonmalignant)
Chr8	127457999	127459799	0.00439476790772505	T/NK	scATAC (nonmalignant)
Chr8	127459799	127461599	0.00490529603881661	T/NK	scATAC (nonmalignant)
Chr8	127461599	127463399	0.00371357799560761	T/NK	scATAC (nonmalignant)
Chr8	127463399	127465199	0.000502837927290218	T/NK	scATAC (nonmalignant)
Chr8	127465199	127466999	0.000845101040722207	T/NK	scATAC (nonmalignant)
Chr8	127466999	127468799	0.0017165327615448	T/NK	scATAC (nonmalignant)
Chr8	127468799	127470599	0.00515958160122849	T/NK	scATAC (nonmalignant)
Chr8	127470599	127472399	0.00807903816723426	T/NK	scATAC (nonmalignant)
Chr8	127472399	127474199	0.0102971769732982	T/NK	scATAC (nonmalignant)
Chr8	127474199	127475999	0.00355730614496019	T/NK	scATAC (nonmalignant)
Chr8	127475999	127477799	0.00098754919837037	T/NK	scATAC (nonmalignant)
Chr8	127477799	127479599	0.00779991360601739	T/NK	scATAC (nonmalignant)
Chr8	127479599	127481399	0.00196016924002623	T/NK	scATAC (nonmalignant)
Chr8	127481399	127483199	0.000522160093405037	T/NK	scATAC (nonmalignant)
Chr8	127483199	127484999	0.00151992976750644	T/NK	scATAC (nonmalignant)
Chr8	127484999	127486799	0.00185732116762031	T/NK	scATAC (nonmalignant)
Chr8	127486799	127488599	0.0064440447471936	T/NK	scATAC (nonmalignant)
Chr8	127488599	127490399	0.000841620799435756	T/NK	scATAC (nonmalignant)
Chr8	127490399	127492199	0.00396757004421601	T/NK	scATAC (nonmalignant)
Chr8	127492199	127493999	0.00718326906044082	T/NK	scATAC (nonmalignant)
Chr8	127493999	127495799	0.0140460138023716	T/NK	scATAC (nonmalignant)
Chr8	127495799	127497599	0.00122775597596412	T/NK	scATAC (nonmalignant)
Chr8	127497599	127499399	0.00213775986651849	T/NK	scATAC (nonmalignant)
Chr8	127499399	127501199	0.00163936214538807	T/NK	scATAC (nonmalignant)
Chr8	127501199	127502999	0.00122175090861652	T/NK	scATAC (nonmalignant)
Chr8	127502999	127504799	0.00470121819187983	T/NK	scATAC (nonmalignant)
Chr8	127504799	127506599	0.000684626111775139	T/NK	scATAC (nonmalignant)
Chr8	127506599	127508399	0.00927121719597815	T/NK	scATAC (nonmalignant)
Chr8	127508399	127510199	0.00821869225772434	T/NK	scATAC (nonmalignant)
Chr8	127510199	127511999	0.000715117528966117	T/NK	scATAC (nonmalignant)
Chr8	127511999	127513799	0.00262095828896677	T/NK	scATAC (nonmalignant)
Chr8	127513799	127515599	0.00394659077235998	T/NK	scATAC (nonmalignant)
Chr8	127515599	127517399	0.00480720486794518	T/NK	scATAC (nonmalignant)
Chr8	127517399	127519199	0.00646754456906746	T/NK	scATAC (nonmalignant)
Chr8	127519199	127520999	0.00678022969519594	T/NK	scATAC (nonmalignant)
Chr8	127520999	127522799	0.00425995363604887	T/NK	scATAC (nonmalignant)
Chr8	127522799	127524599	0.00551455865370821	T/NK	scATAC (nonmalignant)
Chr8	127524599	127526399	0.00421457389077342	T/NK	scATAC (nonmalignant)
Chr8	127526399	127528199	0.00202437217833815	T/NK	scATAC (nonmalignant)
Chr8	127528199	127529999	0.00172315170294495	T/NK	scATAC (nonmalignant)
Chr8	127529999	127531799	0.000579463639283021	T/NK	scATAC (nonmalignant)
Chr8	127531799	127533599	0.000113384041339303	T/NK	scATAC (nonmalignant)
Chr8	127533599	127535399	0.00905193824538334	T/NK	scATAC (nonmalignant)
Chr8	127535399	127537199	0.000924702493857961	T/NK	scATAC (nonmalignant)
Chr8	127537199	127538999	0.00213950374655983	T/NK	scATAC (nonmalignant)
Chr8	127538999	127540799	0.00507415040401945	T/NK	scATAC (nonmalignant)
Chr8	127540799	127542599	0.00416087772114486	T/NK	scATAC (nonmalignant)
Chr8	127542599	127544399	0.00736392559976353	T/NK	scATAC (nonmalignant)
Chr8	127544399	127546199	0.00226866694343001	T/NK	scATAC (nonmalignant)
Chr8	127546199	127547999	0.00331563548761625	T/NK	scATAC (nonmalignant)
Chr8	127547999	127549799	0.00357694735562258	T/NK	scATAC (nonmalignant)
Chr8	127549799	127551599	0.0101038218649798	T/NK	scATAC (nonmalignant)
Chr8	127551599	127553399	0.00961245945050848	T/NK	scATAC (nonmalignant)
Chr8	127553399	127555199	0.00268956821232236	T/NK	scATAC (nonmalignant)
Chr8	127555199	127556999	0.00560530526976686	T/NK	scATAC (nonmalignant)
Chr8	127556999	127558799	0.00375981072530787	T/NK	scATAC (nonmalignant)
Chr8	127558799	127560599	0.00202796074930651	T/NK	scATAC (nonmalignant)
Chr8	127560599	127562399	0.000871679797239643	T/NK	scATAC (nonmalignant)
Chr8	127562399	127564199	0.00498648957956775	T/NK	scATAC (nonmalignant)
Chr8	127564199	127565999	0.0025380613470517	T/NK	scATAC (nonmalignant)
Chr8	127565999	127567799	0.00484764402563662	T/NK	scATAC (nonmalignant)
Chr8	127567799	127569599	0.00106800651608567	T/NK	scATAC (nonmalignant)
Chr8	127569599	127571399	0.00311905706386921	T/NK	scATAC (nonmalignant)
Chr8	127571399	127573199	0.0016514035796066	T/NK	scATAC (nonmalignant)
Chr8	127573199	127574999	0.00650443320532167	T/NK	scATAC (nonmalignant)
Chr8	127574999	127576799	0.00224569905626194	T/NK	scATAC (nonmalignant)
Chr8	127576799	127578599	0.000117447489805409	T/NK	scATAC (nonmalignant)
Chr8	127578599	127580399	0.00164304405261423	T/NK	scATAC (nonmalignant)
Chr8	127580399	127582199	0.00329259234784634	T/NK	scATAC (nonmalignant)
Chr8	127582199	127583999	0.00346950593782486	T/NK	scATAC (nonmalignant)
Chr8	127583999	127585799	0.00510057402270886	T/NK	scATAC (nonmalignant)
Chr8	127585799	127587599	0.00550294206579232	T/NK	scATAC (nonmalignant)
Chr8	127587599	127589399	0.00809060831935191	T/NK	scATAC (nonmalignant)
Chr8	127589399	127591199	0.0107339987899806	T/NK	scATAC (nonmalignant)
Chr8	127591199	127592999	0.00358917943807254	T/NK	scATAC (nonmalignant)
Chr8	127592999	127594799	0.00449134601708643	T/NK	scATAC (nonmalignant)
Chr8	127594799	127596599	0.0057503598359269	T/NK	scATAC (nonmalignant)
Chr8	127596599	127598399	0.00520349685288861	T/NK	scATAC (nonmalignant)
Chr8	127598399	127600199	0.000314580668146926	T/NK	scATAC (nonmalignant)
Chr8	127600199	127601999	0.0068886557457254	T/NK	scATAC (nonmalignant)
Chr8	127601999	127603799	0.00311596020957764	T/NK	scATAC (nonmalignant)
Chr8	127603799	127605599	0.00347659253160127	T/NK	scATAC (nonmalignant)
Chr8	127605599	127607399	0.00173680030132091	T/NK	scATAC (nonmalignant)
Chr8	127607399	127609199	0.00830467431786565	T/NK	scATAC (nonmalignant)
Chr8	127609199	127610999	0.00612705036367491	T/NK	scATAC (nonmalignant)
Chr8	127610999	127612799	0.00524556362302564	T/NK	scATAC (nonmalignant)
Chr8	127612799	127614599	0.000352125922062722	T/NK	scATAC (nonmalignant)
Chr8	127614599	127616399	0.00170585995598865	T/NK	scATAC (nonmalignant)
Chr8	127616399	127618199	0.00228473409871829	T/NK	scATAC (nonmalignant)
Chr8	127618199	127619999	0.0018120649937293	T/NK	scATAC (nonmalignant)
Chr8	127619999	127621799	0.00215444897471916	T/NK	scATAC (nonmalignant)
Chr8	127621799	127623599	0.0164096587084702	T/NK	scATAC (nonmalignant)
Chr8	127623599	127625399	0.000397957412061055	T/NK	scATAC (nonmalignant)
Chr8	127625399	127627199	0.00141694564599853	T/NK	scATAC (nonmalignant)
Chr8	127627199	127628999	0.00569000293771823	T/NK	scATAC (nonmalignant)
Chr8	127628999	127630799	0.00279167402808748	T/NK	scATAC (nonmalignant)
Chr8	127630799	127632599	0.00727391853889397	T/NK	scATAC (nonmalignant)
Chr8	127632599	127634399	0.00459985131714888	T/NK	scATAC (nonmalignant)
Chr8	127634399	127636199	0.0122930742615115	T/NK	scATAC (nonmalignant)
Chr8	127636199	127637999	0.00678745806111266	T/NK	scATAC (nonmalignant)
Chr8	127637999	127639799	0.00366563981612443	T/NK	scATAC (nonmalignant)
Chr8	127639799	127641599	0.00192407966794201	T/NK	scATAC (nonmalignant)
Chr8	127641599	127643399	0.00463865158542612	T/NK	scATAC (nonmalignant)
Chr8	127643399	127645199	0.00619694742656134	T/NK	scATAC (nonmalignant)
Chr8	127645199	127646999	0.00868277116178081	T/NK	scATAC (nonmalignant)
Chr8	127646999	127648799	0.00234664040234728	T/NK	scATAC (nonmalignant)
Chr8	127648799	127650599	0.00135472232378574	T/NK	scATAC (nonmalignant)
Chr8	127650599	127652399	0.00334731888282157	T/NK	scATAC (nonmalignant)
Chr8	127652399	127654199	0.00273219642523574	T/NK	scATAC (nonmalignant)
Chr8	127654199	127655999	0.00147688748896923	T/NK	scATAC (nonmalignant)
Chr8	127655999	127657799	0.0056940614481312	T/NK	scATAC (nonmalignant)
Chr8	127657799	127659599	0.00645113101729033	T/NK	scATAC (nonmalignant)
Chr8	127659599	127661399	0.0111492187510216	T/NK	scATAC (nonmalignant)
Chr8	127661399	127663199	0.00642151239300389	T/NK	scATAC (nonmalignant)
Chr8	127663199	127664999	0.00706594007254701	T/NK	scATAC (nonmalignant)
Chr8	127664999	127666799	0.00349210453315884	T/NK	scATAC (nonmalignant)
Chr8	127666799	127668599	0.00411625048692765	T/NK	scATAC (nonmalignant)
Chr8	127668599	127670399	0.00573744613139101	T/NK	scATAC (nonmalignant)
Chr8	127670399	127672199	0.000149349775939585	T/NK	scATAC (nonmalignant)
Chr8	127672199	127673999	0.000259356374122464	T/NK	scATAC (nonmalignant)
Chr8	127673999	127675799	0.00145350381578632	T/NK	scATAC (nonmalignant)
Chr8	127675799	127677599	0.000310944500220762	T/NK	scATAC (nonmalignant)
Chr8	127677599	127679399	0.0053586421610441	T/NK	scATAC (nonmalignant)
Chr8	127679399	127681199	0.00584195508334221	T/NK	scATAC (nonmalignant)
Chr8	127681199	127682999	0.000982719923911652	T/NK	scATAC (nonmalignant)
Chr8	127682999	127684799	0.00616283005278288	T/NK	scATAC (nonmalignant)
Chr8	127684799	127686599	0.00837912912614295	T/NK	scATAC (nonmalignant)
Chr8	127686599	127688399	0.000749092984487204	T/NK	scATAC (nonmalignant)
Chr8	127688399	127690199	0.00552523552237029	T/NK	scATAC (nonmalignant)
Chr8	127690199	127691999	0.000831300461822956	T/NK	scATAC (nonmalignant)
Chr8	127691999	127693799	0.00811634694827607	T/NK	scATAC (nonmalignant)
Chr8	127693799	127695599	0.00272047561937104	T/NK	scATAC (nonmalignant)
Chr8	127695599	127697399	0.00216026808644269	T/NK	scATAC (nonmalignant)
Chr8	127697399	127699199	0.00869031082628957	T/NK	scATAC (nonmalignant)
Chr8	127699199	127700999	0.00665077944155189	T/NK	scATAC (nonmalignant)
Chr8	127700999	127702799	0.00413400005557145	T/NK	scATAC (nonmalignant)
Chr8	127702799	127704599	0.00375411749555486	T/NK	scATAC (nonmalignant)
Chr8	127704599	127706399	0.01070868672599	T/NK	scATAC (nonmalignant)
Chr8	127706399	127708199	0.00191890882738389	T/NK	scATAC (nonmalignant)
Chr8	127708199	127709999	0.00144479219177027	T/NK	scATAC (nonmalignant)
Chr8	127709999	127711799	0.00515430390032884	T/NK	scATAC (nonmalignant)
Chr8	127711799	127713599	0.00401469616478611	T/NK	scATAC (nonmalignant)
Chr8	127713599	127715399	0.00351954970771881	T/NK	scATAC (nonmalignant)
Chr8	127715399	127717199	0.0100387935045288	T/NK	scATAC (nonmalignant)
Chr8	127717199	127718999	0.013576994450906	T/NK	scATAC (nonmalignant)
Chr8	127718999	127720799	0.0182497297453619	T/NK	scATAC (nonmalignant)
Chr8	127720799	127722599	0.0362732762347578	T/NK	scATAC (nonmalignant)
Chr8	127722599	127724399	0.0407074026828972	T/NK	scATAC (nonmalignant)
Chr8	127724399	127726199	0.0617596662762582	T/NK	scATAC (nonmalignant)
Chr8	127726199	127727999	0.0845858022271197	T/NK	scATAC (nonmalignant)
Chr8	127727999	127729799	0.104893115720771	T/NK	scATAC (nonmalignant)
Chr8	127729799	127731599	0.125756800391522	T/NK	scATAC (nonmalignant)
Chr8	127731599	127733399	0.150820551192409	T/NK	scATAC (nonmalignant)
Chr8	127733399	127735199	0.163967691819948	T/NK	scATAC (nonmalignant)
Chr8	127735199	127736999	0.162728159922453	T/NK	scATAC (nonmalignant)
Chr8	127736999	127738799	0.160578458038839	T/NK	scATAC (nonmalignant)
Chr8	127738799	127740599	0.143564273985071	T/NK	scATAC (nonmalignant)
Chr8	127740599	127742399	0.124080829506721	T/NK	scATAC (nonmalignant)
Chr8	127742399	127744199	0.0997725445708461	T/NK	scATAC (nonmalignant)
Chr8	127744199	127745999	0.080832672350416	T/NK	scATAC (nonmalignant)
Chr8	127745999	127747799	0.0573825923902115	T/NK	scATAC (nonmalignant)
Chr8	127747799	127749599	0.0444708993380321	T/NK	scATAC (nonmalignant)
Chr8	127749599	127751399	0.0263348092413979	T/NK	scATAC (nonmalignant)
Chr8	127751399	127753199	0.015278441165048	T/NK	scATAC (nonmalignant)
Chr8	127753199	127754999	0.0114649996088265	T/NK	scATAC (nonmalignant)
Chr8	127394999	127396799	0.00480976375778012	Stromal	scATAC (nonmalignant)
Chr8	127396799	127398599	0.00265581975183426	Stromal	scATAC (nonmalignant)
Chr8	127398599	127400399	0.00486890094266589	Stromal	scATAC (nonmalignant)
Chr8	127400399	127402199	0.0178327013930217	Stromal	scATAC (nonmalignant)
Chr8	127402199	127403999	0.0200036175247492	Stromal	scATAC (nonmalignant)
Chr8	127403999	127405799	0.028014679196185	Stromal	scATAC (nonmalignant)
Chr8	127405799	127407599	0.0412967034655836	Stromal	scATAC (nonmalignant)
Chr8	127407599	127409399	0.0571403354083694	Stromal	scATAC (nonmalignant)
Chr8	127409399	127411199	0.0563014834426389	Stromal	scATAC (nonmalignant)
Chr8	127411199	127412999	0.050936154136268	Stromal	scATAC (nonmalignant)
Chr8	127412999	127414799	0.0407371181175594	Stromal	scATAC (nonmalignant)
Chr8	127414799	127416599	0.032838401715162	Stromal	scATAC (nonmalignant)
Chr8	127416599	127418399	0.0157630220313277	Stromal	scATAC (nonmalignant)
Chr8	127418399	127420199	0.0076307754916574	Stromal	scATAC (nonmalignant)
Chr8	127420199	127421999	0.0061089029613245	Stromal	scATAC (nonmalignant)
Chr8	127421999	127423799	0.0074334829830176	Stromal	scATAC (nonmalignant)
Chr8	127423799	127425599	0.00219793673106007	Stromal	scATAC (nonmalignant)
Chr8	127425599	127427399	0.000534672828149994	Stromal	scATAC (nonmalignant)
Chr8	127427399	127429199	0.00567610632954241	Stromal	scATAC (nonmalignant)
Chr8	127429199	127430999	0.00233353532581705	Stromal	scATAC (nonmalignant)
Chr8	127430999	127432799	0.00352674285962404	Stromal	scATAC (nonmalignant)
Chr8	127432799	127434599	0.00673230361499777	Stromal	scATAC (nonmalignant)
Chr8	127434599	127436399	0.00803088247119888	Stromal	scATAC (nonmalignant)
Chr8	127436399	127438199	0.0148901782514582	Stromal	scATAC (nonmalignant)
Chr8	127438199	127439999	0.00444640403631189	Stromal	scATAC (nonmalignant)
Chr8	127439999	127441799	0.0018206114047966	Stromal	scATAC (nonmalignant)
Chr8	127441799	127443599	0.000273095533153444	Stromal	scATAC (nonmalignant)
Chr8	127443599	127445399	0.00294687585346298	Stromal	scATAC (nonmalignant)
Chr8	127445399	127447199	0.000251128679558757	Stromal	scATAC (nonmalignant)
Chr8	127447199	127448999	0.0130879142137464	Stromal	scATAC (nonmalignant)
Chr8	127448999	127450799	0.00313574109818003	Stromal	scATAC (nonmalignant)
Chr8	127450799	127452599	0.00413613729125612	Stromal	scATAC (nonmalignant)
Chr8	127452599	127454399	0.00252030129069177	Stromal	scATAC (nonmalignant)
Chr8	127454399	127456199	0.00197294756191501	Stromal	scATAC (nonmalignant)
Chr8	127456199	127457999	0.0017896902947476	Stromal	scATAC (nonmalignant)
Chr8	127457999	127459799	0.000576881935589714	Stromal	scATAC (nonmalignant)
Chr8	127459799	127461599	0.00340267074057677	Stromal	scATAC (nonmalignant)
Chr8	127461599	127463399	0.00188925949138907	Stromal	scATAC (nonmalignant)
Chr8	127463399	127465199	0.00193130814621222	Stromal	scATAC (nonmalignant)
Chr8	127465199	127466999	0.00274776529102539	Stromal	scATAC (nonmalignant)
Chr8	127466999	127468799	0.00306660067687516	Stromal	scATAC (nonmalignant)
Chr8	127468799	127470599	0.00397856900055619	Stromal	scATAC (nonmalignant)
Chr8	127470599	127472399	0.00745406991042274	Stromal	scATAC (nonmalignant)
Chr8	127472399	127474199	0.0038495130648019	Stromal	scATAC (nonmalignant)
Chr8	127474199	127475999	0.00812723745621787	Stromal	scATAC (nonmalignant)
Chr8	127475999	127477799	0.00451833424599002	Stromal	scATAC (nonmalignant)
Chr8	127477799	127479599	0.00469119853504897	Stromal	scATAC (nonmalignant)
Chr8	127479599	127481399	0.00431664374113052	Stromal	scATAC (nonmalignant)
Chr8	127481399	127483199	6.02717251846965e-05	Stromal	scATAC (nonmalignant)
Chr8	127483199	127484999	0.00509034745428068	Stromal	scATAC (nonmalignant)
Chr8	127484999	127486799	0.00652435723810814	Stromal	scATAC (nonmalignant)
Chr8	127486799	127488599	0.00453921237515849	Stromal	scATAC (nonmalignant)
Chr8	127488599	127490399	0.000226232773857237	Stromal	scATAC (nonmalignant)
Chr8	127490399	127492199	0.00795880819583627	Stromal	scATAC (nonmalignant)
Chr8	127492199	127493999	0.000732466138128492	Stromal	scATAC (nonmalignant)
Chr8	127493999	127495799	0.00231646302768091	Stromal	scATAC (nonmalignant)
Chr8	127495799	127497599	0.00118330977924693	Stromal	scATAC (nonmalignant)
Chr8	127497599	127499399	0.00332105199528292	Stromal	scATAC (nonmalignant)
Chr8	127499399	127501199	0.00314997550791275	Stromal	scATAC (nonmalignant)
Chr8	127501199	127502999	0.00109920762661469	Stromal	scATAC (nonmalignant)
Chr8	127502999	127504799	7.28202357729278e-06	Stromal	scATAC (nonmalignant)
Chr8	127504799	127506599	0.00225254153662991	Stromal	scATAC (nonmalignant)
Chr8	127506599	127508399	0.0020904854034357	Stromal	scATAC (nonmalignant)
Chr8	127508399	127510199	0.0016914678648881	Stromal	scATAC (nonmalignant)
Chr8	127510199	127511999	0.00196591407942911	Stromal	scATAC (nonmalignant)
Chr8	127511999	127513799	0.00177230973136245	Stromal	scATAC (nonmalignant)
Chr8	127513799	127515599	0.00603336148140101	Stromal	scATAC (nonmalignant)
Chr8	127515599	127517399	0.00206110226630581	Stromal	scATAC (nonmalignant)
Chr8	127517399	127519199	0.00193314174668278	Stromal	scATAC (nonmalignant)
Chr8	127519199	127520999	0.00309909421910205	Stromal	scATAC (nonmalignant)
Chr8	127520999	127522799	0.00540604496423921	Stromal	scATAC (nonmalignant)
Chr8	127522799	127524599	0.00839454480687473	Stromal	scATAC (nonmalignant)
Chr8	127524599	127526399	0.00720345266398815	Stromal	scATAC (nonmalignant)
Chr8	127526399	127528199	0.00711491107681261	Stromal	scATAC (nonmalignant)
Chr8	127528199	127529999	0.00569190236026691	Stromal	scATAC (nonmalignant)
Chr8	127529999	127531799	0.00780008732660496	Stromal	scATAC (nonmalignant)
Chr8	127531799	127533599	0.00234129652256398	Stromal	scATAC (nonmalignant)
Chr8	127533599	127535399	0.00233678392483943	Stromal	scATAC (nonmalignant)
Chr8	127535399	127537199	0.00073458817852776	Stromal	scATAC (nonmalignant)
Chr8	127537199	127538999	0.00812291071341357	Stromal	scATAC (nonmalignant)
Chr8	127538999	127540799	0.00212022704724109	Stromal	scATAC (nonmalignant)
Chr8	127540799	127542599	0.00280444432418446	Stromal	scATAC (nonmalignant)
Chr8	127542599	127544399	0.00114915887538222	Stromal	scATAC (nonmalignant)
Chr8	127544399	127546199	0.00497498735503907	Stromal	scATAC (nonmalignant)
Chr8	127546199	127547999	0.0033483053904644	Stromal	scATAC (nonmalignant)
Chr8	127547999	127549799	0.000356024224329824	Stromal	scATAC (nonmalignant)
Chr8	127549799	127551599	0.00591906751946226	Stromal	scATAC (nonmalignant)
Chr8	127551599	127553399	0.00488316653649475	Stromal	scATAC (nonmalignant)
Chr8	127553399	127555199	0.00934961832869944	Stromal	scATAC (nonmalignant)
Chr8	127555199	127556999	0.00287949160062716	Stromal	scATAC (nonmalignant)
Chr8	127556999	127558799	0.00509547460958713	Stromal	scATAC (nonmalignant)
Chr8	127558799	127560599	0.00324829949827512	Stromal	scATAC (nonmalignant)
Chr8	127560599	127562399	0.00766966535351593	Stromal	scATAC (nonmalignant)
Chr8	127562399	127564199	0.000538935579800044	Stromal	scATAC (nonmalignant)
Chr8	127564199	127565999	0.000847676655285142	Stromal	scATAC (nonmalignant)
Chr8	127565999	127567799	0.00504129366037946	Stromal	scATAC (nonmalignant)
Chr8	127567799	127569599	0.00588581504220043	Stromal	scATAC (nonmalignant)
Chr8	127569599	127571399	0.00418838329539548	Stromal	scATAC (nonmalignant)
Chr8	127571399	127573199	0.00334642127572921	Stromal	scATAC (nonmalignant)
Chr8	127573199	127574999	0.00121829886931128	Stromal	scATAC (nonmalignant)
Chr8	127574999	127576799	0.00564667957399058	Stromal	scATAC (nonmalignant)
Chr8	127576799	127578599	0.000207951885846169	Stromal	scATAC (nonmalignant)
Chr8	127578599	127580399	0.00457030161733786	Stromal	scATAC (nonmalignant)
Chr8	127580399	127582199	0.00216495542293585	Stromal	scATAC (nonmalignant)
Chr8	127582199	127583999	0.00468306904417582	Stromal	scATAC (nonmalignant)
Chr8	127583999	127585799	0.00291373242981449	Stromal	scATAC (nonmalignant)
Chr8	127585799	127587599	0.000453268425374193	Stromal	scATAC (nonmalignant)
Chr8	127587599	127589399	0.00978718047345885	Stromal	scATAC (nonmalignant)
Chr8	127589399	127591199	0.00421693703569037	Stromal	scATAC (nonmalignant)
Chr8	127591199	127592999	0.000578684612819141	Stromal	scATAC (nonmalignant)
Chr8	127592999	127594799	0.000259394923010046	Stromal	scATAC (nonmalignant)
Chr8	127594799	127596599	0.00279927797722737	Stromal	scATAC (nonmalignant)
Chr8	127596599	127598399	0.00019605813158791	Stromal	scATAC (nonmalignant)
Chr8	127598399	127600199	0.00286897725734758	Stromal	scATAC (nonmalignant)
Chr8	127600199	127601999	0.00861335904115947	Stromal	scATAC (nonmalignant)
Chr8	127601999	127603799	0.00762562450882987	Stromal	scATAC (nonmalignant)
Chr8	127603799	127605599	0.00017599480551222	Stromal	scATAC (nonmalignant)
Chr8	127605599	127607399	0.000936583382834904	Stromal	scATAC (nonmalignant)
Chr8	127607399	127609199	0.00301114881198942	Stromal	scATAC (nonmalignant)
Chr8	127609199	127610999	0.00200630516869527	Stromal	scATAC (nonmalignant)
Chr8	127610999	127612799	0.0115450427313423	Stromal	scATAC (nonmalignant)
Chr8	127612799	127614599	0.00334457689516438	Stromal	scATAC (nonmalignant)
Chr8	127614599	127616399	0.00737761076617687	Stromal	scATAC (nonmalignant)
Chr8	127616399	127618199	0.00406590172190004	Stromal	scATAC (nonmalignant)
Chr8	127618199	127619999	0.0040427837864209	Stromal	scATAC (nonmalignant)
Chr8	127619999	127621799	0.00563409064693296	Stromal	scATAC (nonmalignant)
Chr8	127621799	127623599	0.00410781840371116	Stromal	scATAC (nonmalignant)
Chr8	127623599	127625399	0.0043260173589355	Stromal	scATAC (nonmalignant)
Chr8	127625399	127627199	0.000396576747486607	Stromal	scATAC (nonmalignant)
Chr8	127627199	127628999	0.00253012628305984	Stromal	scATAC (nonmalignant)
Chr8	127628999	127630799	0.0143650038157303	Stromal	scATAC (nonmalignant)
Chr8	127630799	127632599	0.000641123157396354	Stromal	scATAC (nonmalignant)
Chr8	127632599	127634399	0.00115425354552944	Stromal	scATAC (nonmalignant)
Chr8	127634399	127636199	0.000386092951566446	Stromal	scATAC (nonmalignant)
Chr8	127636199	127637999	0.00252948546382564	Stromal	scATAC (nonmalignant)
Chr8	127637999	127639799	0.00838436551957639	Stromal	scATAC (nonmalignant)
Chr8	127639799	127641599	0.00802831254343294	Stromal	scATAC (nonmalignant)
Chr8	127641599	127643399	0.00456364166583472	Stromal	scATAC (nonmalignant)
Chr8	127643399	127645199	0.00417044425051635	Stromal	scATAC (nonmalignant)
Chr8	127645199	127646999	0.0039121350372875	Stromal	scATAC (nonmalignant)
Chr8	127646999	127648799	0.00638553562807206	Stromal	scATAC (nonmalignant)
Chr8	127648799	127650599	0.00554170208784343	Stromal	scATAC (nonmalignant)
Chr8	127650599	127652399	0.00331577020884159	Stromal	scATAC (nonmalignant)
Chr8	127652399	127654199	0.00254490647514635	Stromal	scATAC (nonmalignant)
Chr8	127654199	127655999	0.00346733551233339	Stromal	scATAC (nonmalignant)
Chr8	127655999	127657799	0.000348722190100693	Stromal	scATAC (nonmalignant)
Chr8	127657799	127659599	0.00631787793640119	Stromal	scATAC (nonmalignant)
Chr8	127659599	127661399	0.00118851252626595	Stromal	scATAC (nonmalignant)
Chr8	127661399	127663199	0.0044222829541359	Stromal	scATAC (nonmalignant)
Chr8	127663199	127664999	0.00588738139322058	Stromal	scATAC (nonmalignant)
Chr8	127664999	127666799	0.0045091276292733	Stromal	scATAC (nonmalignant)
Chr8	127666799	127668599	0.00230956842326325	Stromal	scATAC (nonmalignant)
Chr8	127668599	127670399	0.000815991974688947	Stromal	scATAC (nonmalignant)
Chr8	127670399	127672199	0.00563765479886163	Stromal	scATAC (nonmalignant)
Chr8	127672199	127673999	0.00433377981211769	Stromal	scATAC (nonmalignant)
Chr8	127673999	127675799	0.0044863805230984	Stromal	scATAC (nonmalignant)
Chr8	127675799	127677599	0.00131722305373371	Stromal	scATAC (nonmalignant)
Chr8	127677599	127679399	0.00450604842571904	Stromal	scATAC (nonmalignant)
Chr8	127679399	127681199	0.0111437626548452	Stromal	scATAC (nonmalignant)
Chr8	127681199	127682999	0.00887487386236051	Stromal	scATAC (nonmalignant)
Chr8	127682999	127684799	0.00164824579455249	Stromal	scATAC (nonmalignant)
Chr8	127684799	127686599	0.0084051454152201	Stromal	scATAC (nonmalignant)
Chr8	127686599	127688399	0.00194598444063901	Stromal	scATAC (nonmalignant)
Chr8	127688399	127690199	0.0057472695657254	Stromal	scATAC (nonmalignant)
Chr8	127690199	127691999	0.0048605689206065	Stromal	scATAC (nonmalignant)
Chr8	127691999	127693799	0.0016294602506455	Stromal	scATAC (nonmalignant)
Chr8	127693799	127695599	0.00492889204413387	Stromal	scATAC (nonmalignant)
Chr8	127695599	127697399	0.0105127836515349	Stromal	scATAC (nonmalignant)
Chr8	127697399	127699199	0.00443204477708037	Stromal	scATAC (nonmalignant)
Chr8	127699199	127700999	0.00327382189856253	Stromal	scATAC (nonmalignant)
Chr8	127700999	127702799	0.00337802692352233	Stromal	scATAC (nonmalignant)
Chr8	127702799	127704599	0.00690364433060032	Stromal	scATAC (nonmalignant)
Chr8	127704599	127706399	0.00475439353550566	Stromal	scATAC (nonmalignant)
Chr8	127706399	127708199	0.00476167535901272	Stromal	scATAC (nonmalignant)
Chr8	127708199	127709999	0.00348807062972756	Stromal	scATAC (nonmalignant)
Chr8	127709999	127711799	0.00988794301442258	Stromal	scATAC (nonmalignant)
Chr8	127711799	127713599	0.00566830946802249	Stromal	scATAC (nonmalignant)
Chr8	127713599	127715399	0.00614690326261361	Stromal	scATAC (nonmalignant)
Chr8	127715399	127717199	0.0122549683645068	Stromal	scATAC (nonmalignant)
Chr8	127717199	127718999	0.0225995394968948	Stromal	scATAC (nonmalignant)
Chr8	127718999	127720799	0.0221321014267518	Stromal	scATAC (nonmalignant)
Chr8	127720799	127722599	0.0309095720359814	Stromal	scATAC (nonmalignant)
Chr8	127722599	127724399	0.0426869051549309	Stromal	scATAC (nonmalignant)
Chr8	127724399	127726199	0.0589180664789898	Stromal	scATAC (nonmalignant)
Chr8	127726199	127727999	0.0769446351833391	Stromal	scATAC (nonmalignant)
Chr8	127727999	127729799	0.102989478561081	Stromal	scATAC (nonmalignant)
Chr8	127729799	127731599	0.125823046277205	Stromal	scATAC (nonmalignant)
Chr8	127731599	127733399	0.129930065355325	Stromal	scATAC (nonmalignant)
Chr8	127733399	127735199	0.141341937222713	Stromal	scATAC (nonmalignant)
Chr8	127735199	127736999	0.142700362110637	Stromal	scATAC (nonmalignant)
Chr8	127736999	127738799	0.139233830478852	Stromal	scATAC (nonmalignant)
Chr8	127738799	127740599	0.126436580484721	Stromal	scATAC (nonmalignant)
Chr8	127740599	127742399	0.11428285700074	Stromal	scATAC (nonmalignant)
Chr8	127742399	127744199	0.0940319124302292	Stromal	scATAC (nonmalignant)
Chr8	127744199	127745999	0.0740092654224341	Stromal	scATAC (nonmalignant)
Chr8	127745999	127747799	0.057526141451056	Stromal	scATAC (nonmalignant)
Chr8	127747799	127749599	0.0484665405462951	Stromal	scATAC (nonmalignant)
Chr8	127749599	127751399	0.0299957324225191	Stromal	scATAC (nonmalignant)
Chr8	127751399	127753199	0.0270625489364203	Stromal	scATAC (nonmalignant)
Chr8	127753199	127754999	0.0176804884270603	Stromal	scATAC (nonmalignant)
Chr8	127394999	127396799	0.0025538121028789	Myeloid	scATAC (nonmalignant)
Chr8	127396799	127398599	0.00343006540340978	Myeloid	scATAC (nonmalignant)
Chr8	127398599	127400399	0.0110822362914518	Myeloid	scATAC (nonmalignant)
Chr8	127400399	127402199	0.00755028797662085	Myeloid	scATAC (nonmalignant)
Chr8	127402199	127403999	0.0152885540359409	Myeloid	scATAC (nonmalignant)
Chr8	127403999	127405799	0.0245780458249168	Myeloid	scATAC (nonmalignant)
Chr8	127405799	127407599	0.0371274757717184	Myeloid	scATAC (nonmalignant)
Chr8	127407599	127409399	0.0440543015154872	Myeloid	scATAC (nonmalignant)
Chr8	127409399	127411199	0.0488474503446685	Myeloid	scATAC (nonmalignant)
Chr8	127411199	127412999	0.0404866667366329	Myeloid	scATAC (nonmalignant)
Chr8	127412999	127414799	0.0296724136256679	Myeloid	scATAC (nonmalignant)
Chr8	127414799	127416599	0.01730939964687	Myeloid	scATAC (nonmalignant)
Chr8	127416599	127418399	0.0086962340237274	Myeloid	scATAC (nonmalignant)
Chr8	127418399	127420199	0.018978261178006	Myeloid	scATAC (nonmalignant)
Chr8	127420199	127421999	0.00265379648432148	Myeloid	scATAC (nonmalignant)
Chr8	127421999	127423799	0.00381262565754912	Myeloid	scATAC (nonmalignant)
Chr8	127423799	127425599	9.16171318444735e-05	Myeloid	scATAC (nonmalignant)
Chr8	127425599	127427399	0.00684928643467391	Myeloid	scATAC (nonmalignant)
Chr8	127427399	127429199	0.000779892636145666	Myeloid	scATAC (nonmalignant)
Chr8	127429199	127430999	0.0033403045479319	Myeloid	scATAC (nonmalignant)
Chr8	127430999	127432799	0.002294130177039	Myeloid	scATAC (nonmalignant)
Chr8	127432799	127434599	0.00150230369220697	Myeloid	scATAC (nonmalignant)
Chr8	127434599	127436399	0.00459677349743672	Myeloid	scATAC (nonmalignant)
Chr8	127436399	127438199	0.0024467240763199	Myeloid	scATAC (nonmalignant)
Chr8	127438199	127439999	0.0015244171086496	Myeloid	scATAC (nonmalignant)
Chr8	127439999	127441799	0.00314635469446542	Myeloid	scATAC (nonmalignant)
Chr8	127441799	127443599	0.00390756321250928	Myeloid	scATAC (nonmalignant)
Chr8	127443599	127445399	0.0100554551093574	Myeloid	scATAC (nonmalignant)
Chr8	127445399	127447199	0.00336870394742923	Myeloid	scATAC (nonmalignant)
Chr8	127447199	127448999	0.00465502973139347	Myeloid	scATAC (nonmalignant)
Chr8	127448999	127450799	0.000191165301473394	Myeloid	scATAC (nonmalignant)
Chr8	127450799	127452599	0.00762957487432837	Myeloid	scATAC (nonmalignant)
Chr8	127452599	127454399	0.00327008723504916	Myeloid	scATAC (nonmalignant)
Chr8	127454399	127456199	0.00295454595400508	Myeloid	scATAC (nonmalignant)
Chr8	127456199	127457999	0.0101076924854752	Myeloid	scATAC (nonmalignant)
Chr8	127457999	127459799	0.00487899031132334	Myeloid	scATAC (nonmalignant)
Chr8	127459799	127461599	0.00302828738297433	Myeloid	scATAC (nonmalignant)
Chr8	127461599	127463399	0.00729844444251437	Myeloid	scATAC (nonmalignant)
Chr8	127463399	127465199	0.00129849301051155	Myeloid	scATAC (nonmalignant)
Chr8	127465199	127466999	0.00224818437388508	Myeloid	scATAC (nonmalignant)
Chr8	127466999	127468799	0.00269782335183374	Myeloid	scATAC (nonmalignant)
Chr8	127468799	127470599	0.0015015478989804	Myeloid	scATAC (nonmalignant)
Chr8	127470599	127472399	0.00337302426435088	Myeloid	scATAC (nonmalignant)
Chr8	127472399	127474199	0.00471746749997964	Myeloid	scATAC (nonmalignant)
Chr8	127474199	127475999	0.00325180109478078	Myeloid	scATAC (nonmalignant)
Chr8	127475999	127477799	0.00344010805299573	Myeloid	scATAC (nonmalignant)
Chr8	127477799	127479599	0.00060834368084138	Myeloid	scATAC (nonmalignant)
Chr8	127479599	127481399	0.0015164760781607	Myeloid	scATAC (nonmalignant)
Chr8	127481399	127483199	0.00180466975002667	Myeloid	scATAC (nonmalignant)
Chr8	127483199	127484999	0.00739479015341698	Myeloid	scATAC (nonmalignant)
Chr8	127484999	127486799	0.00453378856926373	Myeloid	scATAC (nonmalignant)
Chr8	127486799	127488599	0.00884269885765419	Myeloid	scATAC (nonmalignant)
Chr8	127488599	127490399	0.00143444271206789	Myeloid	scATAC (nonmalignant)
Chr8	127490399	127492199	0.00742608349576623	Myeloid	scATAC (nonmalignant)
Chr8	127492199	127493999	0.000887662625036248	Myeloid	scATAC (nonmalignant)
Chr8	127493999	127495799	0.00146093996328866	Myeloid	scATAC (nonmalignant)
Chr8	127495799	127497599	0.00770502419426024	Myeloid	scATAC (nonmalignant)
Chr8	127497599	127499399	0.00179732656520232	Myeloid	scATAC (nonmalignant)
Chr8	127499399	127501199	0.0044920608895325	Myeloid	scATAC (nonmalignant)
Chr8	127501199	127502999	0.00433671737209226	Myeloid	scATAC (nonmalignant)
Chr8	127502999	127504799	0.00534219394717803	Myeloid	scATAC (nonmalignant)
Chr8	127504799	127506599	0.00657038893747044	Myeloid	scATAC (nonmalignant)
Chr8	127506599	127508399	0.00585181584878495	Myeloid	scATAC (nonmalignant)
Chr8	127508399	127510199	0.00194095340411864	Myeloid	scATAC (nonmalignant)
Chr8	127510199	127511999	0.00675485572759347	Myeloid	scATAC (nonmalignant)
Chr8	127511999	127513799	0.00242584312605023	Myeloid	scATAC (nonmalignant)
Chr8	127513799	127515599	0.000426109919677075	Myeloid	scATAC (nonmalignant)
Chr8	127515599	127517399	0.0085808338623365	Myeloid	scATAC (nonmalignant)
Chr8	127517399	127519199	0.00474427151768708	Myeloid	scATAC (nonmalignant)
Chr8	127519199	127520999	0.00791901392537454	Myeloid	scATAC (nonmalignant)
Chr8	127520999	127522799	0.00386749015625629	Myeloid	scATAC (nonmalignant)
Chr8	127522799	127524599	0.00346418055376258	Myeloid	scATAC (nonmalignant)
Chr8	127524599	127526399	0.0159325661995356	Myeloid	scATAC (nonmalignant)
Chr8	127526399	127528199	0.000328035124737851	Myeloid	scATAC (nonmalignant)
Chr8	127528199	127529999	2.05255105980441e-05	Myeloid	scATAC (nonmalignant)
Chr8	127529999	127531799	0.00781042346840813	Myeloid	scATAC (nonmalignant)
Chr8	127531799	127533599	7.2914356166372e-05	Myeloid	scATAC (nonmalignant)
Chr8	127533599	127535399	0.00058404772492204	Myeloid	scATAC (nonmalignant)
Chr8	127535399	127537199	0.00128845456664509	Myeloid	scATAC (nonmalignant)
Chr8	127537199	127538999	0.00155958125982862	Myeloid	scATAC (nonmalignant)
Chr8	127538999	127540799	0.00192021110309686	Myeloid	scATAC (nonmalignant)
Chr8	127540799	127542599	0.0101567507864225	Myeloid	scATAC (nonmalignant)
Chr8	127542599	127544399	0.00226437803732398	Myeloid	scATAC (nonmalignant)
Chr8	127544399	127546199	0.00206617258414456	Myeloid	scATAC (nonmalignant)
Chr8	127546199	127547999	0.00157199838051505	Myeloid	scATAC (nonmalignant)
Chr8	127547999	127549799	0.00192792425972946	Myeloid	scATAC (nonmalignant)
Chr8	127549799	127551599	0.00716802603589861	Myeloid	scATAC (nonmalignant)
Chr8	127551599	127553399	0.00271371847370249	Myeloid	scATAC (nonmalignant)
Chr8	127553399	127555199	0.0025934795992874	Myeloid	scATAC (nonmalignant)
Chr8	127555199	127556999	0.0053692109193815	Myeloid	scATAC (nonmalignant)
Chr8	127556999	127558799	0.00326282158703684	Myeloid	scATAC (nonmalignant)
Chr8	127558799	127560599	0.00409007306606068	Myeloid	scATAC (nonmalignant)
Chr8	127560599	127562399	0.00316203667324238	Myeloid	scATAC (nonmalignant)
Chr8	127562399	127564199	0.00351634172138628	Myeloid	scATAC (nonmalignant)
Chr8	127564199	127565999	0.00907007079383745	Myeloid	scATAC (nonmalignant)
Chr8	127565999	127567799	0.00443587955547062	Myeloid	scATAC (nonmalignant)
Chr8	127567799	127569599	0.00418548488712016	Myeloid	scATAC (nonmalignant)
Chr8	127569599	127571399	0.00408504356267053	Myeloid	scATAC (nonmalignant)
Chr8	127571399	127573199	0.00523220433209907	Myeloid	scATAC (nonmalignant)
Chr8	127573199	127574999	0.00308296989271536	Myeloid	scATAC (nonmalignant)
Chr8	127574999	127576799	0.00391085261033188	Myeloid	scATAC (nonmalignant)
Chr8	127576799	127578599	0.00227986782099534	Myeloid	scATAC (nonmalignant)
Chr8	127578599	127580399	0.00688854418590366	Myeloid	scATAC (nonmalignant)
Chr8	127580399	127582199	0.00481946828362373	Myeloid	scATAC (nonmalignant)
Chr8	127582199	127583999	0.00116291820170567	Myeloid	scATAC (nonmalignant)
Chr8	127583999	127585799	0.00928519471208187	Myeloid	scATAC (nonmalignant)
Chr8	127585799	127587599	0.00379742550158921	Myeloid	scATAC (nonmalignant)
Chr8	127587599	127589399	0.00468109036774484	Myeloid	scATAC (nonmalignant)
Chr8	127589399	127591199	0.00256211815637484	Myeloid	scATAC (nonmalignant)
Chr8	127591199	127592999	0.00337700056110024	Myeloid	scATAC (nonmalignant)
Chr8	127592999	127594799	0.00320237300635104	Myeloid	scATAC (nonmalignant)
Chr8	127594799	127596599	0.000445122415675142	Myeloid	scATAC (nonmalignant)
Chr8	127596599	127598399	0.00530197379237104	Myeloid	scATAC (nonmalignant)
Chr8	127598399	127600199	0.000446243059212253	Myeloid	scATAC (nonmalignant)
Chr8	127600199	127601999	0.00896598562378413	Myeloid	scATAC (nonmalignant)
Chr8	127601999	127603799	0.0045510238213638	Myeloid	scATAC (nonmalignant)
Chr8	127603799	127605599	2.82237120025526e-05	Myeloid	scATAC (nonmalignant)
Chr8	127605599	127607399	0.00398294646805672	Myeloid	scATAC (nonmalignant)
Chr8	127607399	127609199	0.00279049267892679	Myeloid	scATAC (nonmalignant)
Chr8	127609199	127610999	0.00777922416379447	Myeloid	scATAC (nonmalignant)
Chr8	127610999	127612799	0.00270971792339099	Myeloid	scATAC (nonmalignant)
Chr8	127612799	127614599	0.000920712835513782	Myeloid	scATAC (nonmalignant)
Chr8	127614599	127616399	0.000525305413939853	Myeloid	scATAC (nonmalignant)
Chr8	127616399	127618199	0.00877802135801039	Myeloid	scATAC (nonmalignant)
Chr8	127618199	127619999	0.00248320974877518	Myeloid	scATAC (nonmalignant)
Chr8	127619999	127621799	0.00278564989605085	Myeloid	scATAC (nonmalignant)
Chr8	127621799	127623599	0.00320166705774654	Myeloid	scATAC (nonmalignant)
Chr8	127623599	127625399	0.00279961424225857	Myeloid	scATAC (nonmalignant)
Chr8	127625399	127627199	0.000927010197947957	Myeloid	scATAC (nonmalignant)
Chr8	127627199	127628999	0.00428970551692808	Myeloid	scATAC (nonmalignant)
Chr8	127628999	127630799	0.00305119295743293	Myeloid	scATAC (nonmalignant)
Chr8	127630799	127632599	0.000603809799369949	Myeloid	scATAC (nonmalignant)
Chr8	127632599	127634399	0.00339686740410378	Myeloid	scATAC (nonmalignant)
Chr8	127634399	127636199	0.0013529033499005	Myeloid	scATAC (nonmalignant)
Chr8	127636199	127637999	0.00350695406997396	Myeloid	scATAC (nonmalignant)
Chr8	127637999	127639799	0.00063966322911343	Myeloid	scATAC (nonmalignant)
Chr8	127639799	127641599	0.000568773609915066	Myeloid	scATAC (nonmalignant)
Chr8	127641599	127643399	0.00105838271092364	Myeloid	scATAC (nonmalignant)
Chr8	127643399	127645199	0.000555942876489733	Myeloid	scATAC (nonmalignant)
Chr8	127645199	127646999	0.00411785513863829	Myeloid	scATAC (nonmalignant)
Chr8	127646999	127648799	0.0120374883671879	Myeloid	scATAC (nonmalignant)
Chr8	127648799	127650599	0.0043075098787796	Myeloid	scATAC (nonmalignant)
Chr8	127650599	127652399	0.000191945868379944	Myeloid	scATAC (nonmalignant)
Chr8	127652399	127654199	0.00783193973166447	Myeloid	scATAC (nonmalignant)
Chr8	127654199	127655999	0.000560038317112063	Myeloid	scATAC (nonmalignant)
Chr8	127655999	127657799	2.71065141630356e-05	Myeloid	scATAC (nonmalignant)
Chr8	127657799	127659599	0.00382357117102749	Myeloid	scATAC (nonmalignant)
Chr8	127659599	127661399	0.010891170969185	Myeloid	scATAC (nonmalignant)
Chr8	127661399	127663199	0.00342487459548481	Myeloid	scATAC (nonmalignant)
Chr8	127663199	127664999	0.0111146283308674	Myeloid	scATAC (nonmalignant)
Chr8	127664999	127666799	0.00145405230028166	Myeloid	scATAC (nonmalignant)
Chr8	127666799	127668599	0.00289046954763514	Myeloid	scATAC (nonmalignant)
Chr8	127668599	127670399	0.00614513869283177	Myeloid	scATAC (nonmalignant)
Chr8	127670399	127672199	0.00567720314010524	Myeloid	scATAC (nonmalignant)
Chr8	127672199	127673999	0.00115550159720268	Myeloid	scATAC (nonmalignant)
Chr8	127673999	127675799	0.00527396040753161	Myeloid	scATAC (nonmalignant)
Chr8	127675799	127677599	0.00602312318182827	Myeloid	scATAC (nonmalignant)
Chr8	127677599	127679399	0.00910961259413178	Myeloid	scATAC (nonmalignant)
Chr8	127679399	127681199	0.00095217953560656	Myeloid	scATAC (nonmalignant)
Chr8	127681199	127682999	0.00718361407131286	Myeloid	scATAC (nonmalignant)
Chr8	127682999	127684799	0.00827974161283427	Myeloid	scATAC (nonmalignant)
Chr8	127684799	127686599	0.00193380914578896	Myeloid	scATAC (nonmalignant)
Chr8	127686599	127688399	0.00113895199075883	Myeloid	scATAC (nonmalignant)
Chr8	127688399	127690199	0.00305672551463632	Myeloid	scATAC (nonmalignant)
Chr8	127690199	127691999	0.00355515854218019	Myeloid	scATAC (nonmalignant)
Chr8	127691999	127693799	0.0039049244475081	Myeloid	scATAC (nonmalignant)
Chr8	127693799	127695599	0.00685584066717894	Myeloid	scATAC (nonmalignant)
Chr8	127695599	127697399	9.98905458417214e-05	Myeloid	scATAC (nonmalignant)
Chr8	127697399	127699199	0.00150878483335346	Myeloid	scATAC (nonmalignant)
Chr8	127699199	127700999	0.0127877183447735	Myeloid	scATAC (nonmalignant)
Chr8	127700999	127702799	0.00216742409081289	Myeloid	scATAC (nonmalignant)
Chr8	127702799	127704599	0.00509584745727316	Myeloid	scATAC (nonmalignant)
Chr8	127704599	127706399	0.00845702986802742	Myeloid	scATAC (nonmalignant)
Chr8	127706399	127708199	0.00932991389607052	Myeloid	scATAC (nonmalignant)
Chr8	127708199	127709999	0.00598250855043462	Myeloid	scATAC (nonmalignant)
Chr8	127709999	127711799	0.00429012120414661	Myeloid	scATAC (nonmalignant)
Chr8	127711799	127713599	0.007242801883113	Myeloid	scATAC (nonmalignant)
Chr8	127713599	127715399	0.00683934094988858	Myeloid	scATAC (nonmalignant)
Chr8	127715399	127717199	0.00583133139760344	Myeloid	scATAC (nonmalignant)
Chr8	127717199	127718999	0.00954901031540768	Myeloid	scATAC (nonmalignant)
Chr8	127718999	127720799	0.0122645037919698	Myeloid	scATAC (nonmalignant)
Chr8	127720799	127722599	0.0187242040115375	Myeloid	scATAC (nonmalignant)
Chr8	127722599	127724399	0.0387355560839637	Myeloid	scATAC (nonmalignant)
Chr8	127724399	127726199	0.0500607797259046	Myeloid	scATAC (nonmalignant)
Chr8	127726199	127727999	0.0714012585492005	Myeloid	scATAC (nonmalignant)
Chr8	127727999	127729799	0.0914448509770537	Myeloid	scATAC (nonmalignant)
Chr8	127729799	127731599	0.115438574089526	Myeloid	scATAC (nonmalignant)
Chr8	127731599	127733399	0.135407089593132	Myeloid	scATAC (nonmalignant)
Chr8	127733399	127735199	0.149842634462127	Myeloid	scATAC (nonmalignant)
Chr8	127735199	127736999	0.154960974025564	Myeloid	scATAC (nonmalignant)
Chr8	127736999	127738799	0.151115757497894	Myeloid	scATAC (nonmalignant)
Chr8	127738799	127740599	0.130983194325278	Myeloid	scATAC (nonmalignant)
Chr8	127740599	127742399	0.114427285900567	Myeloid	scATAC (nonmalignant)
Chr8	127742399	127744199	0.0946986255096773	Myeloid	scATAC (nonmalignant)
Chr8	127744199	127745999	0.0714987219470712	Myeloid	scATAC (nonmalignant)
Chr8	127745999	127747799	0.0485859906328325	Myeloid	scATAC (nonmalignant)
Chr8	127747799	127749599	0.0306691460023352	Myeloid	scATAC (nonmalignant)
Chr8	127749599	127751399	0.0189505525286934	Myeloid	scATAC (nonmalignant)
Chr8	127751399	127753199	0.0120591066316329	Myeloid	scATAC (nonmalignant)
Chr8	127753199	127754999	0.0107615759499966	Myeloid	scATAC (nonmalignant)
Chr8	127394999	127396799	0.00947883055824435	BLCA	scATAC (malignant)
Chr8	127396799	127398599	0.0159392511302177	BLCA	scATAC (malignant)
Chr8	127398599	127400399	0.0133370232218242	BLCA	scATAC (malignant)
Chr8	127400399	127402199	0.0300695814308756	BLCA	scATAC (malignant)
Chr8	127402199	127403999	0.0533355157292104	BLCA	scATAC (malignant)
Chr8	127403999	127405799	0.0783375228718501	BLCA	scATAC (malignant)
Chr8	127405799	127407599	0.0981947731373389	BLCA	scATAC (malignant)
Chr8	127407599	127409399	0.121775856884448	BLCA	scATAC (malignant)
Chr8	127409399	127411199	0.12023444902072	BLCA	scATAC (malignant)
Chr8	127411199	127412999	0.118179957254845	BLCA	scATAC (malignant)
Chr8	127412999	127414799	0.0973251183651505	BLCA	scATAC (malignant)
Chr8	127414799	127416599	0.0642360635267693	BLCA	scATAC (malignant)
Chr8	127416599	127418399	0.0401948671122318	BLCA	scATAC (malignant)
Chr8	127418399	127420199	0.028258857163358	BLCA	scATAC (malignant)
Chr8	127420199	127421999	0.0120437195309764	BLCA	scATAC (malignant)
Chr8	127421999	127423799	0.0137346138069754	BLCA	scATAC (malignant)
Chr8	127423799	127425599	0.0019049515157579	BLCA	scATAC (malignant)
Chr8	127425599	127427399	0.00744171327519916	BLCA	scATAC (malignant)
Chr8	127427399	127429199	0.00101539535602466	BLCA	scATAC (malignant)
Chr8	127429199	127430999	0.0124651508820624	BLCA	scATAC (malignant)
Chr8	127430999	127432799	0.00737895405736154	BLCA	scATAC (malignant)
Chr8	127432799	127434599	0.0048067409667641	BLCA	scATAC (malignant)
Chr8	127434599	127436399	0.00018080305447193	BLCA	scATAC (malignant)
Chr8	127436399	127438199	0.00452729965265753	BLCA	scATAC (malignant)
Chr8	127438199	127439999	0.00155400010496036	BLCA	scATAC (malignant)
Chr8	127439999	127441799	0.00622313169051229	BLCA	scATAC (malignant)
Chr8	127441799	127443599	0.00667493189595611	BLCA	scATAC (malignant)
Chr8	127443599	127445399	0.00252448723547793	BLCA	scATAC (malignant)
Chr8	127445399	127447199	0.00313183395654046	BLCA	scATAC (malignant)
Chr8	127447199	127448999	0.0189642058857102	BLCA	scATAC (malignant)
Chr8	127448999	127450799	0.0018675771542892	BLCA	scATAC (malignant)
Chr8	127450799	127452599	0.00719500779806932	BLCA	scATAC (malignant)
Chr8	127452599	127454399	0.0194344898739756	BLCA	scATAC (malignant)
Chr8	127454399	127456199	0.00347605200478354	BLCA	scATAC (malignant)
Chr8	127456199	127457999	0.00623630446570208	BLCA	scATAC (malignant)
Chr8	127457999	127459799	0.0027110053280844	BLCA	scATAC (malignant)
Chr8	127459799	127461599	0.0076414998583089	BLCA	scATAC (malignant)
Chr8	127461599	127463399	0.0166009598605049	BLCA	scATAC (malignant)
Chr8	127463399	127465199	0.000650040708773126	BLCA	scATAC (malignant)
Chr8	127465199	127466999	0.00574415524233639	BLCA	scATAC (malignant)
Chr8	127466999	127468799	0.00501554255916799	BLCA	scATAC (malignant)
Chr8	127468799	127470599	0.00115385738542767	BLCA	scATAC (malignant)
Chr8	127470599	127472399	0.0055868241081898	BLCA	scATAC (malignant)
Chr8	127472399	127474199	0.0113825917537751	BLCA	scATAC (malignant)
Chr8	127474199	127475999	0.00497329468514644	BLCA	scATAC (malignant)
Chr8	127475999	127477799	0.0089866562801084	BLCA	scATAC (malignant)
Chr8	127477799	127479599	0.00138684882297707	BLCA	scATAC (malignant)
Chr8	127479599	127481399	0.0151109983750034	BLCA	scATAC (malignant)
Chr8	127481399	127483199	0.0011445735367582	BLCA	scATAC (malignant)
Chr8	127483199	127484999	0.0058039267114153	BLCA	scATAC (malignant)
Chr8	127484999	127486799	0.00290054662049303	BLCA	scATAC (malignant)
Chr8	127486799	127488599	0.0107060347695867	BLCA	scATAC (malignant)
Chr8	127488599	127490399	0.00733511769943126	BLCA	scATAC (malignant)
Chr8	127490399	127492199	0.00159569116107964	BLCA	scATAC (malignant)
Chr8	127492199	127493999	0.00528692359280227	BLCA	scATAC (malignant)
Chr8	127493999	127495799	0.00989541529210205	BLCA	scATAC (malignant)
Chr8	127495799	127497599	0.00843067672787103	BLCA	scATAC (malignant)
Chr8	127497599	127499399	0.0039672297096192	BLCA	scATAC (malignant)
Chr8	127499399	127501199	0.00950465218787375	BLCA	scATAC (malignant)
Chr8	127501199	127502999	0.00140112168175318	BLCA	scATAC (malignant)
Chr8	127502999	127504799	0.00549645576821209	BLCA	scATAC (malignant)
Chr8	127504799	127506599	0.0125402630528831	BLCA	scATAC (malignant)
Chr8	127506599	127508399	0.00242720259390925	BLCA	scATAC (malignant)
Chr8	127508399	127510199	0.00264330692746901	BLCA	scATAC (malignant)
Chr8	127510199	127511999	0.00251722950159188	BLCA	scATAC (malignant)
Chr8	127511999	127513799	0.00397888883055032	BLCA	scATAC (malignant)
Chr8	127513799	127515599	0.012127970524088	BLCA	scATAC (malignant)
Chr8	127515599	127517399	0.00829388260363691	BLCA	scATAC (malignant)
Chr8	127517399	127519199	0.00109619872937586	BLCA	scATAC (malignant)
Chr8	127519199	127520999	0.000855342404220972	BLCA	scATAC (malignant)
Chr8	127520999	127522799	0.00307801013809474	BLCA	scATAC (malignant)
Chr8	127522799	127524599	0.00135400083814285	BLCA	scATAC (malignant)
Chr8	127524599	127526399	0.00622650685645326	BLCA	scATAC (malignant)
Chr8	127526399	127528199	0.0120447926387795	BLCA	scATAC (malignant)
Chr8	127528199	127529999	0.0030081063711191	BLCA	scATAC (malignant)
Chr8	127529999	127531799	0.00481666081477868	BLCA	scATAC (malignant)
Chr8	127531799	127533599	0.00460481712954491	BLCA	scATAC (malignant)
Chr8	127533599	127535399	0.00528951074864515	BLCA	scATAC (malignant)
Chr8	127535399	127537199	0.00446911685743079	BLCA	scATAC (malignant)
Chr8	127537199	127538999	0.00586794441043188	BLCA	scATAC (malignant)
Chr8	127538999	127540799	0.00176473892716127	BLCA	scATAC (malignant)
Chr8	127540799	127542599	0.000802145051763101	BLCA	scATAC (malignant)
Chr8	127542599	127544399	0.0090494331748215	BLCA	scATAC (malignant)
Chr8	127544399	127546199	0.00518597429398828	BLCA	scATAC (malignant)
Chr8	127546199	127547999	0.00709865386504791	BLCA	scATAC (malignant)
Chr8	127547999	127549799	0.0159413359726671	BLCA	scATAC (malignant)
Chr8	127549799	127551599	0.0193876095578958	BLCA	scATAC (malignant)
Chr8	127551599	127553399	0.036048035329936	BLCA	scATAC (malignant)
Chr8	127553399	127555199	0.0385288754560094	BLCA	scATAC (malignant)
Chr8	127555199	127556999	0.0536787115038094	BLCA	scATAC (malignant)
Chr8	127556999	127558799	0.0596768705599579	BLCA	scATAC (malignant)
Chr8	127558799	127560599	0.0799351483626144	BLCA	scATAC (malignant)
Chr8	127560599	127562399	0.0626882039820884	BLCA	scATAC (malignant)
Chr8	127562399	127564199	0.0603909906886593	BLCA	scATAC (malignant)
Chr8	127564199	127565999	0.0524873738025349	BLCA	scATAC (malignant)
Chr8	127565999	127567799	0.0366779760733634	BLCA	scATAC (malignant)
Chr8	127567799	127569599	0.0244761250001845	BLCA	scATAC (malignant)
Chr8	127569599	127571399	0.0132194859924634	BLCA	scATAC (malignant)
Chr8	127571399	127573199	0.0206421152068979	BLCA	scATAC (malignant)
Chr8	127573199	127574999	0.00446008343461629	BLCA	scATAC (malignant)
Chr8	127574999	127576799	0.0119731435933541	BLCA	scATAC (malignant)
Chr8	127576799	127578599	0.00162213498531095	BLCA	scATAC (malignant)
Chr8	127578599	127580399	0.0015586269399344	BLCA	scATAC (malignant)
Chr8	127580399	127582199	0.00689802961220876	BLCA	scATAC (malignant)
Chr8	127582199	127583999	0.00114690723803196	BLCA	scATAC (malignant)
Chr8	127583999	127585799	0.00200944056021793	BLCA	scATAC (malignant)
Chr8	127585799	127587599	0.0105575186543216	BLCA	scATAC (malignant)
Chr8	127587599	127589399	0.00677718377297008	BLCA	scATAC (malignant)
Chr8	127589399	127591199	0.00880715470592673	BLCA	scATAC (malignant)
Chr8	127591199	127592999	0.00343943112657557	BLCA	scATAC (malignant)
Chr8	127592999	127594799	0.00342572934940064	BLCA	scATAC (malignant)
Chr8	127594799	127596599	0.0114413664996159	BLCA	scATAC (malignant)
Chr8	127596599	127598399	0.00561628169827601	BLCA	scATAC (malignant)
Chr8	127598399	127600199	0.00581858515533248	BLCA	scATAC (malignant)
Chr8	127600199	127601999	0.00246228617520029	BLCA	scATAC (malignant)
Chr8	127601999	127603799	0.00264044602660279	BLCA	scATAC (malignant)
Chr8	127603799	127605599	0.0108513031285797	BLCA	scATAC (malignant)
Chr8	127605599	127607399	0.0038123991879414	BLCA	scATAC (malignant)
Chr8	127607399	127609199	0.000696640256856247	BLCA	scATAC (malignant)
Chr8	127609199	127610999	0.00272254282372219	BLCA	scATAC (malignant)
Chr8	127610999	127612799	0.0106895738392411	BLCA	scATAC (malignant)
Chr8	127612799	127614599	0.0094086031248694	BLCA	scATAC (malignant)
Chr8	127614599	127616399	0.00420627943206309	BLCA	scATAC (malignant)
Chr8	127616399	127618199	0.00780627134440842	BLCA	scATAC (malignant)
Chr8	127618199	127619999	0.00671914535658301	BLCA	scATAC (malignant)
Chr8	127619999	127621799	0.00287505374161312	BLCA	scATAC (malignant)
Chr8	127621799	127623599	0.00729556232435795	BLCA	scATAC (malignant)
Chr8	127623599	127625399	0.00265974660058922	BLCA	scATAC (malignant)
Chr8	127625399	127627199	0.0068624842378784	BLCA	scATAC (malignant)
Chr8	127627199	127628999	0.000364323599778046	BLCA	scATAC (malignant)
Chr8	127628999	127630799	0.00136085607354344	BLCA	scATAC (malignant)
Chr8	127630799	127632599	0.0187063755696649	BLCA	scATAC (malignant)
Chr8	127632599	127634399	0.0125675296284237	BLCA	scATAC (malignant)
Chr8	127634399	127636199	0.00530480977007555	BLCA	scATAC (malignant)
Chr8	127636199	127637999	0.00610939382897064	BLCA	scATAC (malignant)
Chr8	127637999	127639799	0.00030830611333999	BLCA	scATAC (malignant)
Chr8	127639799	127641599	0.00451627520983907	BLCA	scATAC (malignant)
Chr8	127641599	127643399	0.00299710035149567	BLCA	scATAC (malignant)
Chr8	127643399	127645199	0.00122962600353412	BLCA	scATAC (malignant)
Chr8	127645199	127646999	0.00466265218688152	BLCA	scATAC (malignant)
Chr8	127646999	127648799	0.00578189830637984	BLCA	scATAC (malignant)
Chr8	127648799	127650599	0.00626184208487085	BLCA	scATAC (malignant)
Chr8	127650599	127652399	0.0117796478359596	BLCA	scATAC (malignant)
Chr8	127652399	127654199	0.00627148703698656	BLCA	scATAC (malignant)
Chr8	127654199	127655999	0.0083055807971808	BLCA	scATAC (malignant)
Chr8	127655999	127657799	0.00750254682372037	BLCA	scATAC (malignant)
Chr8	127657799	127659599	0.00820507509403975	BLCA	scATAC (malignant)
Chr8	127659599	127661399	0.00412704597421603	BLCA	scATAC (malignant)
Chr8	127661399	127663199	0.00162048998924853	BLCA	scATAC (malignant)
Chr8	127663199	127664999	0.00402621436342905	BLCA	scATAC (malignant)
Chr8	127664999	127666799	0.00375969257779993	BLCA	scATAC (malignant)
Chr8	127666799	127668599	0.00291924294443909	BLCA	scATAC (malignant)
Chr8	127668599	127670399	0.000252679855634363	BLCA	scATAC (malignant)
Chr8	127670399	127672199	0.00352745803066839	BLCA	scATAC (malignant)
Chr8	127672199	127673999	0.00397403160453989	BLCA	scATAC (malignant)
Chr8	127673999	127675799	0.000128463179450271	BLCA	scATAC (malignant)
Chr8	127675799	127677599	0.00796267324408764	BLCA	scATAC (malignant)
Chr8	127677599	127679399	0.00321675852458715	BLCA	scATAC (malignant)
Chr8	127679399	127681199	0.00337313489361813	BLCA	scATAC (malignant)
Chr8	127681199	127682999	0.00325945470915892	BLCA	scATAC (malignant)
Chr8	127682999	127684799	0.00697025543657154	BLCA	scATAC (malignant)
Chr8	127684799	127686599	0.00247929214264186	BLCA	scATAC (malignant)
Chr8	127686599	127688399	0.00475849444456339	BLCA	scATAC (malignant)
Chr8	127688399	127690199	0.0068406764453592	BLCA	scATAC (malignant)
Chr8	127690199	127691999	0.00553390280634669	BLCA	scATAC (malignant)
Chr8	127691999	127693799	0.000727259679898037	BLCA	scATAC (malignant)
Chr8	127693799	127695599	0.00335750063342766	BLCA	scATAC (malignant)
Chr8	127695599	127697399	0.00453787709235538	BLCA	scATAC (malignant)
Chr8	127697399	127699199	0.0136336481433137	BLCA	scATAC (malignant)
Chr8	127699199	127700999	0.00618739717968888	BLCA	scATAC (malignant)
Chr8	127700999	127702799	0.0109588159948321	BLCA	scATAC (malignant)
Chr8	127702799	127704599	0.00126070377018427	BLCA	scATAC (malignant)
Chr8	127704599	127706399	0.0119270934964251	BLCA	scATAC (malignant)
Chr8	127706399	127708199	0.002113855241597	BLCA	scATAC (malignant)
Chr8	127708199	127709999	0.00662759478446516	BLCA	scATAC (malignant)
Chr8	127709999	127711799	0.00855149565389676	BLCA	scATAC (malignant)
Chr8	127711799	127713599	0.00818387306708008	BLCA	scATAC (malignant)
Chr8	127713599	127715399	0.00598389286626937	BLCA	scATAC (malignant)
Chr8	127715399	127717199	0.00455327803499848	BLCA	scATAC (malignant)
Chr8	127717199	127718999	0.00701213513029738	BLCA	scATAC (malignant)
Chr8	127718999	127720799	0.0122447989115945	BLCA	scATAC (malignant)
Chr8	127720799	127722599	0.0238068112769211	BLCA	scATAC (malignant)
Chr8	127722599	127724399	0.0345238644679128	BLCA	scATAC (malignant)
Chr8	127724399	127726199	0.0520455119423389	BLCA	scATAC (malignant)
Chr8	127726199	127727999	0.0840841417601676	BLCA	scATAC (malignant)
Chr8	127727999	127729799	0.111560721905635	BLCA	scATAC (malignant)
Chr8	127729799	127731599	0.144413758361902	BLCA	scATAC (malignant)
Chr8	127731599	127733399	0.175655009012258	BLCA	scATAC (malignant)
Chr8	127733399	127735199	0.195651958965715	BLCA	scATAC (malignant)
Chr8	127735199	127736999	0.217224609330333	BLCA	scATAC (malignant)
Chr8	127736999	127738799	0.192412889001478	BLCA	scATAC (malignant)
Chr8	127738799	127740599	0.175839729531274	BLCA	scATAC (malignant)
Chr8	127740599	127742399	0.1430755398754	BLCA	scATAC (malignant)
Chr8	127742399	127744199	0.107713081679659	BLCA	scATAC (malignant)
Chr8	127744199	127745999	0.0875966899218879	BLCA	scATAC (malignant)
Chr8	127745999	127747799	0.053731068210842	BLCA	scATAC (malignant)
Chr8	127747799	127749599	0.0423795986431799	BLCA	scATAC (malignant)
Chr8	127749599	127751399	0.0183009897497832	BLCA	scATAC (malignant)
Chr8	127751399	127753199	0.00877277565497385	BLCA	scATAC (malignant)
Chr8	127753199	127754999	0.0106208654035357	BLCA	scATAC (malignant)
Chr8	127394999	127396799	0.00545493876045352	BRCA	scATAC (malignant)
Chr8	127396799	127398599	0.00261976286281849	BRCA	scATAC (malignant)
Chr8	127398599	127400399	0.00626055364330147	BRCA	scATAC (malignant)
Chr8	127400399	127402199	0.0176928190390142	BRCA	scATAC (malignant)
Chr8	127402199	127403999	0.0195777185833624	BRCA	scATAC (malignant)
Chr8	127403999	127405799	0.0521862971771096	BRCA	scATAC (malignant)
Chr8	127405799	127407599	0.0589833764615389	BRCA	scATAC (malignant)
Chr8	127407599	127409399	0.0823679773713255	BRCA	scATAC (malignant)
Chr8	127409399	127411199	0.0881450601954279	BRCA	scATAC (malignant)
Chr8	127411199	127412999	0.0753358621884452	BRCA	scATAC (malignant)
Chr8	127412999	127414799	0.0516053580362609	BRCA	scATAC (malignant)
Chr8	127414799	127416599	0.0338879059142459	BRCA	scATAC (malignant)
Chr8	127416599	127418399	0.0267719693828531	BRCA	scATAC (malignant)
Chr8	127418399	127420199	0.0205453994495678	BRCA	scATAC (malignant)
Chr8	127420199	127421999	0.00312956008379468	BRCA	scATAC (malignant)
Chr8	127421999	127423799	0.00620913889186034	BRCA	scATAC (malignant)
Chr8	127423799	127425599	0.00402640040367847	BRCA	scATAC (malignant)
Chr8	127425599	127427399	0.000554328598990551	BRCA	scATAC (malignant)
Chr8	127427399	127429199	0.00625444078116446	BRCA	scATAC (malignant)
Chr8	127429199	127430999	0.00546476263727582	BRCA	scATAC (malignant)
Chr8	127430999	127432799	0.00143833847204392	BRCA	scATAC (malignant)
Chr8	127432799	127434599	0.00938051395319629	BRCA	scATAC (malignant)
Chr8	127434599	127436399	0.00189746786050028	BRCA	scATAC (malignant)
Chr8	127436399	127438199	0.00154195372078409	BRCA	scATAC (malignant)
Chr8	127438199	127439999	0.0124997576946791	BRCA	scATAC (malignant)
Chr8	127439999	127441799	0.0117881004165321	BRCA	scATAC (malignant)
Chr8	127441799	127443599	0.0068892242105637	BRCA	scATAC (malignant)
Chr8	127443599	127445399	0.00400423353795897	BRCA	scATAC (malignant)
Chr8	127445399	127447199	0.00952215957063899	BRCA	scATAC (malignant)
Chr8	127447199	127448999	0.00883510467298138	BRCA	scATAC (malignant)
Chr8	127448999	127450799	0.0017829630856215	BRCA	scATAC (malignant)
Chr8	127450799	127452599	0.00566702630671165	BRCA	scATAC (malignant)
Chr8	127452599	127454399	0.00203200300048894	BRCA	scATAC (malignant)
Chr8	127454399	127456199	0.00112799105552888	BRCA	scATAC (malignant)
Chr8	127456199	127457999	0.0195412519790853	BRCA	scATAC (malignant)
Chr8	127457999	127459799	0.00468821737104253	BRCA	scATAC (malignant)
Chr8	127459799	127461599	0.00573492353963622	BRCA	scATAC (malignant)
Chr8	127461599	127463399	0.00313837217789432	BRCA	scATAC (malignant)
Chr8	127463399	127465199	0.00610372539200797	BRCA	scATAC (malignant)
Chr8	127465199	127466999	0.0134182019283801	BRCA	scATAC (malignant)
Chr8	127466999	127468799	0.00540991884865414	BRCA	scATAC (malignant)
Chr8	127468799	127470599	0.000537050966607909	BRCA	scATAC (malignant)
Chr8	127470599	127472399	0.00123038162730281	BRCA	scATAC (malignant)
Chr8	127472399	127474199	0.00211207542072829	BRCA	scATAC (malignant)
Chr8	127474199	127475999	0.00828636536763536	BRCA	scATAC (malignant)
Chr8	127475999	127477799	0.00516970986005936	BRCA	scATAC (malignant)
Chr8	127477799	127479599	0.000707827468549574	BRCA	scATAC (malignant)
Chr8	127479599	127481399	0.0127639695158982	BRCA	scATAC (malignant)
Chr8	127481399	127483199	0.0100279635597458	BRCA	scATAC (malignant)
Chr8	127483199	127484999	0.00173954036607172	BRCA	scATAC (malignant)
Chr8	127484999	127486799	0.00175349640455129	BRCA	scATAC (malignant)
Chr8	127486799	127488599	0.000331213605160877	BRCA	scATAC (malignant)
Chr8	127488599	127490399	0.0110793114312422	BRCA	scATAC (malignant)
Chr8	127490399	127492199	0.00309511923692128	BRCA	scATAC (malignant)
Chr8	127492199	127493999	0.0078891854299502	BRCA	scATAC (malignant)
Chr8	127493999	127495799	0.00408735559465059	BRCA	scATAC (malignant)
Chr8	127495799	127497599	0.00693893271768005	BRCA	scATAC (malignant)
Chr8	127497599	127499399	0.00662058485374747	BRCA	scATAC (malignant)
Chr8	127499399	127501199	0.00543076786214905	BRCA	scATAC (malignant)
Chr8	127501199	127502999	0.00797510455299695	BRCA	scATAC (malignant)
Chr8	127502999	127504799	0.00118952353373278	BRCA	scATAC (malignant)
Chr8	127504799	127506599	0.0114800171272236	BRCA	scATAC (malignant)
Chr8	127506599	127508399	0.001634106067058	BRCA	scATAC (malignant)
Chr8	127508399	127510199	0.0119153306602882	BRCA	scATAC (malignant)
Chr8	127510199	127511999	0.000503492175705961	BRCA	scATAC (malignant)
Chr8	127511999	127513799	0.00473592102285898	BRCA	scATAC (malignant)
Chr8	127513799	127515599	0.00107456879649253	BRCA	scATAC (malignant)
Chr8	127515599	127517399	0.00219242003658216	BRCA	scATAC (malignant)
Chr8	127517399	127519199	0.00272670785473935	BRCA	scATAC (malignant)
Chr8	127519199	127520999	0.0103288139536453	BRCA	scATAC (malignant)
Chr8	127520999	127522799	0.0032847061407058	BRCA	scATAC (malignant)
Chr8	127522799	127524599	0.0221410125495357	BRCA	scATAC (malignant)
Chr8	127524599	127526399	0.00894550040778577	BRCA	scATAC (malignant)
Chr8	127526399	127528199	0.00115315180886924	BRCA	scATAC (malignant)
Chr8	127528199	127529999	0.00815702722209751	BRCA	scATAC (malignant)
Chr8	127529999	127531799	0.00537974414727345	BRCA	scATAC (malignant)
Chr8	127531799	127533599	0.000397720066692844	BRCA	scATAC (malignant)
Chr8	127533599	127535399	0.0014138804255003	BRCA	scATAC (malignant)
Chr8	127535399	127537199	0.00996165863935732	BRCA	scATAC (malignant)
Chr8	127537199	127538999	0.000758228647190239	BRCA	scATAC (malignant)
Chr8	127538999	127540799	0.0120743153567069	BRCA	scATAC (malignant)
Chr8	127540799	127542599	0.00393247501747684	BRCA	scATAC (malignant)
Chr8	127542599	127544399	0.000782447130044616	BRCA	scATAC (malignant)
Chr8	127544399	127546199	2.90935603962137e-05	BRCA	scATAC (malignant)
Chr8	127546199	127547999	0.00757137636293744	BRCA	scATAC (malignant)
Chr8	127547999	127549799	0.003186107795418	BRCA	scATAC (malignant)
Chr8	127549799	127551599	0.00343631601679394	BRCA	scATAC (malignant)
Chr8	127551599	127553399	0.00622177401919919	BRCA	scATAC (malignant)
Chr8	127553399	127555199	0.00260725022937683	BRCA	scATAC (malignant)
Chr8	127555199	127556999	0.0076259280125916	BRCA	scATAC (malignant)
Chr8	127556999	127558799	0.00802982154302693	BRCA	scATAC (malignant)
Chr8	127558799	127560599	0.00517722214572406	BRCA	scATAC (malignant)
Chr8	127560599	127562399	0.0156925062271624	BRCA	scATAC (malignant)
Chr8	127562399	127564199	0.00478615044178548	BRCA	scATAC (malignant)
Chr8	127564199	127565999	0.00624920060042733	BRCA	scATAC (malignant)
Chr8	127565999	127567799	0.00148170669422364	BRCA	scATAC (malignant)
Chr8	127567799	127569599	0.00312163839889686	BRCA	scATAC (malignant)
Chr8	127569599	127571399	0.00932609013685344	BRCA	scATAC (malignant)
Chr8	127571399	127573199	0.000370531265077144	BRCA	scATAC (malignant)
Chr8	127573199	127574999	0.00137140602719711	BRCA	scATAC (malignant)
Chr8	127574999	127576799	0.00614504931620585	BRCA	scATAC (malignant)
Chr8	127576799	127578599	0.00819974424611781	BRCA	scATAC (malignant)
Chr8	127578599	127580399	0.00326487602998367	BRCA	scATAC (malignant)
Chr8	127580399	127582199	0.0070659454454793	BRCA	scATAC (malignant)
Chr8	127582199	127583999	0.0110433243721887	BRCA	scATAC (malignant)
Chr8	127583999	127585799	0.00532928853136457	BRCA	scATAC (malignant)
Chr8	127585799	127587599	0.0197416158319542	BRCA	scATAC (malignant)
Chr8	127587599	127589399	0.00145612224093233	BRCA	scATAC (malignant)
Chr8	127589399	127591199	0.00567030620181461	BRCA	scATAC (malignant)
Chr8	127591199	127592999	0.00699854865401212	BRCA	scATAC (malignant)
Chr8	127592999	127594799	0.00755062613042573	BRCA	scATAC (malignant)
Chr8	127594799	127596599	0.00305586138456347	BRCA	scATAC (malignant)
Chr8	127596599	127598399	0.00295576510931479	BRCA	scATAC (malignant)
Chr8	127598399	127600199	0.00224144896589072	BRCA	scATAC (malignant)
Chr8	127600199	127601999	0.00407375336361317	BRCA	scATAC (malignant)
Chr8	127601999	127603799	0.011675492931144	BRCA	scATAC (malignant)
Chr8	127603799	127605599	0.00198870644724699	BRCA	scATAC (malignant)
Chr8	127605599	127607399	0.00664810719672989	BRCA	scATAC (malignant)
Chr8	127607399	127609199	0.00752853658066403	BRCA	scATAC (malignant)
Chr8	127609199	127610999	0.0114036864374947	BRCA	scATAC (malignant)
Chr8	127610999	127612799	0.0197010777127818	BRCA	scATAC (malignant)
Chr8	127612799	127614599	0.034434296964613	BRCA	scATAC (malignant)
Chr8	127614599	127616399	0.0518403183273921	BRCA	scATAC (malignant)
Chr8	127616399	127618199	0.0649509518757261	BRCA	scATAC (malignant)
Chr8	127618199	127619999	0.0828353027018539	BRCA	scATAC (malignant)
Chr8	127619999	127621799	0.075525617632872	BRCA	scATAC (malignant)
Chr8	127621799	127623599	0.063762392624404	BRCA	scATAC (malignant)
Chr8	127623599	127625399	0.0477668206781979	BRCA	scATAC (malignant)
Chr8	127625399	127627199	0.0318579760345417	BRCA	scATAC (malignant)
Chr8	127627199	127628999	0.0203283873002016	BRCA	scATAC (malignant)
Chr8	127628999	127630799	0.0122943826718844	BRCA	scATAC (malignant)
Chr8	127630799	127632599	0.00830783880944865	BRCA	scATAC (malignant)
Chr8	127632599	127634399	0.00507215883372905	BRCA	scATAC (malignant)
Chr8	127634399	127636199	0.00953366243040096	BRCA	scATAC (malignant)
Chr8	127636199	127637999	0.00541695038060092	BRCA	scATAC (malignant)
Chr8	127637999	127639799	0.00713009821237288	BRCA	scATAC (malignant)
Chr8	127639799	127641599	0.00290187941668284	BRCA	scATAC (malignant)
Chr8	127641599	127643399	0.00857604226175625	BRCA	scATAC (malignant)
Chr8	127643399	127645199	0.00427255422475822	BRCA	scATAC (malignant)
Chr8	127645199	127646999	0.000712174177025242	BRCA	scATAC (malignant)
Chr8	127646999	127648799	0.00910663863631317	BRCA	scATAC (malignant)
Chr8	127648799	127650599	0.00609055881617865	BRCA	scATAC (malignant)
Chr8	127650599	127652399	0.00339728553518065	BRCA	scATAC (malignant)
Chr8	127652399	127654199	0.00481160515124859	BRCA	scATAC (malignant)
Chr8	127654199	127655999	0.0046824247037569	BRCA	scATAC (malignant)
Chr8	127655999	127657799	0.00624762817846923	BRCA	scATAC (malignant)
Chr8	127657799	127659599	0.0030779457432682	BRCA	scATAC (malignant)
Chr8	127659599	127661399	0.000579613492671177	BRCA	scATAC (malignant)
Chr8	127661399	127663199	0.00812130624575578	BRCA	scATAC (malignant)
Chr8	127663199	127664999	0.00817591789822465	BRCA	scATAC (malignant)
Chr8	127664999	127666799	0.0104031092384001	BRCA	scATAC (malignant)
Chr8	127666799	127668599	0.000886734764792761	BRCA	scATAC (malignant)
Chr8	127668599	127670399	0.00859217859131124	BRCA	scATAC (malignant)
Chr8	127670399	127672199	0.0061444546152769	BRCA	scATAC (malignant)
Chr8	127672199	127673999	0.00572734277186754	BRCA	scATAC (malignant)
Chr8	127673999	127675799	0.0112936913854639	BRCA	scATAC (malignant)
Chr8	127675799	127677599	0.00772663963632685	BRCA	scATAC (malignant)
Chr8	127677599	127679399	0.00702559563971925	BRCA	scATAC (malignant)
Chr8	127679399	127681199	0.0103818213162496	BRCA	scATAC (malignant)
Chr8	127681199	127682999	0.0054417722911686	BRCA	scATAC (malignant)
Chr8	127682999	127684799	0.00378304454084862	BRCA	scATAC (malignant)
Chr8	127684799	127686599	0.0103246609658053	BRCA	scATAC (malignant)
Chr8	127686599	127688399	7.64575369332268e-05	BRCA	scATAC (malignant)
Chr8	127688399	127690199	0.0141562052964486	BRCA	scATAC (malignant)
Chr8	127690199	127691999	0.00252921124046587	BRCA	scATAC (malignant)
Chr8	127691999	127693799	0.00633244052268578	BRCA	scATAC (malignant)
Chr8	127693799	127695599	0.0159124722151601	BRCA	scATAC (malignant)
Chr8	127695599	127697399	0.000793598314311556	BRCA	scATAC (malignant)
Chr8	127697399	127699199	0.00800766182999148	BRCA	scATAC (malignant)
Chr8	127699199	127700999	0.00169746117381098	BRCA	scATAC (malignant)
Chr8	127700999	127702799	0.00926096732109888	BRCA	scATAC (malignant)
Chr8	127702799	127704599	0.00254834150055336	BRCA	scATAC (malignant)
Chr8	127704599	127706399	0.013193341038355	BRCA	scATAC (malignant)
Chr8	127706399	127708199	0.00630492634190307	BRCA	scATAC (malignant)
Chr8	127708199	127709999	0.00957344824062479	BRCA	scATAC (malignant)
Chr8	127709999	127711799	0.00227130094506187	BRCA	scATAC (malignant)
Chr8	127711799	127713599	0.00415074130912893	BRCA	scATAC (malignant)
Chr8	127713599	127715399	0.00683082767812938	BRCA	scATAC (malignant)
Chr8	127715399	127717199	0.0178407632025365	BRCA	scATAC (malignant)
Chr8	127717199	127718999	0.00951497166883799	BRCA	scATAC (malignant)
Chr8	127718999	127720799	0.0256007357255156	BRCA	scATAC (malignant)
Chr8	127720799	127722599	0.0318964880651725	BRCA	scATAC (malignant)
Chr8	127722599	127724399	0.0558478933292188	BRCA	scATAC (malignant)
Chr8	127724399	127726199	0.078876186113482	BRCA	scATAC (malignant)
Chr8	127726199	127727999	0.120529050529079	BRCA	scATAC (malignant)
Chr8	127727999	127729799	0.148692810205001	BRCA	scATAC (malignant)
Chr8	127729799	127731599	0.188413990376844	BRCA	scATAC (malignant)
Chr8	127731599	127733399	0.212889383167514	BRCA	scATAC (malignant)
Chr8	127733399	127735199	0.24004211577626	BRCA	scATAC (malignant)
Chr8	127735199	127736999	0.24195917260744	BRCA	scATAC (malignant)
Chr8	127736999	127738799	0.232066919579688	BRCA	scATAC (malignant)
Chr8	127738799	127740599	0.210954088199764	BRCA	scATAC (malignant)
Chr8	127740599	127742399	0.184552641340273	BRCA	scATAC (malignant)
Chr8	127742399	127744199	0.139370268489463	BRCA	scATAC (malignant)
Chr8	127744199	127745999	0.111041248772564	BRCA	scATAC (malignant)
Chr8	127745999	127747799	0.0715032471071541	BRCA	scATAC (malignant)
Chr8	127747799	127749599	0.0612489742845337	BRCA	scATAC (malignant)
Chr8	127749599	127751399	0.0321201990699272	BRCA	scATAC (malignant)
Chr8	127751399	127753199	0.0197881636649364	BRCA	scATAC (malignant)
Chr8	127753199	127754999	0.0118149857469894	BRCA	scATAC (malignant)
Chr8	127394999	127396799	0.00265999593575849	COAD	scATAC (malignant)
Chr8	127396799	127398599	0.00827582307962318	COAD	scATAC (malignant)
Chr8	127398599	127400399	0.00865418902696212	COAD	scATAC (malignant)
Chr8	127400399	127402199	0.0186539938185979	COAD	scATAC (malignant)
Chr8	127402199	127403999	0.037255414656983	COAD	scATAC (malignant)
Chr8	127403999	127405799	0.0556281778795689	COAD	scATAC (malignant)
Chr8	127405799	127407599	0.0789064396801903	COAD	scATAC (malignant)
Chr8	127407599	127409399	0.102199187804144	COAD	scATAC (malignant)
Chr8	127409399	127411199	0.100713443183036	COAD	scATAC (malignant)
Chr8	127411199	127412999	0.09027363595075	COAD	scATAC (malignant)
Chr8	127412999	127414799	0.079114031676554	COAD	scATAC (malignant)
Chr8	127414799	127416599	0.0556987082681701	COAD	scATAC (malignant)
Chr8	127416599	127418399	0.0269973190869254	COAD	scATAC (malignant)
Chr8	127418399	127420199	0.0132728767313705	COAD	scATAC (malignant)
Chr8	127420199	127421999	0.00946337900523468	COAD	scATAC (malignant)
Chr8	127421999	127423799	0.0055788109997498	COAD	scATAC (malignant)
Chr8	127423799	127425599	0.00313532333894761	COAD	scATAC (malignant)
Chr8	127425599	127427399	0.000464626328070661	COAD	scATAC (malignant)
Chr8	127427399	127429199	0.00430177584723173	COAD	scATAC (malignant)
Chr8	127429199	127430999	0.00347054647677558	COAD	scATAC (malignant)
Chr8	127430999	127432799	0.00206964405291092	COAD	scATAC (malignant)
Chr8	127432799	127434599	0.0033017183916652	COAD	scATAC (malignant)
Chr8	127434599	127436399	0.000308194808167454	COAD	scATAC (malignant)
Chr8	127436399	127438199	0.0104002961286469	COAD	scATAC (malignant)
Chr8	127438199	127439999	0.0077655741884541	COAD	scATAC (malignant)
Chr8	127439999	127441799	0.00333737508923073	COAD	scATAC (malignant)
Chr8	127441799	127443599	0.00482607376333105	COAD	scATAC (malignant)
Chr8	127443599	127445399	0.000581335233022754	COAD	scATAC (malignant)
Chr8	127445399	127447199	0.00287056583627372	COAD	scATAC (malignant)
Chr8	127447199	127448999	0.00772850607395099	COAD	scATAC (malignant)
Chr8	127448999	127450799	0.00662833825169966	COAD	scATAC (malignant)
Chr8	127450799	127452599	0.00913891363448266	COAD	scATAC (malignant)
Chr8	127452599	127454399	0.00349500645664397	COAD	scATAC (malignant)
Chr8	127454399	127456199	0.00290749841986027	COAD	scATAC (malignant)
Chr8	127456199	127457999	0.00119379942485996	COAD	scATAC (malignant)
Chr8	127457999	127459799	0.00248445721074467	COAD	scATAC (malignant)
Chr8	127459799	127461599	0.00285218832363579	COAD	scATAC (malignant)
Chr8	127461599	127463399	0.00255170543662776	COAD	scATAC (malignant)
Chr8	127463399	127465199	0.00352906828502589	COAD	scATAC (malignant)
Chr8	127465199	127466999	0.00329870157115269	COAD	scATAC (malignant)
Chr8	127466999	127468799	0.0113976268700598	COAD	scATAC (malignant)
Chr8	127468799	127470599	0.004318961992926	COAD	scATAC (malignant)
Chr8	127470599	127472399	0.00781921640271112	COAD	scATAC (malignant)
Chr8	127472399	127474199	0.0032835257568593	COAD	scATAC (malignant)
Chr8	127474199	127475999	0.000178745033549781	COAD	scATAC (malignant)
Chr8	127475999	127477799	0.00334106046114672	COAD	scATAC (malignant)
Chr8	127477799	127479599	0.00781834990970851	COAD	scATAC (malignant)
Chr8	127479599	127481399	0.000217730391730278	COAD	scATAC (malignant)
Chr8	127481399	127483199	0.00255302011931706	COAD	scATAC (malignant)
Chr8	127483199	127484999	0.00123602477252416	COAD	scATAC (malignant)
Chr8	127484999	127486799	0.00339375491803598	COAD	scATAC (malignant)
Chr8	127486799	127488599	0.0133638625822337	COAD	scATAC (malignant)
Chr8	127488599	127490399	0.000544045182678209	COAD	scATAC (malignant)
Chr8	127490399	127492199	0.00395794353824549	COAD	scATAC (malignant)
Chr8	127492199	127493999	0.0020512464902521	COAD	scATAC (malignant)
Chr8	127493999	127495799	0.00368117085359262	COAD	scATAC (malignant)
Chr8	127495799	127497599	0.00575373150943775	COAD	scATAC (malignant)
Chr8	127497599	127499399	0.00489542927047327	COAD	scATAC (malignant)
Chr8	127499399	127501199	0.0010833042053074	COAD	scATAC (malignant)
Chr8	127501199	127502999	0.0018954515504132	COAD	scATAC (malignant)
Chr8	127502999	127504799	0.00855454053492882	COAD	scATAC (malignant)
Chr8	127504799	127506599	0.000426512208145014	COAD	scATAC (malignant)
Chr8	127506599	127508399	0.0060871704645253	COAD	scATAC (malignant)
Chr8	127508399	127510199	0.00466055934534052	COAD	scATAC (malignant)
Chr8	127510199	127511999	0.00392704957407873	COAD	scATAC (malignant)
Chr8	127511999	127513799	0.00615782170302539	COAD	scATAC (malignant)
Chr8	127513799	127515599	0.00788938670646368	COAD	scATAC (malignant)
Chr8	127515599	127517399	0.00423882531502877	COAD	scATAC (malignant)
Chr8	127517399	127519199	0.00187094893161996	COAD	scATAC (malignant)
Chr8	127519199	127520999	0.00542609139727975	COAD	scATAC (malignant)
Chr8	127520999	127522799	0.0035423625353073	COAD	scATAC (malignant)
Chr8	127522799	127524599	0.00292793652074793	COAD	scATAC (malignant)
Chr8	127524599	127526399	0.000326148120735548	COAD	scATAC (malignant)
Chr8	127526399	127528199	0.00199779409341364	COAD	scATAC (malignant)
Chr8	127528199	127529999	0.00185659819853929	COAD	scATAC (malignant)
Chr8	127529999	127531799	0.00605872036315486	COAD	scATAC (malignant)
Chr8	127531799	127533599	0.00466555388502869	COAD	scATAC (malignant)
Chr8	127533599	127535399	0.00811910430262041	COAD	scATAC (malignant)
Chr8	127535399	127537199	0.00010006353937511	COAD	scATAC (malignant)
Chr8	127537199	127538999	0.00376872922339646	COAD	scATAC (malignant)
Chr8	127538999	127540799	0.00283724244154259	COAD	scATAC (malignant)
Chr8	127540799	127542599	0.0108714757493983	COAD	scATAC (malignant)
Chr8	127542599	127544399	0.00751133187252688	COAD	scATAC (malignant)
Chr8	127544399	127546199	0.00647224011295103	COAD	scATAC (malignant)
Chr8	127546199	127547999	0.0018895054607208	COAD	scATAC (malignant)
Chr8	127547999	127549799	0.00294625494772732	COAD	scATAC (malignant)
Chr8	127549799	127551599	0.0133443474976389	COAD	scATAC (malignant)
Chr8	127551599	127553399	0.02319756950561	COAD	scATAC (malignant)
Chr8	127553399	127555199	0.00216084201145993	COAD	scATAC (malignant)
Chr8	127555199	127556999	0.00204853855575838	COAD	scATAC (malignant)
Chr8	127556999	127558799	0.00310455802106033	COAD	scATAC (malignant)
Chr8	127558799	127560599	0.00854357857857886	COAD	scATAC (malignant)
Chr8	127560599	127562399	0.00813566944678168	COAD	scATAC (malignant)
Chr8	127562399	127564199	0.00606375784158683	COAD	scATAC (malignant)
Chr8	127564199	127565999	0.0152933084607834	COAD	scATAC (malignant)
Chr8	127565999	127567799	0.0178745226117657	COAD	scATAC (malignant)
Chr8	127567799	127569599	0.0253797139959296	COAD	scATAC (malignant)
Chr8	127569599	127571399	0.0387537488657252	COAD	scATAC (malignant)
Chr8	127571399	127573199	0.0543946512315648	COAD	scATAC (malignant)
Chr8	127573199	127574999	0.0693924587254453	COAD	scATAC (malignant)
Chr8	127574999	127576799	0.0795847486962971	COAD	scATAC (malignant)
Chr8	127576799	127578599	0.0886509771115586	COAD	scATAC (malignant)
Chr8	127578599	127580399	0.103692231840156	COAD	scATAC (malignant)
Chr8	127580399	127582199	0.102583652773154	COAD	scATAC (malignant)
Chr8	127582199	127583999	0.0859546755861305	COAD	scATAC (malignant)
Chr8	127583999	127585799	0.0761398633450948	COAD	scATAC (malignant)
Chr8	127585799	127587599	0.0573190751210764	COAD	scATAC (malignant)
Chr8	127587599	127589399	0.0531533815847569	COAD	scATAC (malignant)
Chr8	127589399	127591199	0.040004206372373	COAD	scATAC (malignant)
Chr8	127591199	127592999	0.0248615226301612	COAD	scATAC (malignant)
Chr8	127592999	127594799	0.0218211099110971	COAD	scATAC (malignant)
Chr8	127594799	127596599	0.0123229380723544	COAD	scATAC (malignant)
Chr8	127596599	127598399	0.0104693439143355	COAD	scATAC (malignant)
Chr8	127598399	127600199	0.0110900117650379	COAD	scATAC (malignant)
Chr8	127600199	127601999	0.0084252915231353	COAD	scATAC (malignant)
Chr8	127601999	127603799	0.00543817315578585	COAD	scATAC (malignant)
Chr8	127603799	127605599	0.00256958412800328	COAD	scATAC (malignant)
Chr8	127605599	127607399	0.00183778081725022	COAD	scATAC (malignant)
Chr8	127607399	127609199	0.00349177791697972	COAD	scATAC (malignant)
Chr8	127609199	127610999	0.00527562712340674	COAD	scATAC (malignant)
Chr8	127610999	127612799	0.0020154950182673	COAD	scATAC (malignant)
Chr8	127612799	127614599	0.00510886968216234	COAD	scATAC (malignant)
Chr8	127614599	127616399	0.0043345909711805	COAD	scATAC (malignant)
Chr8	127616399	127618199	0.00921510773084606	COAD	scATAC (malignant)
Chr8	127618199	127619999	0.0017256451382139	COAD	scATAC (malignant)
Chr8	127619999	127621799	0.00276753428902729	COAD	scATAC (malignant)
Chr8	127621799	127623599	0.000511261878013728	COAD	scATAC (malignant)
Chr8	127623599	127625399	0.00869385223312593	COAD	scATAC (malignant)
Chr8	127625399	127627199	0.00499305309073727	COAD	scATAC (malignant)
Chr8	127627199	127628999	0.00229932103012338	COAD	scATAC (malignant)
Chr8	127628999	127630799	0.00091772731935759	COAD	scATAC (malignant)
Chr8	127630799	127632599	0.000676029114189905	COAD	scATAC (malignant)
Chr8	127632599	127634399	0.0186688060304319	COAD	scATAC (malignant)
Chr8	127634399	127636199	0.00362805788322449	COAD	scATAC (malignant)
Chr8	127636199	127637999	0.0100629446852951	COAD	scATAC (malignant)
Chr8	127637999	127639799	0.00136980749402612	COAD	scATAC (malignant)
Chr8	127639799	127641599	0.00975009066460055	COAD	scATAC (malignant)
Chr8	127641599	127643399	0.00429452838320923	COAD	scATAC (malignant)
Chr8	127643399	127645199	0.00545254155042837	COAD	scATAC (malignant)
Chr8	127645199	127646999	0.011167110986521	COAD	scATAC (malignant)
Chr8	127646999	127648799	0.00575136022898898	COAD	scATAC (malignant)
Chr8	127648799	127650599	0.00666570973245235	COAD	scATAC (malignant)
Chr8	127650599	127652399	0.00217255677295318	COAD	scATAC (malignant)
Chr8	127652399	127654199	0.00841624471718205	COAD	scATAC (malignant)
Chr8	127654199	127655999	0.002665742674416	COAD	scATAC (malignant)
Chr8	127655999	127657799	0.00236486161095418	COAD	scATAC (malignant)
Chr8	127657799	127659599	0.00670312188232647	COAD	scATAC (malignant)
Chr8	127659599	127661399	0.00548079218984066	COAD	scATAC (malignant)
Chr8	127661399	127663199	0.00553738844367685	COAD	scATAC (malignant)
Chr8	127663199	127664999	0.0100728006011464	COAD	scATAC (malignant)
Chr8	127664999	127666799	0.00868562485899162	COAD	scATAC (malignant)
Chr8	127666799	127668599	0.000549761678202443	COAD	scATAC (malignant)
Chr8	127668599	127670399	0.00904739812084348	COAD	scATAC (malignant)
Chr8	127670399	127672199	0.00743467450563694	COAD	scATAC (malignant)
Chr8	127672199	127673999	0.000531895612689827	COAD	scATAC (malignant)
Chr8	127673999	127675799	0.00398671001183111	COAD	scATAC (malignant)
Chr8	127675799	127677599	0.000412047167073351	COAD	scATAC (malignant)
Chr8	127677599	127679399	0.00373814314395947	COAD	scATAC (malignant)
Chr8	127679399	127681199	0.00772179112131135	COAD	scATAC (malignant)
Chr8	127681199	127682999	0.00344412218276167	COAD	scATAC (malignant)
Chr8	127682999	127684799	0.003004534926695	COAD	scATAC (malignant)
Chr8	127684799	127686599	0.00328611863285414	COAD	scATAC (malignant)
Chr8	127686599	127688399	0.00100417045994963	COAD	scATAC (malignant)
Chr8	127688399	127690199	0.000288482173905723	COAD	scATAC (malignant)
Chr8	127690199	127691999	0.0203741569178277	COAD	scATAC (malignant)
Chr8	127691999	127693799	0.00373978368279213	COAD	scATAC (malignant)
Chr8	127693799	127695599	0.0014689423361958	COAD	scATAC (malignant)
Chr8	127695599	127697399	0.0016257394763501	COAD	scATAC (malignant)
Chr8	127697399	127699199	0.00185008929299167	COAD	scATAC (malignant)
Chr8	127699199	127700999	0.00659449315753824	COAD	scATAC (malignant)
Chr8	127700999	127702799	0.00635683257942641	COAD	scATAC (malignant)
Chr8	127702799	127704599	0.00409548841849462	COAD	scATAC (malignant)
Chr8	127704599	127706399	0.00439703359350962	COAD	scATAC (malignant)
Chr8	127706399	127708199	0.0079268622299758	COAD	scATAC (malignant)
Chr8	127708199	127709999	0.00556049213227087	COAD	scATAC (malignant)
Chr8	127709999	127711799	0.00361362288404653	COAD	scATAC (malignant)
Chr8	127711799	127713599	0.0160323165919621	COAD	scATAC (malignant)
Chr8	127713599	127715399	0.00771701022286448	COAD	scATAC (malignant)
Chr8	127715399	127717199	0.0072222252736916	COAD	scATAC (malignant)
Chr8	127717199	127718999	0.0135061531676278	COAD	scATAC (malignant)
Chr8	127718999	127720799	0.0223019168077905	COAD	scATAC (malignant)
Chr8	127720799	127722599	0.0271376241982888	COAD	scATAC (malignant)
Chr8	127722599	127724399	0.0442538491764508	COAD	scATAC (malignant)
Chr8	127724399	127726199	0.0521579324081324	COAD	scATAC (malignant)
Chr8	127726199	127727999	0.0666184891195184	COAD	scATAC (malignant)
Chr8	127727999	127729799	0.0827654873879896	COAD	scATAC (malignant)
Chr8	127729799	127731599	0.101104905005093	COAD	scATAC (malignant)
Chr8	127731599	127733399	0.113876906896314	COAD	scATAC (malignant)
Chr8	127733399	127735199	0.120953643282668	COAD	scATAC (malignant)
Chr8	127735199	127736999	0.127932318104577	COAD	scATAC (malignant)
Chr8	127736999	127738799	0.11889180996381	COAD	scATAC (malignant)
Chr8	127738799	127740599	0.108539680461854	COAD	scATAC (malignant)
Chr8	127740599	127742399	0.0971014434808283	COAD	scATAC (malignant)
Chr8	127742399	127744199	0.0794935334518319	COAD	scATAC (malignant)
Chr8	127744199	127745999	0.0695441905113801	COAD	scATAC (malignant)
Chr8	127745999	127747799	0.0512785628423674	COAD	scATAC (malignant)
Chr8	127747799	127749599	0.0395635064573549	COAD	scATAC (malignant)
Chr8	127749599	127751399	0.0323121623096706	COAD	scATAC (malignant)
Chr8	127751399	127753199	0.0190082695594524	COAD	scATAC (malignant)
Chr8	127753199	127754999	0.0142867372615397	COAD	scATAC (malignant)
Chr8	127394999	127396799	0.0417652463300093	BLCA	HiChIP H3K27ac
Chr8	127396799	127398599	0.0449570021535393	BLCA	HiChIP H3K27ac
Chr8	127398599	127400399	0.0994955915809686	BLCA	HiChIP H3K27ac
Chr8	127400399	127402199	0.122482459162489	BLCA	HiChIP H3K27ac
Chr8	127402199	127403999	0.193517872197088	BLCA	HiChIP H3K27ac
Chr8	127403999	127405799	0.261283226805431	BLCA	HiChIP H3K27ac
Chr8	127405799	127407599	0.31032042768126	BLCA	HiChIP H3K27ac
Chr8	127407599	127409399	0.339288806380389	BLCA	HiChIP H3K27ac
Chr8	127409399	127411199	0.352048113242096	BLCA	HiChIP H3K27ac
Chr8	127411199	127412999	0.331540481681852	BLCA	HiChIP H3K27ac
Chr8	127412999	127414799	0.285832755102114	BLCA	HiChIP H3K27ac
Chr8	127414799	127416599	0.256311768260733	BLCA	HiChIP H3K27ac
Chr8	127416599	127418399	0.161236145564016	BLCA	HiChIP H3K27ac
Chr8	127418399	127420199	0.138452199479222	BLCA	HiChIP H3K27ac
Chr8	127420199	127421999	0.075606417351878	BLCA	HiChIP H3K27ac
Chr8	127421999	127423799	0.0412839087808853	BLCA	HiChIP H3K27ac
Chr8	127423799	127425599	0.0255007998518758	BLCA	HiChIP H3K27ac
Chr8	127425599	127427399	0.0497288806063274	BLCA	HiChIP H3K27ac
Chr8	127427399	127429199	0.0228959554005848	BLCA	HiChIP H3K27ac
Chr8	127429199	127430999	0.00762953696106095	BLCA	HiChIP H3K27ac
Chr8	127430999	127432799	0.00758719127152753	BLCA	HiChIP H3K27ac
Chr8	127432799	127434599	0.0131247216601283	BLCA	HiChIP H3K27ac
Chr8	127434599	127436399	0.0166581549456064	BLCA	HiChIP H3K27ac
Chr8	127436399	127438199	0.0435993957970941	BLCA	HiChIP H3K27ac
Chr8	127438199	127439999	0.000699283013278024	BLCA	HiChIP H3K27ac
Chr8	127439999	127441799	0.0203544466418495	BLCA	HiChIP H3K27ac
Chr8	127441799	127443599	0.0262500983715356	BLCA	HiChIP H3K27ac
Chr8	127443599	127445399	0.0278293990166843	BLCA	HiChIP H3K27ac
Chr8	127445399	127447199	0.0284283033802349	BLCA	HiChIP H3K27ac
Chr8	127447199	127448999	0.0145572135266196	BLCA	HiChIP H3K27ac
Chr8	127448999	127450799	0.0147184393164831	BLCA	HiChIP H3K27ac
Chr8	127450799	127452599	0.0145802998436983	BLCA	HiChIP H3K27ac
Chr8	127452599	127454399	0.0119562387664979	BLCA	HiChIP H3K27ac
Chr8	127454399	127456199	0.0234177159090448	BLCA	HiChIP H3K27ac
Chr8	127456199	127457999	0.0246472122358209	BLCA	HiChIP H3K27ac
Chr8	127457999	127459799	0.000106244632940029	BLCA	HiChIP H3K27ac
Chr8	127459799	127461599	0.031823076426507	BLCA	HiChIP H3K27ac
Chr8	127461599	127463399	0.00921870808607519	BLCA	HiChIP H3K27ac
Chr8	127463399	127465199	0.0238384089260304	BLCA	HiChIP H3K27ac
Chr8	127465199	127466999	0.0102272890990516	BLCA	HiChIP H3K27ac
Chr8	127466999	127468799	0.0470118997818835	BLCA	HiChIP H3K27ac
Chr8	127468799	127470599	0.0236457863800746	BLCA	HiChIP H3K27ac
Chr8	127470599	127472399	0.0141724215207256	BLCA	HiChIP H3K27ac
Chr8	127472399	127474199	0.00964271447761372	BLCA	HiChIP H3K27ac
Chr8	127474199	127475999	0.0194802938634306	BLCA	HiChIP H3K27ac
Chr8	127475999	127477799	0.0239674004088926	BLCA	HiChIP H3K27ac
Chr8	127477799	127479599	0.0182219776428825	BLCA	HiChIP H3K27ac
Chr8	127479599	127481399	0.0172399614582784	BLCA	HiChIP H3K27ac
Chr8	127481399	127483199	0.00756809604900836	BLCA	HiChIP H3K27ac
Chr8	127483199	127484999	0.00754234761286949	BLCA	HiChIP H3K27ac
Chr8	127484999	127486799	0.0450004325263725	BLCA	HiChIP H3K27ac
Chr8	127486799	127488599	0.0183344207224595	BLCA	HiChIP H3K27ac
Chr8	127488599	127490399	0.0240087916794651	BLCA	HiChIP H3K27ac
Chr8	127490399	127492199	6.97254032251702e-05	BLCA	HiChIP H3K27ac
Chr8	127492199	127493999	0.0214787431955952	BLCA	HiChIP H3K27ac
Chr8	127493999	127495799	0.0250052332635929	BLCA	HiChIP H3K27ac
Chr8	127495799	127497599	0.005558346182044	BLCA	HiChIP H3K27ac
Chr8	127497599	127499399	0.0148267517434328	BLCA	HiChIP H3K27ac
Chr8	127499399	127501199	0.00239191584082062	BLCA	HiChIP H3K27ac
Chr8	127501199	127502999	0.0249561999456868	BLCA	HiChIP H3K27ac
Chr8	127502999	127504799	0.00818098951270782	BLCA	HiChIP H3K27ac
Chr8	127504799	127506599	0.0107553678261628	BLCA	HiChIP H3K27ac
Chr8	127506599	127508399	0.0445909029539242	BLCA	HiChIP H3K27ac
Chr8	127508399	127510199	0.0290566931233431	BLCA	HiChIP H3K27ac
Chr8	127510199	127511999	0.0064367378984496	BLCA	HiChIP H3K27ac
Chr8	127511999	127513799	0.0163375817280675	BLCA	HiChIP H3K27ac
Chr8	127513799	127515599	0.00635754850787955	BLCA	HiChIP H3K27ac
Chr8	127515599	127517399	0.00263853170280827	BLCA	HiChIP H3K27ac
Chr8	127517399	127519199	0.00753629635093887	BLCA	HiChIP H3K27ac
Chr8	127519199	127520999	0.0124391768920513	BLCA	HiChIP H3K27ac
Chr8	127520999	127522799	0.0259665905224805	BLCA	HiChIP H3K27ac
Chr8	127522799	127524599	0.0209489282104673	BLCA	HiChIP H3K27ac
Chr8	127524599	127526399	0.0317906925534476	BLCA	HiChIP H3K27ac
Chr8	127526399	127528199	0.0388176816696538	BLCA	HiChIP H3K27ac
Chr8	127528199	127529999	0.00647791691418803	BLCA	HiChIP H3K27ac
Chr8	127529999	127531799	0.0120411503361976	BLCA	HiChIP H3K27ac
Chr8	127531799	127533599	0.00859587152243804	BLCA	HiChIP H3K27ac
Chr8	127533599	127535399	0.0123997386110191	BLCA	HiChIP H3K27ac
Chr8	127535399	127537199	0.00562048686344083	BLCA	HiChIP H3K27ac
Chr8	127537199	127538999	0.0180990933267677	BLCA	HiChIP H3K27ac
Chr8	127538999	127540799	0.0119501597743347	BLCA	HiChIP H3K27ac
Chr8	127540799	127542599	0.0278976685430021	BLCA	HiChIP H3K27ac
Chr8	127542599	127544399	0.0139522186656444	BLCA	HiChIP H3K27ac
Chr8	127544399	127546199	0.0154245611052038	BLCA	HiChIP H3K27ac
Chr8	127546199	127547999	0.0258274855803734	BLCA	HiChIP H3K27ac
Chr8	127547999	127549799	0.00795208769241652	BLCA	HiChIP H3K27ac
Chr8	127549799	127551599	0.00433788918650085	BLCA	HiChIP H3K27ac
Chr8	127551599	127553399	0.0145335920744003	BLCA	HiChIP H3K27ac
Chr8	127553399	127555199	0.0146488038996284	BLCA	HiChIP H3K27ac
Chr8	127555199	127556999	0.0127497329953617	BLCA	HiChIP H3K27ac
Chr8	127556999	127558799	0.00388006183856365	BLCA	HiChIP H3K27ac
Chr8	127558799	127560599	0.0183799827595155	BLCA	HiChIP H3K27ac
Chr8	127560599	127562399	0.0250389800915835	BLCA	HiChIP H3K27ac
Chr8	127562399	127564199	0.00744933389806055	BLCA	HiChIP H3K27ac
Chr8	127564199	127565999	0.0326797678199912	BLCA	HiChIP H3K27ac
Chr8	127565999	127567799	0.0101646410987919	BLCA	HiChIP H3K27ac
Chr8	127567799	127569599	0.0383163158306771	BLCA	HiChIP H3K27ac
Chr8	127569599	127571399	0.0381373172973455	BLCA	HiChIP H3K27ac
Chr8	127571399	127573199	0.0499412969625771	BLCA	HiChIP H3K27ac
Chr8	127573199	127574999	0.0466878675878137	BLCA	HiChIP H3K27ac
Chr8	127574999	127576799	0.0980248161230688	BLCA	HiChIP H3K27ac
Chr8	127576799	127578599	0.0848644318497664	BLCA	HiChIP H3K27ac
Chr8	127578599	127580399	0.125188826219554	BLCA	HiChIP H3K27ac
Chr8	127580399	127582199	0.157972656379794	BLCA	HiChIP H3K27ac
Chr8	127582199	127583999	0.178438706710536	BLCA	HiChIP H3K27ac
Chr8	127583999	127585799	0.224909655831247	BLCA	HiChIP H3K27ac
Chr8	127585799	127587599	0.258020519986702	BLCA	HiChIP H3K27ac
Chr8	127587599	127589399	0.294879597723647	BLCA	HiChIP H3K27ac
Chr8	127589399	127591199	0.338483810848752	BLCA	HiChIP H3K27ac
Chr8	127591199	127592999	0.392652800177999	BLCA	HiChIP H3K27ac
Chr8	127592999	127594799	0.428978551607882	BLCA	HiChIP H3K27ac
Chr8	127594799	127596599	0.452376977478837	BLCA	HiChIP H3K27ac
Chr8	127596599	127598399	0.441076680559723	BLCA	HiChIP H3K27ac
Chr8	127598399	127600199	0.469058938846054	BLCA	HiChIP H3K27ac
Chr8	127600199	127601999	0.470620181701569	BLCA	HiChIP H3K27ac
Chr8	127601999	127603799	0.451748124253239	BLCA	HiChIP H3K27ac
Chr8	127603799	127605599	0.421694064000972	BLCA	HiChIP H3K27ac
Chr8	127605599	127607399	0.398575974516141	BLCA	HiChIP H3K27ac
Chr8	127607399	127609199	0.36294051008346	BLCA	HiChIP H3K27ac
Chr8	127609199	127610999	0.332944299471909	BLCA	HiChIP H3K27ac
Chr8	127610999	127612799	0.285608580811336	BLCA	HiChIP H3K27ac
Chr8	127612799	127614599	0.281094307102483	BLCA	HiChIP H3K27ac
Chr8	127614599	127616399	0.197861270264943	BLCA	HiChIP H3K27ac
Chr8	127616399	127618199	0.177324096633547	BLCA	HiChIP H3K27ac
Chr8	127618199	127619999	0.131139892046366	BLCA	HiChIP H3K27ac
Chr8	127619999	127621799	0.137375312454992	BLCA	HiChIP H3K27ac
Chr8	127621799	127623599	0.0922329117407621	BLCA	HiChIP H3K27ac
Chr8	127623599	127625399	0.0578891240688997	BLCA	HiChIP H3K27ac
Chr8	127625399	127627199	0.0468356788046897	BLCA	HiChIP H3K27ac
Chr8	127627199	127628999	0.0571689730404627	BLCA	HiChIP H3K27ac
Chr8	127628999	127630799	0.0298477942643947	BLCA	HiChIP H3K27ac
Chr8	127630799	127632599	0.0289815786303245	BLCA	HiChIP H3K27ac
Chr8	127632599	127634399	0.0314597054418571	BLCA	HiChIP H3K27ac
Chr8	127634399	127636199	0.00706285384338211	BLCA	HiChIP H3K27ac
Chr8	127636199	127637999	0.0493666754077991	BLCA	HiChIP H3K27ac
Chr8	127637999	127639799	0.00247387618089222	BLCA	HiChIP H3K27ac
Chr8	127639799	127641599	0.0204918844413192	BLCA	HiChIP H3K27ac
Chr8	127641599	127643399	0.0203215149641112	BLCA	HiChIP H3K27ac
Chr8	127643399	127645199	0.0114555141713458	BLCA	HiChIP H3K27ac
Chr8	127645199	127646999	0.00975253444309942	BLCA	HiChIP H3K27ac
Chr8	127646999	127648799	0.00292087224684412	BLCA	HiChIP H3K27ac
Chr8	127648799	127650599	0.0143502179594512	BLCA	HiChIP H3K27ac
Chr8	127650599	127652399	0.0122872541689679	BLCA	HiChIP H3K27ac
Chr8	127652399	127654199	0.0277701037390523	BLCA	HiChIP H3K27ac
Chr8	127654199	127655999	0.00933055375518175	BLCA	HiChIP H3K27ac
Chr8	127655999	127657799	0.000192913839769339	BLCA	HiChIP H3K27ac
Chr8	127657799	127659599	0.0326038699598779	BLCA	HiChIP H3K27ac
Chr8	127659599	127661399	0.0132150919351041	BLCA	HiChIP H3K27ac
Chr8	127661399	127663199	0.0349253000229386	BLCA	HiChIP H3K27ac
Chr8	127663199	127664999	0.00462941942328391	BLCA	HiChIP H3K27ac
Chr8	127664999	127666799	0.0101280733437975	BLCA	HiChIP H3K27ac
Chr8	127666799	127668599	0.00966717387539123	BLCA	HiChIP H3K27ac
Chr8	127668599	127670399	0.0149606390008813	BLCA	HiChIP H3K27ac
Chr8	127670399	127672199	0.0382438806275925	BLCA	HiChIP H3K27ac
Chr8	127672199	127673999	0.022719201553254	BLCA	HiChIP H3K27ac
Chr8	127673999	127675799	0.0135577073828476	BLCA	HiChIP H3K27ac
Chr8	127675799	127677599	0.0251593125594702	BLCA	HiChIP H3K27ac
Chr8	127677599	127679399	0.0507693620190359	BLCA	HiChIP H3K27ac
Chr8	127679399	127681199	0.0333320028346352	BLCA	HiChIP H3K27ac
Chr8	127681199	127682999	0.0040361885754404	BLCA	HiChIP H3K27ac
Chr8	127682999	127684799	0.0240053944872473	BLCA	HiChIP H3K27ac
Chr8	127684799	127686599	0.0304350027705135	BLCA	HiChIP H3K27ac
Chr8	127686599	127688399	0.0203905053542252	BLCA	HiChIP H3K27ac
Chr8	127688399	127690199	0.013589261472657	BLCA	HiChIP H3K27ac
Chr8	127690199	127691999	0.0166760788331958	BLCA	HiChIP H3K27ac
Chr8	127691999	127693799	0.00282419756982822	BLCA	HiChIP H3K27ac
Chr8	127693799	127695599	0.0101817328372466	BLCA	HiChIP H3K27ac
Chr8	127695599	127697399	0.000719187891594539	BLCA	HiChIP H3K27ac
Chr8	127697399	127699199	0.000140128000126852	BLCA	HiChIP H3K27ac
Chr8	127699199	127700999	0.0152453739101946	BLCA	HiChIP H3K27ac
Chr8	127700999	127702799	0.00815199406927548	BLCA	HiChIP H3K27ac
Chr8	127702799	127704599	0.00782479376021324	BLCA	HiChIP H3K27ac
Chr8	127704599	127706399	0.00512258135709551	BLCA	HiChIP H3K27ac
Chr8	127706399	127708199	0.0249302547462252	BLCA	HiChIP H3K27ac
Chr8	127708199	127709999	0.0342918068420154	BLCA	HiChIP H3K27ac
Chr8	127709999	127711799	0.0569764705702669	BLCA	HiChIP H3K27ac
Chr8	127711799	127713599	0.060547818244543	BLCA	HiChIP H3K27ac
Chr8	127713599	127715399	0.0711055079468926	BLCA	HiChIP H3K27ac
Chr8	127715399	127717199	0.0968810754546753	BLCA	HiChIP H3K27ac
Chr8	127717199	127718999	0.129929786661784	BLCA	HiChIP H3K27ac
Chr8	127718999	127720799	0.174009504494654	BLCA	HiChIP H3K27ac
Chr8	127720799	127722599	0.240767262507531	BLCA	HiChIP H3K27ac
Chr8	127722599	127724399	0.32894329559375	BLCA	HiChIP H3K27ac
Chr8	127724399	127726199	0.424432626445526	BLCA	HiChIP H3K27ac
Chr8	127726199	127727999	0.528060382089587	BLCA	HiChIP H3K27ac
Chr8	127727999	127729799	0.623502146689456	BLCA	HiChIP H3K27ac
Chr8	127729799	127731599	0.739881748364126	BLCA	HiChIP H3K27ac
Chr8	127731599	127733399	0.791054303418436	BLCA	HiChIP H3K27ac
Chr8	127733399	127735199	0.837010520613995	BLCA	HiChIP H3K27ac
Chr8	127735199	127736999	0.855358591850179	BLCA	HiChIP H3K27ac
Chr8	127736999	127738799	0.831533877781279	BLCA	HiChIP H3K27ac
Chr8	127738799	127740599	0.783659911654533	BLCA	HiChIP H3K27ac
Chr8	127740599	127742399	0.716823704604302	BLCA	HiChIP H3K27ac
Chr8	127742399	127744199	0.632521151697573	BLCA	HiChIP H3K27ac
Chr8	127744199	127745999	0.551517273277117	BLCA	HiChIP H3K27ac
Chr8	127745999	127747799	0.412357585235825	BLCA	HiChIP H3K27ac
Chr8	127747799	127749599	0.321802164493226	BLCA	HiChIP H3K27ac
Chr8	127749599	127751399	0.272008363892835	BLCA	HiChIP H3K27ac
Chr8	127751399	127753199	0.168099579323178	BLCA	HiChIP H3K27ac
Chr8	127753199	127754999	0.116304349530033	BLCA	HiChIP H3K27ac
Chr8	127394999	127396799	0.0460593120265912	BRCA	HiChIP H3K27ac
Chr8	127396799	127398599	0.0400349175001588	BRCA	HiChIP H3K27ac
Chr8	127398599	127400399	0.0497309880573419	BRCA	HiChIP H3K27ac
Chr8	127400399	127402199	0.0991715731905121	BRCA	HiChIP H3K27ac
Chr8	127402199	127403999	0.143514000403196	BRCA	HiChIP H3K27ac
Chr8	127403999	127405799	0.219606212099983	BRCA	HiChIP H3K27ac
Chr8	127405799	127407599	0.236111079391722	BRCA	HiChIP H3K27ac
Chr8	127407599	127409399	0.305346637587276	BRCA	HiChIP H3K27ac
Chr8	127409399	127411199	0.323594367445518	BRCA	HiChIP H3K27ac
Chr8	127411199	127412999	0.26409795463647	BRCA	HiChIP H3K27ac
Chr8	127412999	127414799	0.244404246691127	BRCA	HiChIP H3K27ac
Chr8	127414799	127416599	0.177887846441867	BRCA	HiChIP H3K27ac
Chr8	127416599	127418399	0.127356688416926	BRCA	HiChIP H3K27ac
Chr8	127418399	127420199	0.0684158265643312	BRCA	HiChIP H3K27ac
Chr8	127420199	127421999	0.0482265734522681	BRCA	HiChIP H3K27ac
Chr8	127421999	127423799	0.0355540579112622	BRCA	HiChIP H3K27ac
Chr8	127423799	127425599	0.0413985206933409	BRCA	HiChIP H3K27ac
Chr8	127425599	127427399	0.0209738819603568	BRCA	HiChIP H3K27ac
Chr8	127427399	127429199	0.0143470980337324	BRCA	HiChIP H3K27ac
Chr8	127429199	127430999	0.0172447262000436	BRCA	HiChIP H3K27ac
Chr8	127430999	127432799	0.0142626490139119	BRCA	HiChIP H3K27ac
Chr8	127432799	127434599	0.0419909393832618	BRCA	HiChIP H3K27ac
Chr8	127434599	127436399	0.0105133024341563	BRCA	HiChIP H3K27ac
Chr8	127436399	127438199	0.00396469806558342	BRCA	HiChIP H3K27ac
Chr8	127438199	127439999	0.01776833631963	BRCA	HiChIP H3K27ac
Chr8	127439999	127441799	0.0181083249399868	BRCA	HiChIP H3K27ac
Chr8	127441799	127443599	0.0116699758721852	BRCA	HiChIP H3K27ac
Chr8	127443599	127445399	0.0489805711628298	BRCA	HiChIP H3K27ac
Chr8	127445399	127447199	0.00420583720107351	BRCA	HiChIP H3K27ac
Chr8	127447199	127448999	0.0123814912627762	BRCA	HiChIP H3K27ac
Chr8	127448999	127450799	0.0414291476993504	BRCA	HiChIP H3K27ac
Chr8	127450799	127452599	0.0193723110943102	BRCA	HiChIP H3K27ac
Chr8	127452599	127454399	0.013436236773678	BRCA	HiChIP H3K27ac
Chr8	127454399	127456199	0.0196693889102291	BRCA	HiChIP H3K27ac
Chr8	127456199	127457999	0.0148517760308363	BRCA	HiChIP H3K27ac
Chr8	127457999	127459799	0.0138012233845488	BRCA	HiChIP H3K27ac
Chr8	127459799	127461599	0.0116871721451254	BRCA	HiChIP H3K27ac
Chr8	127461599	127463399	0.0358676082558067	BRCA	HiChIP H3K27ac
Chr8	127463399	127465199	0.00228643820575309	BRCA	HiChIP H3K27ac
Chr8	127465199	127466999	0.00567491985862064	BRCA	HiChIP H3K27ac
Chr8	127466999	127468799	0.0236025304297664	BRCA	HiChIP H3K27ac
Chr8	127468799	127470599	0.040669030474093	BRCA	HiChIP H3K27ac
Chr8	127470599	127472399	0.00022183531255585	BRCA	HiChIP H3K27ac
Chr8	127472399	127474199	0.0186791811455837	BRCA	HiChIP H3K27ac
Chr8	127474199	127475999	0.000813405707860971	BRCA	HiChIP H3K27ac
Chr8	127475999	127477799	0.00394562631605122	BRCA	HiChIP H3K27ac
Chr8	127477799	127479599	0.0339267567632658	BRCA	HiChIP H3K27ac
Chr8	127479599	127481399	0.0262058396359942	BRCA	HiChIP H3K27ac
Chr8	127481399	127483199	0.0437684388862252	BRCA	HiChIP H3K27ac
Chr8	127483199	127484999	0.0101113152832218	BRCA	HiChIP H3K27ac
Chr8	127484999	127486799	0.036578149774594	BRCA	HiChIP H3K27ac
Chr8	127486799	127488599	0.00815013511231532	BRCA	HiChIP H3K27ac
Chr8	127488599	127490399	0.0351941905175737	BRCA	HiChIP H3K27ac
Chr8	127490399	127492199	0.0164290206492104	BRCA	HiChIP H3K27ac
Chr8	127492199	127493999	0.0165840739356014	BRCA	HiChIP H3K27ac
Chr8	127493999	127495799	0.00239902756347267	BRCA	HiChIP H3K27ac
Chr8	127495799	127497599	0.00555225485588808	BRCA	HiChIP H3K27ac
Chr8	127497599	127499399	0.0144614841246567	BRCA	HiChIP H3K27ac
Chr8	127499399	127501199	0.00296673947889332	BRCA	HiChIP H3K27ac
Chr8	127501199	127502999	0.016083843158672	BRCA	HiChIP H3K27ac
Chr8	127502999	127504799	0.00344839655465386	BRCA	HiChIP H3K27ac
Chr8	127504799	127506599	0.0157743907853354	BRCA	HiChIP H3K27ac
Chr8	127506599	127508399	0.0157414387700325	BRCA	HiChIP H3K27ac
Chr8	127508399	127510199	0.000993587078185441	BRCA	HiChIP H3K27ac
Chr8	127510199	127511999	0.0364823301127407	BRCA	HiChIP H3K27ac
Chr8	127511999	127513799	0.0173357157881295	BRCA	HiChIP H3K27ac
Chr8	127513799	127515599	0.0180246855019547	BRCA	HiChIP H3K27ac
Chr8	127515599	127517399	0.00616542539460618	BRCA	HiChIP H3K27ac
Chr8	127517399	127519199	0.0176100504799369	BRCA	HiChIP H3K27ac
Chr8	127519199	127520999	0.0188484172445182	BRCA	HiChIP H3K27ac
Chr8	127520999	127522799	0.02443935005289	BRCA	HiChIP H3K27ac
Chr8	127522799	127524599	0.0444202429819279	BRCA	HiChIP H3K27ac
Chr8	127524599	127526399	0.0328935957923022	BRCA	HiChIP H3K27ac
Chr8	127526399	127528199	0.00391881201423043	BRCA	HiChIP H3K27ac
Chr8	127528199	127529999	0.0311220084565206	BRCA	HiChIP H3K27ac
Chr8	127529999	127531799	0.0267804272566346	BRCA	HiChIP H3K27ac
Chr8	127531799	127533599	0.00446335552957564	BRCA	HiChIP H3K27ac
Chr8	127533599	127535399	0.00288350086781436	BRCA	HiChIP H3K27ac
Chr8	127535399	127537199	0.00757553105733128	BRCA	HiChIP H3K27ac
Chr8	127537199	127538999	0.0050423523936706	BRCA	HiChIP H3K27ac
Chr8	127538999	127540799	0.00766022465084209	BRCA	HiChIP H3K27ac
Chr8	127540799	127542599	0.0260813315651139	BRCA	HiChIP H3K27ac
Chr8	127542599	127544399	0.0253123597738578	BRCA	HiChIP H3K27ac
Chr8	127544399	127546199	0.0132924759255945	BRCA	HiChIP H3K27ac
Chr8	127546199	127547999	0.0138947708025753	BRCA	HiChIP H3K27ac
Chr8	127547999	127549799	0.00367827506857528	BRCA	HiChIP H3K27ac
Chr8	127549799	127551599	0.0229009732459643	BRCA	HiChIP H3K27ac
Chr8	127551599	127553399	0.0260551942831072	BRCA	HiChIP H3K27ac
Chr8	127553399	127555199	0.0644254526146346	BRCA	HiChIP H3K27ac
Chr8	127555199	127556999	0.0273819024626119	BRCA	HiChIP H3K27ac
Chr8	127556999	127558799	0.0609792458622966	BRCA	HiChIP H3K27ac
Chr8	127558799	127560599	0.0747405826896401	BRCA	HiChIP H3K27ac
Chr8	127560599	127562399	0.106204887526961	BRCA	HiChIP H3K27ac
Chr8	127562399	127564199	0.105032634802421	BRCA	HiChIP H3K27ac
Chr8	127564199	127565999	0.139991202614208	BRCA	HiChIP H3K27ac
Chr8	127565999	127567799	0.189541617441601	BRCA	HiChIP H3K27ac
Chr8	127567799	127569599	0.215750499671634	BRCA	HiChIP H3K27ac
Chr8	127569599	127571399	0.272773336021389	BRCA	HiChIP H3K27ac
Chr8	127571399	127573199	0.30433512541879	BRCA	HiChIP H3K27ac
Chr8	127573199	127574999	0.367318353688358	BRCA	HiChIP H3K27ac
Chr8	127574999	127576799	0.377887244059565	BRCA	HiChIP H3K27ac
Chr8	127576799	127578599	0.401714393589512	BRCA	HiChIP H3K27ac
Chr8	127578599	127580399	0.451139416362827	BRCA	HiChIP H3K27ac
Chr8	127580399	127582199	0.408599370484942	BRCA	HiChIP H3K27ac
Chr8	127582199	127583999	0.385647905166862	BRCA	HiChIP H3K27ac
Chr8	127583999	127585799	0.370571359786385	BRCA	HiChIP H3K27ac
Chr8	127585799	127587599	0.351976122940852	BRCA	HiChIP H3K27ac
Chr8	127587599	127589399	0.327477474960606	BRCA	HiChIP H3K27ac
Chr8	127589399	127591199	0.240414598512673	BRCA	HiChIP H3K27ac
Chr8	127591199	127592999	0.197577823426258	BRCA	HiChIP H3K27ac
Chr8	127592999	127594799	0.176948420765355	BRCA	HiChIP H3K27ac
Chr8	127594799	127596599	0.128411850754567	BRCA	HiChIP H3K27ac
Chr8	127596599	127598399	0.104200774085832	BRCA	HiChIP H3K27ac
Chr8	127598399	127600199	0.0909166451614841	BRCA	HiChIP H3K27ac
Chr8	127600199	127601999	0.0702916762789483	BRCA	HiChIP H3K27ac
Chr8	127601999	127603799	0.0363426293777308	BRCA	HiChIP H3K27ac
Chr8	127603799	127605599	0.031896394103294	BRCA	HiChIP H3K27ac
Chr8	127605599	127607399	0.030505181566436	BRCA	HiChIP H3K27ac
Chr8	127607399	127609199	0.0189364178821279	BRCA	HiChIP H3K27ac
Chr8	127609199	127610999	0.0142935459754387	BRCA	HiChIP H3K27ac
Chr8	127610999	127612799	0.0093924573866372	BRCA	HiChIP H3K27ac
Chr8	127612799	127614599	0.00590330934533285	BRCA	HiChIP H3K27ac
Chr8	127614599	127616399	0.0201638147384105	BRCA	HiChIP H3K27ac
Chr8	127616399	127618199	0.00216986415176138	BRCA	HiChIP H3K27ac
Chr8	127618199	127619999	0.0282947071624127	BRCA	HiChIP H3K27ac
Chr8	127619999	127621799	0.029107894621123	BRCA	HiChIP H3K27ac
Chr8	127621799	127623599	0.0343598357121322	BRCA	HiChIP H3K27ac
Chr8	127623599	127625399	0.0124499778372142	BRCA	HiChIP H3K27ac
Chr8	127625399	127627199	0.0166346617947418	BRCA	HiChIP H3K27ac
Chr8	127627199	127628999	0.0146017045791315	BRCA	HiChIP H3K27ac
Chr8	127628999	127630799	0.0202337462675632	BRCA	HiChIP H3K27ac
Chr8	127630799	127632599	0.0273665440185831	BRCA	HiChIP H3K27ac
Chr8	127632599	127634399	0.00352108684796735	BRCA	HiChIP H3K27ac
Chr8	127634399	127636199	0.0327533347030631	BRCA	HiChIP H3K27ac
Chr8	127636199	127637999	0.0210351242654879	BRCA	HiChIP H3K27ac
Chr8	127637999	127639799	0.0091567872845681	BRCA	HiChIP H3K27ac
Chr8	127639799	127641599	0.000315151646367866	BRCA	HiChIP H3K27ac
Chr8	127641599	127643399	0.0211498389051357	BRCA	HiChIP H3K27ac
Chr8	127643399	127645199	0.000816128226375965	BRCA	HiChIP H3K27ac
Chr8	127645199	127646999	0.0196519811263539	BRCA	HiChIP H3K27ac
Chr8	127646999	127648799	0.00748088445443327	BRCA	HiChIP H3K27ac
Chr8	127648799	127650599	0.0203352381483772	BRCA	HiChIP H3K27ac
Chr8	127650599	127652399	0.00367892758875088	BRCA	HiChIP H3K27ac
Chr8	127652399	127654199	0.0109448897163606	BRCA	HiChIP H3K27ac
Chr8	127654199	127655999	0.0277536531086698	BRCA	HiChIP H3K27ac
Chr8	127655999	127657799	0.0115804318128509	BRCA	HiChIP H3K27ac
Chr8	127657799	127659599	0.0382863685825422	BRCA	HiChIP H3K27ac
Chr8	127659599	127661399	0.0655173756031337	BRCA	HiChIP H3K27ac
Chr8	127661399	127663199	0.011175425464313	BRCA	HiChIP H3K27ac
Chr8	127663199	127664999	0.0490894940578433	BRCA	HiChIP H3K27ac
Chr8	127664999	127666799	0.0194209077066435	BRCA	HiChIP H3K27ac
Chr8	127666799	127668599	0.00167991632970583	BRCA	HiChIP H3K27ac
Chr8	127668599	127670399	0.0165236591644928	BRCA	HiChIP H3K27ac
Chr8	127670399	127672199	0.0136640629732226	BRCA	HiChIP H3K27ac
Chr8	127672199	127673999	0.0221944321153743	BRCA	HiChIP H3K27ac
Chr8	127673999	127675799	0.0305742520161742	BRCA	HiChIP H3K27ac
Chr8	127675799	127677599	0.000447366021828754	BRCA	HiChIP H3K27ac
Chr8	127677599	127679399	0.0104506846417619	BRCA	HiChIP H3K27ac
Chr8	127679399	127681199	0.02336134902187	BRCA	HiChIP H3K27ac
Chr8	127681199	127682999	0.00837756356836777	BRCA	HiChIP H3K27ac
Chr8	127682999	127684799	0.00941327138024673	BRCA	HiChIP H3K27ac
Chr8	127684799	127686599	0.021921915407814	BRCA	HiChIP H3K27ac
Chr8	127686599	127688399	0.00181629216818551	BRCA	HiChIP H3K27ac
Chr8	127688399	127690199	0.00362367846748061	BRCA	HiChIP H3K27ac
Chr8	127690199	127691999	0.0129989400664961	BRCA	HiChIP H3K27ac
Chr8	127691999	127693799	0.00663300941529331	BRCA	HiChIP H3K27ac
Chr8	127693799	127695599	0.00490184911378445	BRCA	HiChIP H3K27ac
Chr8	127695599	127697399	0.0468044942664624	BRCA	HiChIP H3K27ac
Chr8	127697399	127699199	0.01328038057953	BRCA	HiChIP H3K27ac
Chr8	127699199	127700999	0.0171829629027929	BRCA	HiChIP H3K27ac
Chr8	127700999	127702799	0.00274673445642731	BRCA	HiChIP H3K27ac
Chr8	127702799	127704599	0.017964603588132	BRCA	HiChIP H3K27ac
Chr8	127704599	127706399	0.019861122332412	BRCA	HiChIP H3K27ac
Chr8	127706399	127708199	0.0102149988861775	BRCA	HiChIP H3K27ac
Chr8	127708199	127709999	0.0213843580431414	BRCA	HiChIP H3K27ac
Chr8	127709999	127711799	0.018094278459847	BRCA	HiChIP H3K27ac
Chr8	127711799	127713599	0.0461698963732071	BRCA	HiChIP H3K27ac
Chr8	127713599	127715399	0.0511724832276745	BRCA	HiChIP H3K27ac
Chr8	127715399	127717199	0.0672550408399722	BRCA	HiChIP H3K27ac
Chr8	127717199	127718999	0.103254604636588	BRCA	HiChIP H3K27ac
Chr8	127718999	127720799	0.17382197801036	BRCA	HiChIP H3K27ac
Chr8	127720799	127722599	0.226978323148363	BRCA	HiChIP H3K27ac
Chr8	127722599	127724399	0.308081233887627	BRCA	HiChIP H3K27ac
Chr8	127724399	127726199	0.421577454726802	BRCA	HiChIP H3K27ac
Chr8	127726199	127727999	0.526733581081906	BRCA	HiChIP H3K27ac
Chr8	127727999	127729799	0.641190526049841	BRCA	HiChIP H3K27ac
Chr8	127729799	127731599	0.765194656844914	BRCA	HiChIP H3K27ac
Chr8	127731599	127733399	0.834023210550599	BRCA	HiChIP H3K27ac
Chr8	127733399	127735199	0.884694747217324	BRCA	HiChIP H3K27ac
Chr8	127735199	127736999	0.937226374738042	BRCA	HiChIP H3K27ac
Chr8	127736999	127738799	0.890088660362103	BRCA	HiChIP H3K27ac
Chr8	127738799	127740599	0.826630199821548	BRCA	HiChIP H3K27ac
Chr8	127740599	127742399	0.767737376176138	BRCA	HiChIP H3K27ac
Chr8	127742399	127744199	0.637211708718921	BRCA	HiChIP H3K27ac
Chr8	127744199	127745999	0.513000804454713	BRCA	HiChIP H3K27ac
Chr8	127745999	127747799	0.397557948281034	BRCA	HiChIP H3K27ac
Chr8	127747799	127749599	0.315660622258044	BRCA	HiChIP H3K27ac
Chr8	127749599	127751399	0.215339806585687	BRCA	HiChIP H3K27ac
Chr8	127751399	127753199	0.156003412294845	BRCA	HiChIP H3K27ac
Chr8	127753199	127754999	0.133755346424458	BRCA	HiChIP H3K27ac
Chr8	127394999	127396799	0.0271600146392733	COAD	HiChIP H3K27ac
Chr8	127396799	127398599	0.0528265456741265	COAD	HiChIP H3K27ac
Chr8	127398599	127400399	0.0751982322099905	COAD	HiChIP H3K27ac
Chr8	127400399	127402199	0.150244454069006	COAD	HiChIP H3K27ac
Chr8	127402199	127403999	0.156584913637787	COAD	HiChIP H3K27ac
Chr8	127403999	127405799	0.234579900705426	COAD	HiChIP H3K27ac
Chr8	127405799	127407599	0.270273377263304	COAD	HiChIP H3K27ac
Chr8	127407599	127409399	0.328063993625234	COAD	HiChIP H3K27ac
Chr8	127409399	127411199	0.320444343320638	COAD	HiChIP H3K27ac
Chr8	127411199	127412999	0.287366439918227	COAD	HiChIP H3K27ac
Chr8	127412999	127414799	0.2474665503696	COAD	HiChIP H3K27ac
Chr8	127414799	127416599	0.216479222137866	COAD	HiChIP H3K27ac
Chr8	127416599	127418399	0.150210905813509	COAD	HiChIP H3K27ac
Chr8	127418399	127420199	0.0931978522210026	COAD	HiChIP H3K27ac
Chr8	127420199	127421999	0.0585368117391236	COAD	HiChIP H3K27ac
Chr8	127421999	127423799	0.0335631220978991	COAD	HiChIP H3K27ac
Chr8	127423799	127425599	0.0213897190607278	COAD	HiChIP H3K27ac
Chr8	127425599	127427399	0.0103870867442666	COAD	HiChIP H3K27ac
Chr8	127427399	127429199	0.0168257569349854	COAD	HiChIP H3K27ac
Chr8	127429199	127430999	0.00162476353373635	COAD	HiChIP H3K27ac
Chr8	127430999	127432799	0.0121570148811961	COAD	HiChIP H3K27ac
Chr8	127432799	127434599	0.000543011438439769	COAD	HiChIP H3K27ac
Chr8	127434599	127436399	0.00505343176535918	COAD	HiChIP H3K27ac
Chr8	127436399	127438199	0.03362415030301	COAD	HiChIP H3K27ac
Chr8	127438199	127439999	0.00368473883001605	COAD	HiChIP H3K27ac
Chr8	127439999	127441799	0.00427550693690962	COAD	HiChIP H3K27ac
Chr8	127441799	127443599	0.00177813352219058	COAD	HiChIP H3K27ac
Chr8	127443599	127445399	0.0312641224548161	COAD	HiChIP H3K27ac
Chr8	127445399	127447199	0.0320553285701964	COAD	HiChIP H3K27ac
Chr8	127447199	127448999	0.0242763536741502	COAD	HiChIP H3K27ac
Chr8	127448999	127450799	0.00868338061080052	COAD	HiChIP H3K27ac
Chr8	127450799	127452599	0.0405024842584625	COAD	HiChIP H3K27ac
Chr8	127452599	127454399	0.0262883274634376	COAD	HiChIP H3K27ac
Chr8	127454399	127456199	0.00865523651789801	COAD	HiChIP H3K27ac
Chr8	127456199	127457999	0.0451997422680776	COAD	HiChIP H3K27ac
Chr8	127457999	127459799	0.0121422902405915	COAD	HiChIP H3K27ac
Chr8	127459799	127461599	0.0362111530968688	COAD	HiChIP H3K27ac
Chr8	127461599	127463399	0.00198029540836743	COAD	HiChIP H3K27ac
Chr8	127463399	127465199	0.0154110854123034	COAD	HiChIP H3K27ac
Chr8	127465199	127466999	0.000863799546389733	COAD	HiChIP H3K27ac
Chr8	127466999	127468799	0.012863840103049	COAD	HiChIP H3K27ac
Chr8	127468799	127470599	0.0257075457448192	COAD	HiChIP H3K27ac
Chr8	127470599	127472399	0.0184562717885696	COAD	HiChIP H3K27ac
Chr8	127472399	127474199	0.0100054116086822	COAD	HiChIP H3K27ac
Chr8	127474199	127475999	0.0400416074774559	COAD	HiChIP H3K27ac
Chr8	127475999	127477799	0.0165299633768915	COAD	HiChIP H3K27ac
Chr8	127477799	127479599	0.004204797349725	COAD	HiChIP H3K27ac
Chr8	127479599	127481399	0.000809368278148255	COAD	HiChIP H3K27ac
Chr8	127481399	127483199	0.0259325123534817	COAD	HiChIP H3K27ac
Chr8	127483199	127484999	0.0139844878490709	COAD	HiChIP H3K27ac
Chr8	127484999	127486799	0.0115216500225911	COAD	HiChIP H3K27ac
Chr8	127486799	127488599	0.0113510108360442	COAD	HiChIP H3K27ac
Chr8	127488599	127490399	0.00730304113552388	COAD	HiChIP H3K27ac
Chr8	127490399	127492199	0.0154238319251002	COAD	HiChIP H3K27ac
Chr8	127492199	127493999	0.00299962078606798	COAD	HiChIP H3K27ac
Chr8	127493999	127495799	0.0223404582219517	COAD	HiChIP H3K27ac
Chr8	127495799	127497599	0.00878076226075225	COAD	HiChIP H3K27ac
Chr8	127497599	127499399	0.00462121060796734	COAD	HiChIP H3K27ac
Chr8	127499399	127501199	0.033403581953852	COAD	HiChIP H3K27ac
Chr8	127501199	127502999	0.000168046839358584	COAD	HiChIP H3K27ac
Chr8	127502999	127504799	0.00605723451078743	COAD	HiChIP H3K27ac
Chr8	127504799	127506599	0.00377636593379458	COAD	HiChIP H3K27ac
Chr8	127506599	127508399	0.0235765483240778	COAD	HiChIP H3K27ac
Chr8	127508399	127510199	0.00170240684668333	COAD	HiChIP H3K27ac
Chr8	127510199	127511999	0.00649771892145494	COAD	HiChIP H3K27ac
Chr8	127511999	127513799	0.0174890648402595	COAD	HiChIP H3K27ac
Chr8	127513799	127515599	0.0117680165628909	COAD	HiChIP H3K27ac
Chr8	127515599	127517399	0.0149692108495655	COAD	HiChIP H3K27ac
Chr8	127517399	127519199	0.0111305407782569	COAD	HiChIP H3K27ac
Chr8	127519199	127520999	0.0105639213398409	COAD	HiChIP H3K27ac
Chr8	127520999	127522799	0.0332730751751119	COAD	HiChIP H3K27ac
Chr8	127522799	127524599	0.0229718317090303	COAD	HiChIP H3K27ac
Chr8	127524599	127526399	0.0288544434767347	COAD	HiChIP H3K27ac
Chr8	127526399	127528199	0.0170144078417603	COAD	HiChIP H3K27ac
Chr8	127528199	127529999	0.0116219518780858	COAD	HiChIP H3K27ac
Chr8	127529999	127531799	0.0032715525438247	COAD	HiChIP H3K27ac
Chr8	127531799	127533599	0.0113671399388353	COAD	HiChIP H3K27ac
Chr8	127533599	127535399	0.0366829943622652	COAD	HiChIP H3K27ac
Chr8	127535399	127537199	0.010510551734401	COAD	HiChIP H3K27ac
Chr8	127537199	127538999	0.0302887064448065	COAD	HiChIP H3K27ac
Chr8	127538999	127540799	0.0354496256735653	COAD	HiChIP H3K27ac
Chr8	127540799	127542599	9.48362489980176e-05	COAD	HiChIP H3K27ac
Chr8	127542599	127544399	0.00570083447065252	COAD	HiChIP H3K27ac
Chr8	127544399	127546199	0.0280529605816525	COAD	HiChIP H3K27ac
Chr8	127546199	127547999	0.0252498265478742	COAD	HiChIP H3K27ac
Chr8	127547999	127549799	0.0218788782553902	COAD	HiChIP H3K27ac
Chr8	127549799	127551599	0.0306551994277108	COAD	HiChIP H3K27ac
Chr8	127551599	127553399	0.0304139655151186	COAD	HiChIP H3K27ac
Chr8	127553399	127555199	0.0277626207421499	COAD	HiChIP H3K27ac
Chr8	127555199	127556999	0.0199548245534752	COAD	HiChIP H3K27ac
Chr8	127556999	127558799	0.0125058436648609	COAD	HiChIP H3K27ac
Chr8	127558799	127560599	0.0393893825415476	COAD	HiChIP H3K27ac
Chr8	127560599	127562399	0.000905722085943915	COAD	HiChIP H3K27ac
Chr8	127562399	127564199	0.00883477448902232	COAD	HiChIP H3K27ac
Chr8	127564199	127565999	0.018532725700783	COAD	HiChIP H3K27ac
Chr8	127565999	127567799	0.00473083163711044	COAD	HiChIP H3K27ac
Chr8	127567799	127569599	0.00689012120558623	COAD	HiChIP H3K27ac
Chr8	127569599	127571399	0.00208257576750498	COAD	HiChIP H3K27ac
Chr8	127571399	127573199	0.0185157918193315	COAD	HiChIP H3K27ac
Chr8	127573199	127574999	0.0280687674736702	COAD	HiChIP H3K27ac
Chr8	127574999	127576799	0.0296288979502616	COAD	HiChIP H3K27ac
Chr8	127576799	127578599	0.0455266771098203	COAD	HiChIP H3K27ac
Chr8	127578599	127580399	0.0268699190640717	COAD	HiChIP H3K27ac
Chr8	127580399	127582199	0.0560676354638445	COAD	HiChIP H3K27ac
Chr8	127582199	127583999	0.0547625287904136	COAD	HiChIP H3K27ac
Chr8	127583999	127585799	0.040017069613647	COAD	HiChIP H3K27ac
Chr8	127585799	127587599	0.0405720610331278	COAD	HiChIP H3K27ac
Chr8	127587599	127589399	0.0618843048947795	COAD	HiChIP H3K27ac
Chr8	127589399	127591199	0.089873365220664	COAD	HiChIP H3K27ac
Chr8	127591199	127592999	0.132044041776415	COAD	HiChIP H3K27ac
Chr8	127592999	127594799	0.176951252035693	COAD	HiChIP H3K27ac
Chr8	127594799	127596599	0.168714909202831	COAD	HiChIP H3K27ac
Chr8	127596599	127598399	0.212520720672856	COAD	HiChIP H3K27ac
Chr8	127598399	127600199	0.245776443826855	COAD	HiChIP H3K27ac
Chr8	127600199	127601999	0.279266635527396	COAD	HiChIP H3K27ac
Chr8	127601999	127603799	0.310131226916598	COAD	HiChIP H3K27ac
Chr8	127603799	127605599	0.398742816049042	COAD	HiChIP H3K27ac
Chr8	127605599	127607399	0.364042917860335	COAD	HiChIP H3K27ac
Chr8	127607399	127609199	0.409106252381289	COAD	HiChIP H3K27ac
Chr8	127609199	127610999	0.391129906352011	COAD	HiChIP H3K27ac
Chr8	127610999	127612799	0.401604194697243	COAD	HiChIP H3K27ac
Chr8	127612799	127614599	0.3673228585104	COAD	HiChIP H3K27ac
Chr8	127614599	127616399	0.351213108763839	COAD	HiChIP H3K27ac
Chr8	127616399	127618199	0.322502491049017	COAD	HiChIP H3K27ac
Chr8	127618199	127619999	0.275308054185655	COAD	HiChIP H3K27ac
Chr8	127619999	127621799	0.247413896540016	COAD	HiChIP H3K27ac
Chr8	127621799	127623599	0.20155700407953	COAD	HiChIP H3K27ac
Chr8	127623599	127625399	0.162311857872138	COAD	HiChIP H3K27ac
Chr8	127625399	127627199	0.14284192517344	COAD	HiChIP H3K27ac
Chr8	127627199	127628999	0.104890025145524	COAD	HiChIP H3K27ac
Chr8	127628999	127630799	0.0816645451231525	COAD	HiChIP H3K27ac
Chr8	127630799	127632599	0.0567682330400929	COAD	HiChIP H3K27ac
Chr8	127632599	127634399	0.0696866199665003	COAD	HiChIP H3K27ac
Chr8	127634399	127636199	0.0386785237818825	COAD	HiChIP H3K27ac
Chr8	127636199	127637999	0.0399113236175412	COAD	HiChIP H3K27ac
Chr8	127637999	127639799	0.0193640896904942	COAD	HiChIP H3K27ac
Chr8	127639799	127641599	0.00876513166338959	COAD	HiChIP H3K27ac
Chr8	127641599	127643399	0.0225163347245233	COAD	HiChIP H3K27ac
Chr8	127643399	127645199	0.0195576065399468	COAD	HiChIP H3K27ac
Chr8	127645199	127646999	0.0231273486167239	COAD	HiChIP H3K27ac
Chr8	127646999	127648799	0.0392342382541207	COAD	HiChIP H3K27ac
Chr8	127648799	127650599	0.0189388034525265	COAD	HiChIP H3K27ac
Chr8	127650599	127652399	0.00801471259567905	COAD	HiChIP H3K27ac
Chr8	127652399	127654199	0.00464055682373553	COAD	HiChIP H3K27ac
Chr8	127654199	127655999	0.00791525280281415	COAD	HiChIP H3K27ac
Chr8	127655999	127657799	0.029960975330807	COAD	HiChIP H3K27ac
Chr8	127657799	127659599	0.00928039160506957	COAD	HiChIP H3K27ac
Chr8	127659599	127661399	0.0241475168354623	COAD	HiChIP H3K27ac
Chr8	127661399	127663199	0.0541592615844435	COAD	HiChIP H3K27ac
Chr8	127663199	127664999	0.00334701500491445	COAD	HiChIP H3K27ac
Chr8	127664999	127666799	0.0156947595540584	COAD	HiChIP H3K27ac
Chr8	127666799	127668599	0.0210797211849449	COAD	HiChIP H3K27ac
Chr8	127668599	127670399	0.0246069935445236	COAD	HiChIP H3K27ac
Chr8	127670399	127672199	0.00270880490163071	COAD	HiChIP H3K27ac
Chr8	127672199	127673999	0.0113901456326714	COAD	HiChIP H3K27ac
Chr8	127673999	127675799	0.0312102277303018	COAD	HiChIP H3K27ac
Chr8	127675799	127677599	0.00487274129787873	COAD	HiChIP H3K27ac
Chr8	127677599	127679399	0.0176425588992278	COAD	HiChIP H3K27ac
Chr8	127679399	127681199	0.0179391671400302	COAD	HiChIP H3K27ac
Chr8	127681199	127682999	0.0100635940785675	COAD	HiChIP H3K27ac
Chr8	127682999	127684799	0.0250262417892439	COAD	HiChIP H3K27ac
Chr8	127684799	127686599	0.039170266573218	COAD	HiChIP H3K27ac
Chr8	127686599	127688399	0.0102783046001925	COAD	HiChIP H3K27ac
Chr8	127688399	127690199	0.0115808685225279	COAD	HiChIP H3K27ac
Chr8	127690199	127691999	0.012968675985748	COAD	HiChIP H3K27ac
Chr8	127691999	127693799	0.0208612476249525	COAD	HiChIP H3K27ac
Chr8	127693799	127695599	0.0238204028464572	COAD	HiChIP H3K27ac
Chr8	127695599	127697399	0.00807524674254401	COAD	HiChIP H3K27ac
Chr8	127697399	127699199	0.0292105458754043	COAD	HiChIP H3K27ac
Chr8	127699199	127700999	0.0222619220826863	COAD	HiChIP H3K27ac
Chr8	127700999	127702799	0.0129383642262662	COAD	HiChIP H3K27ac
Chr8	127702799	127704599	0.00289215356955035	COAD	HiChIP H3K27ac
Chr8	127704599	127706399	0.0229441607454843	COAD	HiChIP H3K27ac
Chr8	127706399	127708199	0.0282010567087735	COAD	HiChIP H3K27ac
Chr8	127708199	127709999	0.0149332294253144	COAD	HiChIP H3K27ac
Chr8	127709999	127711799	0.0391272978416248	COAD	HiChIP H3K27ac
Chr8	127711799	127713599	0.0606698675273562	COAD	HiChIP H3K27ac
Chr8	127713599	127715399	0.0985744494090238	COAD	HiChIP H3K27ac
Chr8	127715399	127717199	0.135395984367373	COAD	HiChIP H3K27ac
Chr8	127717199	127718999	0.130426184960024	COAD	HiChIP H3K27ac
Chr8	127718999	127720799	0.169304080031312	COAD	HiChIP H3K27ac
Chr8	127720799	127722599	0.237344813743644	COAD	HiChIP H3K27ac
Chr8	127722599	127724399	0.340730467201583	COAD	HiChIP H3K27ac
Chr8	127724399	127726199	0.39990525558668	COAD	HiChIP H3K27ac
Chr8	127726199	127727999	0.505325252613969	COAD	HiChIP H3K27ac
Chr8	127727999	127729799	0.624151639215204	COAD	HiChIP H3K27ac
Chr8	127729799	127731599	0.686422299857292	COAD	HiChIP H3K27ac
Chr8	127731599	127733399	0.753522739096091	COAD	HiChIP H3K27ac
Chr8	127733399	127735199	0.793146017264881	COAD	HiChIP H3K27ac
Chr8	127735199	127736999	0.804501906650938	COAD	HiChIP H3K27ac
Chr8	127736999	127738799	0.784777442961562	COAD	HiChIP H3K27ac
Chr8	127738799	127740599	0.749358826284742	COAD	HiChIP H3K27ac
Chr8	127740599	127742399	0.675408051753126	COAD	HiChIP H3K27ac
Chr8	127742399	127744199	0.576588499731365	COAD	HiChIP H3K27ac
Chr8	127744199	127745999	0.503195734534666	COAD	HiChIP H3K27ac
Chr8	127745999	127747799	0.396231074585276	COAD	HiChIP H3K27ac
Chr8	127747799	127749599	0.299069361358252	COAD	HiChIP H3K27ac
Chr8	127749599	127751399	0.2315432824122	COAD	HiChIP H3K27ac
Chr8	127751399	127753199	0.179033498252585	COAD	HiChIP H3K27ac
Chr8	127753199	127754999	0.127274227902645	COAD	HiChIP H3K27ac
