cluster	lineage	marker	expression
c1	Vγ9Vδ2	CD161	3.9245864580758
c1	Vγ9Vδ2	CD161	3.89379582661561
c1	Vγ9Vδ2	CD161	4.3122481847279
c1	Vγ9Vδ2	CD161	4.22788488150588
c1	Vγ9Vδ2	CD161	4.67051027702554
c1	Vγ9Vδ2	CD161	3.66413903452033
c1	Vγ9Vδ2	CD161	5.13903188270179
c1	Vγ9Vδ2	CD161	4.38872198740302
c1	Vγ9Vδ2	CD161	4.24618754944476
c1	Vγ9Vδ2	CD161	4.17497912772559
c1	Vγ9Vδ2	CD161	5.19209373992584
c1	Vγ9Vδ2	CD161	4.10928376887285
c1	Vγ9Vδ2	CD161	4.44405354305084
c1	Vγ9Vδ2	CD161	4.2350561611536
c1	Vγ9Vδ2	CD161	5.54405946107134
c1	Vγ9Vδ2	CD161	3.87954121237923
c1	Vγ9Vδ2	CD161	4.35198220364557
c1	Vγ9Vδ2	CD161	2.77702257371422
c1	Vγ9Vδ2	CD161	4.95048809600598
c1	Vγ9Vδ2	CD161	3.96135530329546
c1	Vγ9Vδ2	CD161	5.48933562300306
c1	Vγ9Vδ2	CD161	4.51299632878553
c1	Vγ9Vδ2	CD161	4.23452897796759
c1	Vγ9Vδ2	CD161	4.97438141137348
c1	Vγ9Vδ2	CD161	3.97013423614047
c1	Vγ9Vδ2	CD161	6
c1	Vγ9Vδ2	CD161	4.53796517769658
c1	Vγ9Vδ2	CD161	3.96186310483324
c1	Vγ9Vδ2	CD161	4.65867221237737
c1	Vγ9Vδ2	CD161	4.62912520245603
c1	Vγ9Vδ2	CD161	3.83346610336371
c1	Vγ9Vδ2	CD161	4.2035128579056
c1	Vγ9Vδ2	CD161	5.05041670728984
c1	Vγ9Vδ2	CD161	4.50422932005207
c1	Vγ9Vδ2	CD161	4.41949293113212
c1	Vγ9Vδ2	CD161	3.77359506558771
c1	Vγ9Vδ2	CD161	4.63730595007716
c1	Vγ9Vδ2	CD161	3.89178815416719
c1	Vγ9Vδ2	CD161	4.62426087846587
c1	Vγ9Vδ2	CD161	4.45789024515269
c1	Vγ9Vδ2	CD161	3.89875706663786
c1	Vγ9Vδ2	CD161	3.14798334947298
c1	Vγ9Vδ2	CD161	3.94199107509299
c1	Vγ9Vδ2	CD161	4.63738966773187
c1	Vγ9Vδ2	CD161	5.47313547389632
c1	Vγ9Vδ2	CD161	4.27408919055069
c1	Vγ9Vδ2	CD161	3.78223364453476
c1	Vγ9Vδ2	CD161	3.58994749733474
c1	Vγ9Vδ2	CD161	3.78134440558175
c1	Vγ9Vδ2	CD161	4.0496821896425
c1	Vγ9Vδ2	CD161	5.4862758582383
c1	Vγ9Vδ2	CD161	4.06038176201215
c1	Vγ9Vδ2	CD161	3.86771406105371
c1	Vγ9Vδ2	CD161	4.43056261058654
c1	Vγ9Vδ2	CD161	4.27597242128043
c1	Vγ9Vδ2	CD161	3.71554824161676
c1	Vγ9Vδ2	CD161	4.54916458365304
c1	Vγ9Vδ2	CD161	4.63629044173605
c1	Vγ9Vδ2	CD161	5.7828845487425
c1	Vγ9Vδ2	CD161	5.14350548307157
c1	Vγ9Vδ2	CD161	4.57435778056362
c1	Vγ9Vδ2	CD161	3.65432065169245
c1	Vγ9Vδ2	CD161	4.68840148837266
c1	Vγ9Vδ2	CD161	4.61825015918079
c1	Vγ9Vδ2	CD161	4.03428914540975
c1	Vγ9Vδ2	CD161	3.87076802536585
c1	Vγ9Vδ2	CD161	4.24702608587315
c1	Vγ9Vδ2	CD161	5.3543899138393
c1	Vγ9Vδ2	CD161	4.7385681638736
c1	Vγ9Vδ2	CD161	5.37027634743896
c1	Vγ9Vδ2	CD161	4.5547955103582
c1	Vγ9Vδ2	CD161	3.18330044932637
c1	Vγ9Vδ2	CD161	3.89838266182164
c1	Vγ9Vδ2	CD161	4.09081524555338
c1	Vγ9Vδ2	CD161	4.58917549665867
c1	Vγ9Vδ2	CD161	4.22069150996095
c1	Vγ9Vδ2	CD161	5.30378280448786
c1	Vγ9Vδ2	CD161	4.94172839983018
c1	Vγ9Vδ2	CD161	3.80916725419136
c1	Vγ9Vδ2	CD161	4.3803612049024
c1	Vγ9Vδ2	CD161	4.47072704184561
c1	Vγ9Vδ2	CD161	3.74673087387474
c1	Vγ9Vδ2	CD161	4.49671947019247
c1	Vγ9Vδ2	CD161	5.20624441249792
c1	Vγ9Vδ2	CD161	3.68335040403558
c1	Vγ9Vδ2	CD161	4.53394594896302
c1	Vγ9Vδ2	CD161	4.89877647801607
c1	Vγ9Vδ2	CD161	3.94608824776712
c1	Vγ9Vδ2	CD161	3.39677916596036
c1	Vγ9Vδ2	CD161	4.9202229478982
c1	Vγ9Vδ2	NKG2A	0.982108473157689
c1	Vγ9Vδ2	NKG2A	0.755903675739706
c1	Vγ9Vδ2	NKG2A	0.617019051220052
c1	Vγ9Vδ2	NKG2A	1.65270273978631
c1	Vγ9Vδ2	NKG2A	0.928520302706973
c1	Vγ9Vδ2	NKG2A	1.04538309823293
c1	Vγ9Vδ2	NKG2A	0.783316019373247
c1	Vγ9Vδ2	NKG2A	1.69662872131819
c1	Vγ9Vδ2	NKG2A	0.276905603230555
c1	Vγ9Vδ2	NKG2A	1.48148718961017
c1	Vγ9Vδ2	NKG2A	1.77119394872997
c1	Vγ9Vδ2	NKG2A	1.00506224848115
c1	Vγ9Vδ2	NKG2A	1.61063522628921
c1	Vγ9Vδ2	NKG2A	0.495084250613536
c1	Vγ9Vδ2	NKG2A	1.58811937742875
c1	Vγ9Vδ2	NKG2A	0.721890414411973
c1	Vγ9Vδ2	NKG2A	1.24150484576728
c1	Vγ9Vδ2	NKG2A	0.163642401623924
c1	Vγ9Vδ2	NKG2A	0.655401652034587
c1	Vγ9Vδ2	NKG2A	1.4076563342621
c1	Vγ9Vδ2	NKG2A	1.29673720268164
c1	Vγ9Vδ2	NKG2A	1.30703862704529
c1	Vγ9Vδ2	NKG2A	1.54371072668585
c1	Vγ9Vδ2	NKG2A	1.15296626111774
c1	Vγ9Vδ2	NKG2A	1.76575547925305
c1	Vγ9Vδ2	NKG2A	0.0201926500642673
c1	Vγ9Vδ2	NKG2A	0.455954241411455
c1	Vγ9Vδ2	NKG2A	0.882959793410683
c1	Vγ9Vδ2	NKG2A	1.55477542191289
c1	Vγ9Vδ2	NKG2A	1.3120282649912
c1	Vγ9Vδ2	NKG2A	1.9468616875172
c1	Vγ9Vδ2	NKG2A	1.04800035202065
c1	Vγ9Vδ2	NKG2A	1.20376453482903
c1	Vγ9Vδ2	NKG2A	1.9636040931225
c1	Vγ9Vδ2	NKG2A	1.02267000286621
c1	Vγ9Vδ2	NKG2A	0.764531280536499
c1	Vγ9Vδ2	NKG2A	1.91695559240944
c1	Vγ9Vδ2	NKG2A	1.93598285185875
c1	Vγ9Vδ2	NKG2A	1.39228982358922
c1	Vγ9Vδ2	NKG2A	2.00030572283407
c1	Vγ9Vδ2	NKG2A	1.58438998572245
c1	Vγ9Vδ2	NKG2A	0
c1	Vγ9Vδ2	NKG2A	1.82134709349455
c1	Vγ9Vδ2	NKG2A	1.25063724899815
c1	Vγ9Vδ2	NKG2A	0.0601489865549059
c1	Vγ9Vδ2	NKG2A	0.211316360649281
c1	Vγ9Vδ2	NKG2A	0.578583573437775
c1	Vγ9Vδ2	NKG2A	1.38333397072749
c1	Vγ9Vδ2	NKG2A	1.1452808582816
c1	Vγ9Vδ2	NKG2A	1.61592075855024
c1	Vγ9Vδ2	NKG2A	1.91653333713235
c1	Vγ9Vδ2	NKG2A	1.72845342515047
c1	Vγ9Vδ2	NKG2A	0
c1	Vγ9Vδ2	NKG2A	0.81990839644597
c1	Vγ9Vδ2	NKG2A	0.237407161326807
c1	Vγ9Vδ2	NKG2A	1.66110052399395
c1	Vγ9Vδ2	NKG2A	1.35449715874592
c1	Vγ9Vδ2	NKG2A	0.853179740362731
c1	Vγ9Vδ2	NKG2A	1.52706656653617
c1	Vγ9Vδ2	NKG2A	0.242748681959082
c1	Vγ9Vδ2	NKG2A	0.811073507903827
c1	Vγ9Vδ2	NKG2A	0.654640824653516
c1	Vγ9Vδ2	NKG2A	1.01070715237274
c1	Vγ9Vδ2	NKG2A	1.10967443688497
c1	Vγ9Vδ2	NKG2A	1.47626527402677
c1	Vγ9Vδ2	NKG2A	1.81290535840761
c1	Vγ9Vδ2	NKG2A	1.36701692641712
c1	Vγ9Vδ2	NKG2A	1.21366146971534
c1	Vγ9Vδ2	NKG2A	1.01618452881523
c1	Vγ9Vδ2	NKG2A	1.01847266670891
c1	Vγ9Vδ2	NKG2A	1.88962636554869
c1	Vγ9Vδ2	NKG2A	0.774609899910667
c1	Vγ9Vδ2	NKG2A	0.605256499329846
c1	Vγ9Vδ2	NKG2A	1.28484797890014
c1	Vγ9Vδ2	NKG2A	1.99820373662048
c1	Vγ9Vδ2	NKG2A	1.50972229229885
c1	Vγ9Vδ2	NKG2A	1.15029639625231
c1	Vγ9Vδ2	NKG2A	0
c1	Vγ9Vδ2	NKG2A	2.31952647839573
c1	Vγ9Vδ2	NKG2A	0.941030316204108
c1	Vγ9Vδ2	NKG2A	0.315703703252652
c1	Vγ9Vδ2	NKG2A	0.995762325724935
c1	Vγ9Vδ2	NKG2A	0.546302944298082
c1	Vγ9Vδ2	NKG2A	0.0868047220093562
c1	Vγ9Vδ2	NKG2A	0.502554151369877
c1	Vγ9Vδ2	NKG2A	1.28421689397264
c1	Vγ9Vδ2	NKG2A	1.05579682367596
c1	Vγ9Vδ2	NKG2A	0.934480748176145
c1	Vγ9Vδ2	NKG2A	1.42805262884639
c1	Vγ9Vδ2	NKG2A	0
c1	Vγ9Vδ2	CD31	0.145204199813242
c1	Vγ9Vδ2	CD31	1.27558464628636
c1	Vγ9Vδ2	CD31	0.952076260366205
c1	Vγ9Vδ2	CD31	1.54483568872293
c1	Vγ9Vδ2	CD31	1.10476097942781
c1	Vγ9Vδ2	CD31	1.80495253286154
c1	Vγ9Vδ2	CD31	0.215289202565069
c1	Vγ9Vδ2	CD31	0.642066373571686
c1	Vγ9Vδ2	CD31	1.27443660557385
c1	Vγ9Vδ2	CD31	1.40288432678449
c1	Vγ9Vδ2	CD31	0.463459115014173
c1	Vγ9Vδ2	CD31	1.88387686452842
c1	Vγ9Vδ2	CD31	0
c1	Vγ9Vδ2	CD31	1.39267809788111
c1	Vγ9Vδ2	CD31	1.37861400223165
c1	Vγ9Vδ2	CD31	1.15265032713963
c1	Vγ9Vδ2	CD31	0.410590540358693
c1	Vγ9Vδ2	CD31	1.122839036101
c1	Vγ9Vδ2	CD31	1.88530506620975
c1	Vγ9Vδ2	CD31	0.472379549817373
c1	Vγ9Vδ2	CD31	2.24923986299722
c1	Vγ9Vδ2	CD31	0.860271599639676
c1	Vγ9Vδ2	CD31	0.35529570337331
c1	Vγ9Vδ2	CD31	0.892130182655828
c1	Vγ9Vδ2	CD31	0.554598817964552
c1	Vγ9Vδ2	CD31	0.131620747354638
c1	Vγ9Vδ2	CD31	0.987311377658873
c1	Vγ9Vδ2	CD31	0.84785772335068
c1	Vγ9Vδ2	CD31	0.0128906491810364
c1	Vγ9Vδ2	CD31	1.4825570228802
c1	Vγ9Vδ2	CD31	1.02909162762731
c1	Vγ9Vδ2	CD31	0.676899392660064
c1	Vγ9Vδ2	CD31	1.14566034974431
c1	Vγ9Vδ2	CD31	1.37373753226863
c1	Vγ9Vδ2	CD31	1.77103379182683
c1	Vγ9Vδ2	CD31	0.738966992970236
c1	Vγ9Vδ2	CD31	0.632918025618717
c1	Vγ9Vδ2	CD31	1.98330591719029
c1	Vγ9Vδ2	CD31	1.45371725017014
c1	Vγ9Vδ2	CD31	1.26601289104869
c1	Vγ9Vδ2	CD31	1.10827879012486
c1	Vγ9Vδ2	CD31	1.18888788494588
c1	Vγ9Vδ2	CD31	0.85822469301711
c1	Vγ9Vδ2	CD31	1.95134819580602
c1	Vγ9Vδ2	CD31	0.816243384573871
c1	Vγ9Vδ2	CD31	0.802416612624019
c1	Vγ9Vδ2	CD31	0.74284268375007
c1	Vγ9Vδ2	CD31	1.28632426917059
c1	Vγ9Vδ2	CD31	0.385331020178133
c1	Vγ9Vδ2	CD31	0.456035008527542
c1	Vγ9Vδ2	CD31	1.66286070759011
c1	Vγ9Vδ2	CD31	0
c1	Vγ9Vδ2	CD31	1.44424402144877
c1	Vγ9Vδ2	CD31	0.976986192191471
c1	Vγ9Vδ2	CD31	1.91310438325934
c1	Vγ9Vδ2	CD31	1.72987960874024
c1	Vγ9Vδ2	CD31	0.591573666963819
c1	Vγ9Vδ2	CD31	0.900857158339082
c1	Vγ9Vδ2	CD31	0
c1	Vγ9Vδ2	CD31	0.808556496462085
c1	Vγ9Vδ2	CD31	1.43577263049451
c1	Vγ9Vδ2	CD31	0.712638544128125
c1	Vγ9Vδ2	CD31	0.325639090033672
c1	Vγ9Vδ2	CD31	1.27677885449544
c1	Vγ9Vδ2	CD31	0.767977161045574
c1	Vγ9Vδ2	CD31	1.4932771385382
c1	Vγ9Vδ2	CD31	0.368037499939024
c1	Vγ9Vδ2	CD31	0
c1	Vγ9Vδ2	CD31	0.693898152881706
c1	Vγ9Vδ2	CD31	0.747591387793113
c1	Vγ9Vδ2	CD31	0.790081234435886
c1	Vγ9Vδ2	CD31	1.20049513773194
c1	Vγ9Vδ2	CD31	1.00258155982604
c1	Vγ9Vδ2	CD31	1.84643607562315
c1	Vγ9Vδ2	CD31	0.240126423576582
c1	Vγ9Vδ2	CD31	0.808702664552129
c1	Vγ9Vδ2	CD31	1.07065951472431
c1	Vγ9Vδ2	CD31	1.85970827468051
c1	Vγ9Vδ2	CD31	0.957093518905812
c1	Vγ9Vδ2	CD31	1.8165044452597
c1	Vγ9Vδ2	CD31	0.0141842470960257
c1	Vγ9Vδ2	CD31	0.85197403416671
c1	Vγ9Vδ2	CD31	0.847200835342836
c1	Vγ9Vδ2	CD31	1.70534212856279
c1	Vγ9Vδ2	CD31	1.42256642746598
c1	Vγ9Vδ2	CD31	0.75062411580893
c1	Vγ9Vδ2	CD31	0
c1	Vγ9Vδ2	CD31	0.455951969450961
c1	Vγ9Vδ2	CD31	0.980424439475423
c1	Vγ9Vδ2	CD31	0.725692954784513
c1	Vγ9Vδ2	CD8	2.1225253433905
c1	Vγ9Vδ2	CD8	0.573161986723415
c1	Vγ9Vδ2	CD8	1.00623895973061
c1	Vγ9Vδ2	CD8	1.7011646049911
c1	Vγ9Vδ2	CD8	2.07101970003874
c1	Vγ9Vδ2	CD8	1.65170102279431
c1	Vγ9Vδ2	CD8	0.754732619866046
c1	Vγ9Vδ2	CD8	2.40446498865647
c1	Vγ9Vδ2	CD8	1.34357630632695
c1	Vγ9Vδ2	CD8	0
c1	Vγ9Vδ2	CD8	1.46875488391011
c1	Vγ9Vδ2	CD8	1.72692300008349
c1	Vγ9Vδ2	CD8	1.82898953154091
c1	Vγ9Vδ2	CD8	1.16409439155056
c1	Vγ9Vδ2	CD8	1.68622357943339
c1	Vγ9Vδ2	CD8	1.71344951240504
c1	Vγ9Vδ2	CD8	2.03238405623607
c1	Vγ9Vδ2	CD8	1.55490338948429
c1	Vγ9Vδ2	CD8	2.13103796430546
c1	Vγ9Vδ2	CD8	2.08555666459589
c1	Vγ9Vδ2	CD8	1.77734097435852
c1	Vγ9Vδ2	CD8	0.940591183327509
c1	Vγ9Vδ2	CD8	2.54455457899967
c1	Vγ9Vδ2	CD8	2.10260464439271
c1	Vγ9Vδ2	CD8	0.637469694293248
c1	Vγ9Vδ2	CD8	2.17203909667985
c1	Vγ9Vδ2	CD8	2.31471451416133
c1	Vγ9Vδ2	CD8	1.19616322789947
c1	Vγ9Vδ2	CD8	1.1600625394914
c1	Vγ9Vδ2	CD8	0.647322215878138
c1	Vγ9Vδ2	CD8	1.88982829356251
c1	Vγ9Vδ2	CD8	1.45401902821532
c1	Vγ9Vδ2	CD8	2.56318951647067
c1	Vγ9Vδ2	CD8	1.02874989210643
c1	Vγ9Vδ2	CD8	0.259873223541397
c1	Vγ9Vδ2	CD8	0.945846187856162
c1	Vγ9Vδ2	CD8	2.53163772021562
c1	Vγ9Vδ2	CD8	1.76208414532823
c1	Vγ9Vδ2	CD8	0.157309110115818
c1	Vγ9Vδ2	CD8	1.163942555973
c1	Vγ9Vδ2	CD8	2.37041414565818
c1	Vγ9Vδ2	CD8	0.25902793184943
c1	Vγ9Vδ2	CD8	0.192243878408126
c1	Vγ9Vδ2	CD8	0.991056476257527
c1	Vγ9Vδ2	CD8	2.28827592763624
c1	Vγ9Vδ2	CD8	0.990452394442163
c1	Vγ9Vδ2	CD8	2.17909642665424
c1	Vγ9Vδ2	CD8	1.88096591351041
c1	Vγ9Vδ2	CD8	1.83250754202376
c1	Vγ9Vδ2	CD8	1.11503872065565
c1	Vγ9Vδ2	CD8	1.45319684908019
c1	Vγ9Vδ2	CD8	2.23727237494924
c1	Vγ9Vδ2	CD8	1.73195465325552
c1	Vγ9Vδ2	CD8	1.47269608937004
c1	Vγ9Vδ2	CD8	1.67710495480419
c1	Vγ9Vδ2	CD8	2.05691637434409
c1	Vγ9Vδ2	CD8	3.11276793656877
c1	Vγ9Vδ2	CD8	0.698876795703083
c1	Vγ9Vδ2	CD8	1.6685924096147
c1	Vγ9Vδ2	CD8	1.77038011817892
c1	Vγ9Vδ2	CD8	1.24765384871341
c1	Vγ9Vδ2	CD8	1.37438197628192
c1	Vγ9Vδ2	CD8	1.55239862268874
c1	Vγ9Vδ2	CD8	1.19262288979919
c1	Vγ9Vδ2	CD8	1.0819008500942
c1	Vγ9Vδ2	CD8	1.04426862174878
c1	Vγ9Vδ2	CD8	1.60504680361518
c1	Vγ9Vδ2	CD8	1.2716348884332
c1	Vγ9Vδ2	CD8	1.85466119432956
c1	Vγ9Vδ2	CD8	2.93027605808862
c1	Vγ9Vδ2	CD8	1.26488247761359
c1	Vγ9Vδ2	CD8	1.47833629367463
c1	Vγ9Vδ2	CD8	0.707938918423071
c1	Vγ9Vδ2	CD8	0.888969918763897
c1	Vγ9Vδ2	CD8	2.11947726455546
c1	Vγ9Vδ2	CD8	1.88922305948366
c1	Vγ9Vδ2	CD8	1.6796714865252
c1	Vγ9Vδ2	CD8	1.49922827387864
c1	Vγ9Vδ2	CD8	0.693179510862854
c1	Vγ9Vδ2	CD8	1.20389887686511
c1	Vγ9Vδ2	CD8	2.27764615088002
c1	Vγ9Vδ2	CD8	0.909339366563601
c1	Vγ9Vδ2	CD8	1.96809451728781
c1	Vγ9Vδ2	CD8	0.950763021464113
c1	Vγ9Vδ2	CD8	1.02838351446323
c1	Vγ9Vδ2	CD8	1.10980475765361
c1	Vγ9Vδ2	CD8	1.98883558597587
c1	Vγ9Vδ2	CD8	0.954502632132244
c1	Vγ9Vδ2	CD8	1.26329481071564
c1	Vγ9Vδ2	CD8	1.9635168515073
c1	Vγ9Vδ2	CD57	1.08698959269748
c1	Vγ9Vδ2	CD57	1.0723341546298
c1	Vγ9Vδ2	CD57	1.4796861040307
c1	Vγ9Vδ2	CD57	0.361194335652982
c1	Vγ9Vδ2	CD57	0.0760850830905767
c1	Vγ9Vδ2	CD57	0.405734822390544
c1	Vγ9Vδ2	CD57	0.734938511491413
c1	Vγ9Vδ2	CD57	1.05670186859292
c1	Vγ9Vδ2	CD57	0.545836261579954
c1	Vγ9Vδ2	CD57	0.785966970863485
c1	Vγ9Vδ2	CD57	1.27000382938294
c1	Vγ9Vδ2	CD57	0.59027111980544
c1	Vγ9Vδ2	CD57	1.17821811937226
c1	Vγ9Vδ2	CD57	0.486266735912076
c1	Vγ9Vδ2	CD57	0.318481052420672
c1	Vγ9Vδ2	CD57	2.4937321302661
c1	Vγ9Vδ2	CD57	0.578258522362874
c1	Vγ9Vδ2	CD57	0.92137757420779
c1	Vγ9Vδ2	CD57	0.925322755162056
c1	Vγ9Vδ2	CD57	0.853790250914895
c1	Vγ9Vδ2	CD57	0.8633999161331
c1	Vγ9Vδ2	CD57	0.829199888362295
c1	Vγ9Vδ2	CD57	0.824295854771651
c1	Vγ9Vδ2	CD57	1.51074308866806
c1	Vγ9Vδ2	CD57	0.329640825459465
c1	Vγ9Vδ2	CD57	1.08510521398635
c1	Vγ9Vδ2	CD57	0.603518481223606
c1	Vγ9Vδ2	CD57	1.45198748695649
c1	Vγ9Vδ2	CD57	0
c1	Vγ9Vδ2	CD57	1.87705186550574
c1	Vγ9Vδ2	CD57	0.682415351335541
c1	Vγ9Vδ2	CD57	0.236016776318121
c1	Vγ9Vδ2	CD57	1.49875000567887
c1	Vγ9Vδ2	CD57	0.489085817126117
c1	Vγ9Vδ2	CD57	1.34855808620935
c1	Vγ9Vδ2	CD57	1.58350607510763
c1	Vγ9Vδ2	CD57	0.308522910635452
c1	Vγ9Vδ2	CD57	0.64882728406024
c1	Vγ9Vδ2	CD57	0.599271732050191
c1	Vγ9Vδ2	CD57	1.82206418758413
c1	Vγ9Vδ2	CD57	0
c1	Vγ9Vδ2	CD57	0.161646360372835
c1	Vγ9Vδ2	CD57	1.25509577031572
c1	Vγ9Vδ2	CD57	1.01469472918672
c1	Vγ9Vδ2	CD57	0.203001460974763
c1	Vγ9Vδ2	CD57	0
c1	Vγ9Vδ2	CD57	0.552430746331599
c1	Vγ9Vδ2	CD57	1.02834703474922
c1	Vγ9Vδ2	CD57	0
c1	Vγ9Vδ2	CD57	0.428196503233244
c1	Vγ9Vδ2	CD57	0.194516325841739
c1	Vγ9Vδ2	CD57	1.10367601352265
c1	Vγ9Vδ2	CD57	0
c1	Vγ9Vδ2	CD57	1.6291627772714
c1	Vγ9Vδ2	CD57	0.86414108765292
c1	Vγ9Vδ2	CD57	0.313788358706947
c1	Vγ9Vδ2	CD57	1.22789298131967
c1	Vγ9Vδ2	CD57	1.32714961656305
c1	Vγ9Vδ2	CD57	0.70424977652396
c1	Vγ9Vδ2	CD57	1.68865844163587
c1	Vγ9Vδ2	CD57	2.08960121389222
c1	Vγ9Vδ2	CD57	0.808668763489204
c1	Vγ9Vδ2	CD57	0.622876298635435
c1	Vγ9Vδ2	CD57	0.693180633598585
c1	Vγ9Vδ2	CD57	0.932835807240793
c1	Vγ9Vδ2	CD57	1.0096123326515
c1	Vγ9Vδ2	CD57	0
c1	Vγ9Vδ2	CD57	1.12225460136999
c1	Vγ9Vδ2	CD57	1.05408128228151
c1	Vγ9Vδ2	CD57	0.652543475028181
c1	Vγ9Vδ2	CD57	0.179573919445812
c1	Vγ9Vδ2	CD57	0.527961652307953
c1	Vγ9Vδ2	CD57	0.295934304426228
c1	Vγ9Vδ2	CD57	0.943460392339691
c1	Vγ9Vδ2	CD57	0.979270761025732
c1	Vγ9Vδ2	CD57	0.995787425829132
c1	Vγ9Vδ2	CD57	1.2129696247502
c1	Vγ9Vδ2	CD57	0.487189367633153
c1	Vγ9Vδ2	CD57	1.97230755967452
c1	Vγ9Vδ2	CD57	0.358726488924572
c1	Vγ9Vδ2	CD57	0.225043536277453
c1	Vγ9Vδ2	CD57	0.766629209421083
c1	Vγ9Vδ2	CD57	0.858032973595238
c1	Vγ9Vδ2	CD57	0.751242023340178
c1	Vγ9Vδ2	CD57	1.05954040076111
c1	Vγ9Vδ2	CD57	0.290238374974338
c1	Vγ9Vδ2	CD57	0.98951405496764
c1	Vγ9Vδ2	CD57	2.30076460773961
c1	Vγ9Vδ2	CD57	1.48886724019574
c1	Vγ9Vδ2	CD57	0.163799863697045
c1	Vγ9Vδ2	CD28	3.36212243604551
c1	Vγ9Vδ2	CD28	3.107407415495
c1	Vγ9Vδ2	CD28	3.42893761199152
c1	Vγ9Vδ2	CD28	3.50464764228234
c1	Vγ9Vδ2	CD28	4.21624044249645
c1	Vγ9Vδ2	CD28	3.33229909389301
c1	Vγ9Vδ2	CD28	3.34974644874308
c1	Vγ9Vδ2	CD28	3.26167588028524
c1	Vγ9Vδ2	CD28	4.21685777300891
c1	Vγ9Vδ2	CD28	4.23529896233883
c1	Vγ9Vδ2	CD28	2.56989177649153
c1	Vγ9Vδ2	CD28	3.73182341960859
c1	Vγ9Vδ2	CD28	3.56264213137833
c1	Vγ9Vδ2	CD28	4.06322029101632
c1	Vγ9Vδ2	CD28	4.05771089997247
c1	Vγ9Vδ2	CD28	2.9614601187767
c1	Vγ9Vδ2	CD28	4.06062592952395
c1	Vγ9Vδ2	CD28	3.84525236663133
c1	Vγ9Vδ2	CD28	3.29647931862918
c1	Vγ9Vδ2	CD28	3.75438054896215
c1	Vγ9Vδ2	CD28	2.92718571206289
c1	Vγ9Vδ2	CD28	3.48828018517148
c1	Vγ9Vδ2	CD28	3.42677816770113
c1	Vγ9Vδ2	CD28	3.13495001283209
c1	Vγ9Vδ2	CD28	3.84831793770985
c1	Vγ9Vδ2	CD28	1.71453403451156
c1	Vγ9Vδ2	CD28	3.69441600617805
c1	Vγ9Vδ2	CD28	3.43413773640786
c1	Vγ9Vδ2	CD28	3.95153712493771
c1	Vγ9Vδ2	CD28	3.59834519351356
c1	Vγ9Vδ2	CD28	3.75038931195325
c1	Vγ9Vδ2	CD28	4.35364729133205
c1	Vγ9Vδ2	CD28	3.91495036981835
c1	Vγ9Vδ2	CD28	3.44396518669926
c1	Vγ9Vδ2	CD28	3.8131103174304
c1	Vγ9Vδ2	CD28	3.77238428054376
c1	Vγ9Vδ2	CD28	4.35252146110115
c1	Vγ9Vδ2	CD28	3.90711221954371
c1	Vγ9Vδ2	CD28	3.71715254961679
c1	Vγ9Vδ2	CD28	3.2886067534161
c1	Vγ9Vδ2	CD28	3.78120657909253
c1	Vγ9Vδ2	CD28	3.26365934422449
c1	Vγ9Vδ2	CD28	3.93003600477276
c1	Vγ9Vδ2	CD28	3.55542470417737
c1	Vγ9Vδ2	CD28	2.57800084516673
c1	Vγ9Vδ2	CD28	4.26575893376112
c1	Vγ9Vδ2	CD28	4.96410900388625
c1	Vγ9Vδ2	CD28	3.32059628334699
c1	Vγ9Vδ2	CD28	4.37792279513761
c1	Vγ9Vδ2	CD28	3.24304455799239
c1	Vγ9Vδ2	CD28	3.00918173296935
c1	Vγ9Vδ2	CD28	4.99790473737693
c1	Vγ9Vδ2	CD28	4.687127869627
c1	Vγ9Vδ2	CD28	3.9172005570049
c1	Vγ9Vδ2	CD28	3.07804204926
c1	Vγ9Vδ2	CD28	3.38768533592882
c1	Vγ9Vδ2	CD28	3.97937940773343
c1	Vγ9Vδ2	CD28	3.88452858463895
c1	Vγ9Vδ2	CD28	3.80478923504566
c1	Vγ9Vδ2	CD28	3.40128340385631
c1	Vγ9Vδ2	CD28	3.52668875451479
c1	Vγ9Vδ2	CD28	3.40070100161024
c1	Vγ9Vδ2	CD28	4.18831546830144
c1	Vγ9Vδ2	CD28	4.25667032287521
c1	Vγ9Vδ2	CD28	3.73047364133643
c1	Vγ9Vδ2	CD28	3.70026899107651
c1	Vγ9Vδ2	CD28	3.86589835713619
c1	Vγ9Vδ2	CD28	4.05202766905335
c1	Vγ9Vδ2	CD28	4.1109575223755
c1	Vγ9Vδ2	CD28	4.09320028953281
c1	Vγ9Vδ2	CD28	4.68512760536326
c1	Vγ9Vδ2	CD28	4.73509832441275
c1	Vγ9Vδ2	CD28	3.63657067096052
c1	Vγ9Vδ2	CD28	3.87966373933913
c1	Vγ9Vδ2	CD28	4.77042826899062
c1	Vγ9Vδ2	CD28	2.44133609597594
c1	Vγ9Vδ2	CD28	2.55788225394203
c1	Vγ9Vδ2	CD28	4.31872079332956
c1	Vγ9Vδ2	CD28	2.76603210737748
c1	Vγ9Vδ2	CD28	4.50079685830192
c1	Vγ9Vδ2	CD28	5.00346580011114
c1	Vγ9Vδ2	CD28	3.27277527515873
c1	Vγ9Vδ2	CD28	3.42428506747964
c1	Vγ9Vδ2	CD28	2.17313429888801
c1	Vγ9Vδ2	CD28	3.6492098786243
c1	Vγ9Vδ2	CD28	3.43319986982305
c1	Vγ9Vδ2	CD28	4.01063049322459
c1	Vγ9Vδ2	CD28	4.14605200531728
c1	Vγ9Vδ2	CD28	3.78283358379671
c1	Vγ9Vδ2	CD28	3.10293457513573
c2	Vγ9Vδ2	CD161	2.05806015402042
c2	Vγ9Vδ2	CD161	3.91865203189616
c2	Vγ9Vδ2	CD161	3.99899686054679
c2	Vγ9Vδ2	CD161	3.0406765376088
c2	Vγ9Vδ2	CD161	3.41845080741515
c2	Vγ9Vδ2	CD161	4.26835999926247
c2	Vγ9Vδ2	CD161	3.15246044849511
c2	Vγ9Vδ2	CD161	3.66910054170656
c2	Vγ9Vδ2	CD161	2.97750608946182
c2	Vγ9Vδ2	CD161	3.07259448951717
c2	Vγ9Vδ2	CD161	3.72321516066051
c2	Vγ9Vδ2	CD161	2.97459529289141
c2	Vγ9Vδ2	CD161	2.17853566287514
c2	Vγ9Vδ2	CD161	4.51582346608676
c2	Vγ9Vδ2	CD161	3.69331843709158
c2	Vγ9Vδ2	CD161	3.55943219113008
c2	Vγ9Vδ2	CD161	3.72821286182702
c2	Vγ9Vδ2	CD161	4.06656975991018
c2	Vγ9Vδ2	CD161	3.17807438996149
c2	Vγ9Vδ2	CD161	3.53165186037252
c2	Vγ9Vδ2	CD161	3.50756295062077
c2	Vγ9Vδ2	CD161	3.64434331519771
c2	Vγ9Vδ2	CD161	2.48289006760309
c2	Vγ9Vδ2	CD161	4.06454127490778
c2	Vγ9Vδ2	CD161	3.75108872123716
c2	Vγ9Vδ2	CD161	3.45512240265968
c2	Vγ9Vδ2	CD161	2.8682597672485
c2	Vγ9Vδ2	CD161	3.82429993801505
c2	Vγ9Vδ2	CD161	5.03798813875394
c2	Vγ9Vδ2	CD161	3.72271968347473
c2	Vγ9Vδ2	CD161	4.1199119228682
c2	Vγ9Vδ2	CD161	3.37233681357135
c2	Vγ9Vδ2	CD161	4.02462073419596
c2	Vγ9Vδ2	CD161	3.84369044995001
c2	Vγ9Vδ2	CD161	3.71695024406045
c2	Vγ9Vδ2	CD161	3.86772106993315
c2	Vγ9Vδ2	CD161	4.01549947959039
c2	Vγ9Vδ2	CD161	3.40358194605717
c2	Vγ9Vδ2	CD161	3.94044157261891
c2	Vγ9Vδ2	CD161	3.95175559714521
c2	Vγ9Vδ2	CD161	2.84399077366086
c2	Vγ9Vδ2	CD161	3.82619705637511
c2	Vγ9Vδ2	CD161	2.83127008894313
c2	Vγ9Vδ2	CD161	3.73725142079218
c2	Vγ9Vδ2	CD161	3.47648545038362
c2	Vγ9Vδ2	CD161	3.11448147426997
c2	Vγ9Vδ2	CD161	2.99321017008397
c2	Vγ9Vδ2	CD161	4.56311840095545
c2	Vγ9Vδ2	CD161	3.57693382832883
c2	Vγ9Vδ2	CD161	3.33558667896643
c2	Vγ9Vδ2	CD161	2.55668504474043
c2	Vγ9Vδ2	CD161	4.52602390944447
c2	Vγ9Vδ2	CD161	3.89042221098741
c2	Vγ9Vδ2	CD161	3.08265942886295
c2	Vγ9Vδ2	CD161	3.21982086883232
c2	Vγ9Vδ2	CD161	3.77822074390591
c2	Vγ9Vδ2	CD161	3.26767879443326
c2	Vγ9Vδ2	CD161	5.16134011009217
c2	Vγ9Vδ2	CD161	2.69665434190252
c2	Vγ9Vδ2	CD161	2.7199238488904
c2	Vγ9Vδ2	CD161	3.02061445235796
c2	Vγ9Vδ2	CD161	3.76943318628988
c2	Vγ9Vδ2	CD161	3.80235611946813
c2	Vγ9Vδ2	CD161	3.19431053419237
c2	Vγ9Vδ2	CD161	3.84267145380944
c2	Vγ9Vδ2	CD161	3.15985705505723
c2	Vγ9Vδ2	CD161	3.72542070227338
c2	Vγ9Vδ2	CD161	3.99047930219404
c2	Vγ9Vδ2	CD161	4.2532580043145
c2	Vγ9Vδ2	CD161	2.43834498590328
c2	Vγ9Vδ2	CD161	4.32634893162636
c2	Vγ9Vδ2	CD161	4.08700928370365
c2	Vγ9Vδ2	CD161	3.92225223848025
c2	Vγ9Vδ2	CD161	3.62312611087962
c2	Vγ9Vδ2	CD161	2.39046369513794
c2	Vγ9Vδ2	CD161	3.88215218371122
c2	Vγ9Vδ2	CD161	3.28469578819273
c2	Vγ9Vδ2	CD161	3.31927393863388
c2	Vγ9Vδ2	CD161	3.7547148588346
c2	Vγ9Vδ2	CD161	3.22177069262405
c2	Vγ9Vδ2	CD161	3.28881051306847
c2	Vγ9Vδ2	CD161	3.56519561959739
c2	Vγ9Vδ2	CD161	4.6942232972853
c2	Vγ9Vδ2	CD161	4.18344481853516
c2	Vγ9Vδ2	CD161	3.22872506211751
c2	Vγ9Vδ2	CD161	3.39741651640151
c2	Vγ9Vδ2	CD161	4.06075817041945
c2	Vγ9Vδ2	CD161	4.1577288852412
c2	Vγ9Vδ2	CD161	4.14388865849997
c2	Vγ9Vδ2	CD161	3.3399916118781
c2	Vγ9Vδ2	NKG2A	1.97740312628726
c2	Vγ9Vδ2	NKG2A	0.758282710875109
c2	Vγ9Vδ2	NKG2A	2.16238149045955
c2	Vγ9Vδ2	NKG2A	1.88183552481453
c2	Vγ9Vδ2	NKG2A	1.84063230104854
c2	Vγ9Vδ2	NKG2A	2.06813569755596
c2	Vγ9Vδ2	NKG2A	1.08012455590896
c2	Vγ9Vδ2	NKG2A	2.20016690036373
c2	Vγ9Vδ2	NKG2A	1.42885681865596
c2	Vγ9Vδ2	NKG2A	0.91490318345951
c2	Vγ9Vδ2	NKG2A	2.05925576071923
c2	Vγ9Vδ2	NKG2A	1.72515234609055
c2	Vγ9Vδ2	NKG2A	2.05289778570981
c2	Vγ9Vδ2	NKG2A	1.53455142663748
c2	Vγ9Vδ2	NKG2A	1.16166126852127
c2	Vγ9Vδ2	NKG2A	2.80742704497164
c2	Vγ9Vδ2	NKG2A	0.822196238327796
c2	Vγ9Vδ2	NKG2A	0.968718652714893
c2	Vγ9Vδ2	NKG2A	1.90604484249701
c2	Vγ9Vδ2	NKG2A	1.16260996375304
c2	Vγ9Vδ2	NKG2A	0.701683816573387
c2	Vγ9Vδ2	NKG2A	2.07469841879846
c2	Vγ9Vδ2	NKG2A	1.96731385221723
c2	Vγ9Vδ2	NKG2A	1.24801926238509
c2	Vγ9Vδ2	NKG2A	1.244785343601
c2	Vγ9Vδ2	NKG2A	1.6031055447448
c2	Vγ9Vδ2	NKG2A	1.53845806113726
c2	Vγ9Vδ2	NKG2A	1.55428827314701
c2	Vγ9Vδ2	NKG2A	2.57716892822123
c2	Vγ9Vδ2	NKG2A	0.0161808071259815
c2	Vγ9Vδ2	NKG2A	1.7628665721484
c2	Vγ9Vδ2	NKG2A	2.1749030918234
c2	Vγ9Vδ2	NKG2A	2.13856765551508
c2	Vγ9Vδ2	NKG2A	0.298562215030013
c2	Vγ9Vδ2	NKG2A	2.71228374101479
c2	Vγ9Vδ2	NKG2A	0.848823767303329
c2	Vγ9Vδ2	NKG2A	0.686851747810047
c2	Vγ9Vδ2	NKG2A	0.206647998600592
c2	Vγ9Vδ2	NKG2A	1.86234251148224
c2	Vγ9Vδ2	NKG2A	1.83903758076646
c2	Vγ9Vδ2	NKG2A	2.08371815555605
c2	Vγ9Vδ2	NKG2A	1.61309869396827
c2	Vγ9Vδ2	NKG2A	2.08485058604637
c2	Vγ9Vδ2	NKG2A	1.30282709210506
c2	Vγ9Vδ2	NKG2A	0.947502744805886
c2	Vγ9Vδ2	NKG2A	1.97709959086394
c2	Vγ9Vδ2	NKG2A	0.620179149862144
c2	Vγ9Vδ2	NKG2A	2.46846811244861
c2	Vγ9Vδ2	NKG2A	2.32360829280018
c2	Vγ9Vδ2	NKG2A	1.8348960818603
c2	Vγ9Vδ2	NKG2A	0.606138069002523
c2	Vγ9Vδ2	NKG2A	2.5585257055734
c2	Vγ9Vδ2	NKG2A	1.8453399137444
c2	Vγ9Vδ2	NKG2A	1.04234883669094
c2	Vγ9Vδ2	NKG2A	2.10444813092502
c2	Vγ9Vδ2	NKG2A	1.09271795398261
c2	Vγ9Vδ2	NKG2A	0.90163007383786
c2	Vγ9Vδ2	NKG2A	1.1990907187671
c2	Vγ9Vδ2	NKG2A	1.59483137896873
c2	Vγ9Vδ2	NKG2A	1.03677048289316
c2	Vγ9Vδ2	NKG2A	1.81090555340752
c2	Vγ9Vδ2	NKG2A	1.68648301368448
c2	Vγ9Vδ2	NKG2A	1.70503301033974
c2	Vγ9Vδ2	NKG2A	1.84441246810448
c2	Vγ9Vδ2	NKG2A	1.39383586185814
c2	Vγ9Vδ2	NKG2A	2.81513433956212
c2	Vγ9Vδ2	NKG2A	2.32286464945838
c2	Vγ9Vδ2	NKG2A	1.95442979004929
c2	Vγ9Vδ2	NKG2A	1.50395083031613
c2	Vγ9Vδ2	NKG2A	1.84235837365368
c2	Vγ9Vδ2	NKG2A	1.39561812978197
c2	Vγ9Vδ2	NKG2A	1.57611204443039
c2	Vγ9Vδ2	NKG2A	1.65930233354908
c2	Vγ9Vδ2	NKG2A	1.609253655445
c2	Vγ9Vδ2	NKG2A	2.2378246892308
c2	Vγ9Vδ2	NKG2A	0.902180599114039
c2	Vγ9Vδ2	NKG2A	2.62363279915413
c2	Vγ9Vδ2	NKG2A	1.16165832765563
c2	Vγ9Vδ2	NKG2A	2.30573432832369
c2	Vγ9Vδ2	NKG2A	0.962274816944341
c2	Vγ9Vδ2	NKG2A	1.76948144490714
c2	Vγ9Vδ2	NKG2A	0.859328556492839
c2	Vγ9Vδ2	NKG2A	1.46242535279982
c2	Vγ9Vδ2	NKG2A	1.41188233606279
c2	Vγ9Vδ2	NKG2A	1.55745510762052
c2	Vγ9Vδ2	NKG2A	1.09118824527263
c2	Vγ9Vδ2	NKG2A	2.22780775503747
c2	Vγ9Vδ2	NKG2A	0.993838581544252
c2	Vγ9Vδ2	NKG2A	1.85131651924201
c2	Vγ9Vδ2	NKG2A	1.21950705150775
c2	Vγ9Vδ2	CD31	3.55963967184665
c2	Vγ9Vδ2	CD31	2.28998750377809
c2	Vγ9Vδ2	CD31	2.1561245272972
c2	Vγ9Vδ2	CD31	2.98486781328131
c2	Vγ9Vδ2	CD31	2.24066520603033
c2	Vγ9Vδ2	CD31	2.80244753909064
c2	Vγ9Vδ2	CD31	2.71030689929099
c2	Vγ9Vδ2	CD31	2.77542016101861
c2	Vγ9Vδ2	CD31	2.94202997201598
c2	Vγ9Vδ2	CD31	2.55583346869428
c2	Vγ9Vδ2	CD31	2.25502323332531
c2	Vγ9Vδ2	CD31	2.36301256049225
c2	Vγ9Vδ2	CD31	2.39187633808736
c2	Vγ9Vδ2	CD31	2.45949338268838
c2	Vγ9Vδ2	CD31	2.66290231268821
c2	Vγ9Vδ2	CD31	2.75791692168255
c2	Vγ9Vδ2	CD31	2.68207023296289
c2	Vγ9Vδ2	CD31	1.84142582487909
c2	Vγ9Vδ2	CD31	1.87241771328162
c2	Vγ9Vδ2	CD31	1.5797676705303
c2	Vγ9Vδ2	CD31	1.51961211020291
c2	Vγ9Vδ2	CD31	2.56185267141847
c2	Vγ9Vδ2	CD31	1.62784192223276
c2	Vγ9Vδ2	CD31	2.50508731585258
c2	Vγ9Vδ2	CD31	2.16413564812001
c2	Vγ9Vδ2	CD31	2.88014393085086
c2	Vγ9Vδ2	CD31	3.34813355461228
c2	Vγ9Vδ2	CD31	2.78318626779189
c2	Vγ9Vδ2	CD31	1.37137440483152
c2	Vγ9Vδ2	CD31	3.96357497095178
c2	Vγ9Vδ2	CD31	3.07012585627686
c2	Vγ9Vδ2	CD31	2.62355978709258
c2	Vγ9Vδ2	CD31	2.40804269544079
c2	Vγ9Vδ2	CD31	2.08048087400604
c2	Vγ9Vδ2	CD31	1.74735269895414
c2	Vγ9Vδ2	CD31	2.96595290600401
c2	Vγ9Vδ2	CD31	2.07908068648858
c2	Vγ9Vδ2	CD31	3.01138773863886
c2	Vγ9Vδ2	CD31	2.32243809828983
c2	Vγ9Vδ2	CD31	3.11538594401732
c2	Vγ9Vδ2	CD31	2.28187190746657
c2	Vγ9Vδ2	CD31	2.2060937655559
c2	Vγ9Vδ2	CD31	2.82605701098291
c2	Vγ9Vδ2	CD31	2.45135548891381
c2	Vγ9Vδ2	CD31	2.87196029881045
c2	Vγ9Vδ2	CD31	2.7561168793873
c2	Vγ9Vδ2	CD31	2.62882549028122
c2	Vγ9Vδ2	CD31	1.79095874368744
c2	Vγ9Vδ2	CD31	2.47752316483441
c2	Vγ9Vδ2	CD31	1.87892984544045
c2	Vγ9Vδ2	CD31	2.02937736787192
c2	Vγ9Vδ2	CD31	2.11139854477349
c2	Vγ9Vδ2	CD31	2.43410792079523
c2	Vγ9Vδ2	CD31	2.63651210392603
c2	Vγ9Vδ2	CD31	1.42702083345025
c2	Vγ9Vδ2	CD31	1.52061684434523
c2	Vγ9Vδ2	CD31	3.13832728435639
c2	Vγ9Vδ2	CD31	1.92097795023451
c2	Vγ9Vδ2	CD31	2.25913098329843
c2	Vγ9Vδ2	CD31	3.52671546518482
c2	Vγ9Vδ2	CD31	3.15232291067921
c2	Vγ9Vδ2	CD31	2.47712869504254
c2	Vγ9Vδ2	CD31	2.82171357246009
c2	Vγ9Vδ2	CD31	2.43921076553766
c2	Vγ9Vδ2	CD31	2.33304440911444
c2	Vγ9Vδ2	CD31	2.89362606472598
c2	Vγ9Vδ2	CD31	2.52164770967735
c2	Vγ9Vδ2	CD31	2.69962192914353
c2	Vγ9Vδ2	CD31	2.22903773796308
c2	Vγ9Vδ2	CD31	2.45620998471257
c2	Vγ9Vδ2	CD31	1.40674446366333
c2	Vγ9Vδ2	CD31	2.87047567153197
c2	Vγ9Vδ2	CD31	1.73780552987528
c2	Vγ9Vδ2	CD31	3.00317277680825
c2	Vγ9Vδ2	CD31	3.1674739049487
c2	Vγ9Vδ2	CD31	3.1792099520657
c2	Vγ9Vδ2	CD31	2.91190809495282
c2	Vγ9Vδ2	CD31	2.27860852603874
c2	Vγ9Vδ2	CD31	3.40426771296589
c2	Vγ9Vδ2	CD31	1.61599260465613
c2	Vγ9Vδ2	CD31	2.67813342474612
c2	Vγ9Vδ2	CD31	3.25748868853208
c2	Vγ9Vδ2	CD31	1.02951905758408
c2	Vγ9Vδ2	CD31	1.39645027972029
c2	Vγ9Vδ2	CD31	1.58295232456841
c2	Vγ9Vδ2	CD31	3.20947501440296
c2	Vγ9Vδ2	CD31	2.67687545755539
c2	Vγ9Vδ2	CD31	3.06574737177875
c2	Vγ9Vδ2	CD31	2.45009441890966
c2	Vγ9Vδ2	CD31	3.17670690296322
c2	Vγ9Vδ2	CD8	0.924099135629059
c2	Vγ9Vδ2	CD8	1.51712772779323
c2	Vγ9Vδ2	CD8	0.940016878690995
c2	Vγ9Vδ2	CD8	2.4862125854798
c2	Vγ9Vδ2	CD8	1.61420176822485
c2	Vγ9Vδ2	CD8	1.17842846488326
c2	Vγ9Vδ2	CD8	1.23213047001464
c2	Vγ9Vδ2	CD8	2.10123035301055
c2	Vγ9Vδ2	CD8	1.45121373129434
c2	Vγ9Vδ2	CD8	1.75280195332511
c2	Vγ9Vδ2	CD8	0.48786861586911
c2	Vγ9Vδ2	CD8	0.68662193892599
c2	Vγ9Vδ2	CD8	0
c2	Vγ9Vδ2	CD8	0.525794660432872
c2	Vγ9Vδ2	CD8	0.388473927013534
c2	Vγ9Vδ2	CD8	0.991077527373634
c2	Vγ9Vδ2	CD8	1.63930876198653
c2	Vγ9Vδ2	CD8	1.17230950605154
c2	Vγ9Vδ2	CD8	0.528445607740929
c2	Vγ9Vδ2	CD8	1.333757367371
c2	Vγ9Vδ2	CD8	1.46618766918582
c2	Vγ9Vδ2	CD8	1.12304865706971
c2	Vγ9Vδ2	CD8	1.73942146640029
c2	Vγ9Vδ2	CD8	1.6732982000858
c2	Vγ9Vδ2	CD8	1.29821943120442
c2	Vγ9Vδ2	CD8	0.410527259038655
c2	Vγ9Vδ2	CD8	1.30662408215094
c2	Vγ9Vδ2	CD8	0.969147021257882
c2	Vγ9Vδ2	CD8	1.09109045718354
c2	Vγ9Vδ2	CD8	0.186588679104614
c2	Vγ9Vδ2	CD8	0.90628113656371
c2	Vγ9Vδ2	CD8	0.117643027862138
c2	Vγ9Vδ2	CD8	1.5266960883362
c2	Vγ9Vδ2	CD8	2.87156241780143
c2	Vγ9Vδ2	CD8	1.40492446255132
c2	Vγ9Vδ2	CD8	0.884485064234375
c2	Vγ9Vδ2	CD8	1.8054831548224
c2	Vγ9Vδ2	CD8	2.3565694751221
c2	Vγ9Vδ2	CD8	1.70772865390103
c2	Vγ9Vδ2	CD8	1.15106793696215
c2	Vγ9Vδ2	CD8	1.77448607238444
c2	Vγ9Vδ2	CD8	1.60533261801992
c2	Vγ9Vδ2	CD8	0.526332178529372
c2	Vγ9Vδ2	CD8	1.16915713941828
c2	Vγ9Vδ2	CD8	1.92915986970535
c2	Vγ9Vδ2	CD8	2.44276405838593
c2	Vγ9Vδ2	CD8	1.74049655438084
c2	Vγ9Vδ2	CD8	1.80915185391103
c2	Vγ9Vδ2	CD8	2.04047533420871
c2	Vγ9Vδ2	CD8	0.999321190687255
c2	Vγ9Vδ2	CD8	2.03602661856765
c2	Vγ9Vδ2	CD8	1.25910804678749
c2	Vγ9Vδ2	CD8	1.61695004838528
c2	Vγ9Vδ2	CD8	0.688520294086982
c2	Vγ9Vδ2	CD8	1.20069944157343
c2	Vγ9Vδ2	CD8	1.56572771131156
c2	Vγ9Vδ2	CD8	2.17683601020402
c2	Vγ9Vδ2	CD8	0.690601050564829
c2	Vγ9Vδ2	CD8	1.69285009391985
c2	Vγ9Vδ2	CD8	1.50648213210051
c2	Vγ9Vδ2	CD8	0.176682076929207
c2	Vγ9Vδ2	CD8	0.879115097513794
c2	Vγ9Vδ2	CD8	0.490979457961158
c2	Vγ9Vδ2	CD8	1.70615620681513
c2	Vγ9Vδ2	CD8	0.913140478644226
c2	Vγ9Vδ2	CD8	0.466114760447879
c2	Vγ9Vδ2	CD8	0.961929286790213
c2	Vγ9Vδ2	CD8	1.52891805883853
c2	Vγ9Vδ2	CD8	1.52167837920604
c2	Vγ9Vδ2	CD8	1.32127349873676
c2	Vγ9Vδ2	CD8	1.61476297651052
c2	Vγ9Vδ2	CD8	1.15439821294573
c2	Vγ9Vδ2	CD8	0.488095307808724
c2	Vγ9Vδ2	CD8	1.16952779792729
c2	Vγ9Vδ2	CD8	1.17076140145565
c2	Vγ9Vδ2	CD8	0.972909091305271
c2	Vγ9Vδ2	CD8	0.119586883838555
c2	Vγ9Vδ2	CD8	0.633286271384876
c2	Vγ9Vδ2	CD8	1.15518951236281
c2	Vγ9Vδ2	CD8	1.07151809758102
c2	Vγ9Vδ2	CD8	0.293780458446227
c2	Vγ9Vδ2	CD8	1.90903915611802
c2	Vγ9Vδ2	CD8	0.89034662789214
c2	Vγ9Vδ2	CD8	1.42233057001629
c2	Vγ9Vδ2	CD8	1.38533591908669
c2	Vγ9Vδ2	CD8	1.72749208650004
c2	Vγ9Vδ2	CD8	1.66870485222073
c2	Vγ9Vδ2	CD8	0.303212906941981
c2	Vγ9Vδ2	CD8	0.581771321408816
c2	Vγ9Vδ2	CD8	0.599563817954841
c2	Vγ9Vδ2	CD57	0.460453481013169
c2	Vγ9Vδ2	CD57	0.919038437406876
c2	Vγ9Vδ2	CD57	1.04021439180653
c2	Vγ9Vδ2	CD57	0.531223653407599
c2	Vγ9Vδ2	CD57	1.53158551049654
c2	Vγ9Vδ2	CD57	0.364300216667989
c2	Vγ9Vδ2	CD57	0.705052642550365
c2	Vγ9Vδ2	CD57	0.958095840675498
c2	Vγ9Vδ2	CD57	2.24217821165232
c2	Vγ9Vδ2	CD57	0.649344633466749
c2	Vγ9Vδ2	CD57	0
c2	Vγ9Vδ2	CD57	1.90667867121047
c2	Vγ9Vδ2	CD57	0
c2	Vγ9Vδ2	CD57	0.228896239873029
c2	Vγ9Vδ2	CD57	1.38972495742131
c2	Vγ9Vδ2	CD57	1.75402435402938
c2	Vγ9Vδ2	CD57	0.843694739243973
c2	Vγ9Vδ2	CD57	0.0541536799760466
c2	Vγ9Vδ2	CD57	0.0603356533002081
c2	Vγ9Vδ2	CD57	0.479486760862404
c2	Vγ9Vδ2	CD57	0.513560706234725
c2	Vγ9Vδ2	CD57	1.11976368188837
c2	Vγ9Vδ2	CD57	0.098502946474207
c2	Vγ9Vδ2	CD57	0.153949728600861
c2	Vγ9Vδ2	CD57	0.102340099378414
c2	Vγ9Vδ2	CD57	0.910069303290267
c2	Vγ9Vδ2	CD57	1.42769092205082
c2	Vγ9Vδ2	CD57	0.730183016351162
c2	Vγ9Vδ2	CD57	1.21047669426741
c2	Vγ9Vδ2	CD57	0.524087077047366
c2	Vγ9Vδ2	CD57	1.98127852269639
c2	Vγ9Vδ2	CD57	0.269919144013667
c2	Vγ9Vδ2	CD57	1.76290121395188
c2	Vγ9Vδ2	CD57	0.203296146805526
c2	Vγ9Vδ2	CD57	1.53956883496412
c2	Vγ9Vδ2	CD57	0.867926921655167
c2	Vγ9Vδ2	CD57	1.14243167617574
c2	Vγ9Vδ2	CD57	0.51365916001353
c2	Vγ9Vδ2	CD57	1.30117144186142
c2	Vγ9Vδ2	CD57	0.71140184496014
c2	Vγ9Vδ2	CD57	0.0749504607499196
c2	Vγ9Vδ2	CD57	0.570721738032832
c2	Vγ9Vδ2	CD57	0
c2	Vγ9Vδ2	CD57	0.904464124804785
c2	Vγ9Vδ2	CD57	0.525666053569052
c2	Vγ9Vδ2	CD57	1.08225904487216
c2	Vγ9Vδ2	CD57	0.520360763768091
c2	Vγ9Vδ2	CD57	0.220275778248194
c2	Vγ9Vδ2	CD57	0.427403792767681
c2	Vγ9Vδ2	CD57	0.203796006418579
c2	Vγ9Vδ2	CD57	0.905273269455188
c2	Vγ9Vδ2	CD57	1.11411083745172
c2	Vγ9Vδ2	CD57	1.60275627381978
c2	Vγ9Vδ2	CD57	0.811485031603615
c2	Vγ9Vδ2	CD57	1.21628794600801
c2	Vγ9Vδ2	CD57	1.9049788251017
c2	Vγ9Vδ2	CD57	0.247721781874929
c2	Vγ9Vδ2	CD57	0.628518170639508
c2	Vγ9Vδ2	CD57	0.749799021651978
c2	Vγ9Vδ2	CD57	1.32975431068762
c2	Vγ9Vδ2	CD57	1.57601737121369
c2	Vγ9Vδ2	CD57	1.16132955510177
c2	Vγ9Vδ2	CD57	1.38537301736232
c2	Vγ9Vδ2	CD57	0.113734522488632
c2	Vγ9Vδ2	CD57	0.63976305957022
c2	Vγ9Vδ2	CD57	1.18132676338107
c2	Vγ9Vδ2	CD57	0.757946459308107
c2	Vγ9Vδ2	CD57	1.0557592626202
c2	Vγ9Vδ2	CD57	0.152795822512218
c2	Vγ9Vδ2	CD57	1.16310901006495
c2	Vγ9Vδ2	CD57	0.822880122443205
c2	Vγ9Vδ2	CD57	0.991749090340353
c2	Vγ9Vδ2	CD57	0.45540388543732
c2	Vγ9Vδ2	CD57	2.0779948326947
c2	Vγ9Vδ2	CD57	1.70058376433327
c2	Vγ9Vδ2	CD57	0.737215727882488
c2	Vγ9Vδ2	CD57	1.48737281257271
c2	Vγ9Vδ2	CD57	0.16961957368057
c2	Vγ9Vδ2	CD57	0.947295843149234
c2	Vγ9Vδ2	CD57	0.446956307152437
c2	Vγ9Vδ2	CD57	0.486100257121776
c2	Vγ9Vδ2	CD57	0.745421106044835
c2	Vγ9Vδ2	CD57	1.17467493919788
c2	Vγ9Vδ2	CD57	1.2082864097244
c2	Vγ9Vδ2	CD57	0.330954630795291
c2	Vγ9Vδ2	CD57	1.51895292032427
c2	Vγ9Vδ2	CD57	0.503182950129121
c2	Vγ9Vδ2	CD57	0.781064917580978
c2	Vγ9Vδ2	CD57	0.659202175488672
c2	Vγ9Vδ2	CD57	0.9578411146334
c2	Vγ9Vδ2	CD28	0.741387766496165
c2	Vγ9Vδ2	CD28	1.51110330871651
c2	Vγ9Vδ2	CD28	1.67598203151852
c2	Vγ9Vδ2	CD28	1.96501299195904
c2	Vγ9Vδ2	CD28	1.61374169183999
c2	Vγ9Vδ2	CD28	2.03389558859542
c2	Vγ9Vδ2	CD28	0.829299482849075
c2	Vγ9Vδ2	CD28	1.68035101771844
c2	Vγ9Vδ2	CD28	2.03880143581878
c2	Vγ9Vδ2	CD28	1.77285098269526
c2	Vγ9Vδ2	CD28	1.68560560004205
c2	Vγ9Vδ2	CD28	0.801149920870512
c2	Vγ9Vδ2	CD28	1.86106679140916
c2	Vγ9Vδ2	CD28	2.03020962866504
c2	Vγ9Vδ2	CD28	1.26165730150592
c2	Vγ9Vδ2	CD28	1.05959224734579
c2	Vγ9Vδ2	CD28	1.65948889238999
c2	Vγ9Vδ2	CD28	1.54998010393764
c2	Vγ9Vδ2	CD28	1.37382368412115
c2	Vγ9Vδ2	CD28	1.965518810914
c2	Vγ9Vδ2	CD28	0.564749598221476
c2	Vγ9Vδ2	CD28	2.58069985368949
c2	Vγ9Vδ2	CD28	2.19032791895155
c2	Vγ9Vδ2	CD28	1.93411774229405
c2	Vγ9Vδ2	CD28	1.04325698208796
c2	Vγ9Vδ2	CD28	0.390628606595833
c2	Vγ9Vδ2	CD28	0.517782207615099
c2	Vγ9Vδ2	CD28	1.06930778294906
c2	Vγ9Vδ2	CD28	0.661995040294928
c2	Vγ9Vδ2	CD28	0.915543240395224
c2	Vγ9Vδ2	CD28	1.27214410215698
c2	Vγ9Vδ2	CD28	1.80277622357043
c2	Vγ9Vδ2	CD28	2.09168605411377
c2	Vγ9Vδ2	CD28	1.70222726980264
c2	Vγ9Vδ2	CD28	1.80094361365033
c2	Vγ9Vδ2	CD28	1.5155311750702
c2	Vγ9Vδ2	CD28	1.33247646070946
c2	Vγ9Vδ2	CD28	2.72809478379344
c2	Vγ9Vδ2	CD28	1.21043845281649
c2	Vγ9Vδ2	CD28	0.470394399636882
c2	Vγ9Vδ2	CD28	1.60241878419759
c2	Vγ9Vδ2	CD28	1.18152972700894
c2	Vγ9Vδ2	CD28	1.99952379208121
c2	Vγ9Vδ2	CD28	0.157418209955984
c2	Vγ9Vδ2	CD28	1.9148668171357
c2	Vγ9Vδ2	CD28	1.68151741207864
c2	Vγ9Vδ2	CD28	1.14962617058735
c2	Vγ9Vδ2	CD28	2.60702244668453
c2	Vγ9Vδ2	CD28	2.08198807596651
c2	Vγ9Vδ2	CD28	1.43037698591013
c2	Vγ9Vδ2	CD28	1.39965123236652
c2	Vγ9Vδ2	CD28	1.53100023092622
c2	Vγ9Vδ2	CD28	1.29224897524253
c2	Vγ9Vδ2	CD28	1.65915728501426
c2	Vγ9Vδ2	CD28	1.98988494994179
c2	Vγ9Vδ2	CD28	1.79358964852976
c2	Vγ9Vδ2	CD28	2.71287373415813
c2	Vγ9Vδ2	CD28	2.14173750135524
c2	Vγ9Vδ2	CD28	2.00548637265773
c2	Vγ9Vδ2	CD28	1.31491844431946
c2	Vγ9Vδ2	CD28	1.38416866129022
c2	Vγ9Vδ2	CD28	0.744736987760027
c2	Vγ9Vδ2	CD28	1.82428727659568
c2	Vγ9Vδ2	CD28	1.34062053157874
c2	Vγ9Vδ2	CD28	2.02020000723797
c2	Vγ9Vδ2	CD28	1.41219768433745
c2	Vγ9Vδ2	CD28	0.905948163317492
c2	Vγ9Vδ2	CD28	1.92184727933648
c2	Vγ9Vδ2	CD28	1.50524497709693
c2	Vγ9Vδ2	CD28	2.36987015369728
c2	Vγ9Vδ2	CD28	0.872709908829294
c2	Vγ9Vδ2	CD28	0.221954917290919
c2	Vγ9Vδ2	CD28	1.85417912273326
c2	Vγ9Vδ2	CD28	1.92782989306514
c2	Vγ9Vδ2	CD28	2.12308377924105
c2	Vγ9Vδ2	CD28	2.78599802530256
c2	Vγ9Vδ2	CD28	1.70054681704775
c2	Vγ9Vδ2	CD28	1.46865847942866
c2	Vγ9Vδ2	CD28	2.5546048316993
c2	Vγ9Vδ2	CD28	1.7487449617035
c2	Vγ9Vδ2	CD28	0.630543810132426
c2	Vγ9Vδ2	CD28	1.06597261905671
c2	Vγ9Vδ2	CD28	2.169187632539
c2	Vγ9Vδ2	CD28	1.78349682174949
c2	Vγ9Vδ2	CD28	1.52001945096333
c2	Vγ9Vδ2	CD28	2.04441860575591
c2	Vγ9Vδ2	CD28	0.874519868389419
c2	Vγ9Vδ2	CD28	1.08590316176667
c2	Vγ9Vδ2	CD28	2.22308757696119
c2	Vγ9Vδ2	CD28	2.12454199669321
c3	Vγ9Vδ2	CD161	0.143783836199023
c3	Vγ9Vδ2	CD161	2.13968950278139
c3	Vγ9Vδ2	CD161	3.12909138540704
c3	Vγ9Vδ2	CD161	1.12205798015624
c3	Vγ9Vδ2	CD161	2.82093576257722
c3	Vγ9Vδ2	CD161	1.51265502854197
c3	Vγ9Vδ2	CD161	2.04941434181558
c3	Vγ9Vδ2	CD161	1.71316297962097
c3	Vγ9Vδ2	CD161	2.45373044768585
c3	Vγ9Vδ2	CD161	2.00054963802619
c3	Vγ9Vδ2	CD161	1.05179388549813
c3	Vγ9Vδ2	CD161	1.87624393205969
c3	Vγ9Vδ2	CD161	2.46094361889326
c3	Vγ9Vδ2	CD161	2.30076343589434
c3	Vγ9Vδ2	CD161	2.21952290205535
c3	Vγ9Vδ2	CD161	1.25751007303085
c3	Vγ9Vδ2	CD161	1.49089166489662
c3	Vγ9Vδ2	CD161	1.61938491574403
c3	Vγ9Vδ2	CD161	0.913402153697954
c3	Vγ9Vδ2	CD161	0.821714737193469
c3	Vγ9Vδ2	CD161	0.642663694458706
c3	Vγ9Vδ2	CD161	1.73070928809999
c3	Vγ9Vδ2	CD161	0.578151206037119
c3	Vγ9Vδ2	CD161	1.99799926541662
c3	Vγ9Vδ2	CD161	1.20135354478482
c3	Vγ9Vδ2	CD161	1.55017340407757
c3	Vγ9Vδ2	CD161	1.17660002987897
c3	Vγ9Vδ2	CD161	1.41470440161901
c3	Vγ9Vδ2	CD161	1.75958762141205
c3	Vγ9Vδ2	CD161	1.25489250388406
c3	Vγ9Vδ2	CD161	1.1600320758604
c3	Vγ9Vδ2	CD161	1.30776985757193
c3	Vγ9Vδ2	CD161	0.921874569268859
c3	Vγ9Vδ2	CD161	1.28940230887367
c3	Vγ9Vδ2	CD161	1.67596203941072
c3	Vγ9Vδ2	CD161	0.484710216134399
c3	Vγ9Vδ2	CD161	1.42190505562246
c3	Vγ9Vδ2	CD161	1.10653514132462
c3	Vγ9Vδ2	CD161	1.5753319117007
c3	Vγ9Vδ2	CD161	1.41095743916612
c3	Vγ9Vδ2	CD161	1.79774066779499
c3	Vγ9Vδ2	CD161	1.53769120631676
c3	Vγ9Vδ2	CD161	0.820886285424247
c3	Vγ9Vδ2	CD161	1.27392128010609
c3	Vγ9Vδ2	CD161	1.56243557098297
c3	Vγ9Vδ2	CD161	2.78449360143762
c3	Vγ9Vδ2	CD161	1.84911965656313
c3	Vγ9Vδ2	CD161	1.69229304672901
c3	Vγ9Vδ2	CD161	1.62017271346668
c3	Vγ9Vδ2	CD161	1.38563560175002
c3	Vγ9Vδ2	CD161	1.16456801175655
c3	Vγ9Vδ2	CD161	0.594547809167675
c3	Vγ9Vδ2	CD161	1.44450464086699
c3	Vγ9Vδ2	CD161	2.46033052049333
c3	Vγ9Vδ2	CD161	1.20374037834832
c3	Vγ9Vδ2	CD161	2.1086565388861
c3	Vγ9Vδ2	CD161	1.73022296650849
c3	Vγ9Vδ2	CD161	1.23238016282068
c3	Vγ9Vδ2	CD161	1.17577077110532
c3	Vγ9Vδ2	CD161	2.59144837378403
c3	Vγ9Vδ2	CD161	1.34805743105031
c3	Vγ9Vδ2	CD161	1.02057294850857
c3	Vγ9Vδ2	CD161	0.926531410072603
c3	Vγ9Vδ2	CD161	1.29920893225977
c3	Vγ9Vδ2	CD161	2.06636097341599
c3	Vγ9Vδ2	CD161	0.883951891735801
c3	Vγ9Vδ2	CD161	1.74809552050264
c3	Vγ9Vδ2	CD161	1.99117514288026
c3	Vγ9Vδ2	CD161	0.590262285900332
c3	Vγ9Vδ2	CD161	1.60810225145199
c3	Vγ9Vδ2	CD161	1.09151931963437
c3	Vγ9Vδ2	CD161	1.2347962477089
c3	Vγ9Vδ2	CD161	1.00773108627264
c3	Vγ9Vδ2	CD161	1.12947852694826
c3	Vγ9Vδ2	CD161	1.83405525171868
c3	Vγ9Vδ2	CD161	0.881007519727253
c3	Vγ9Vδ2	CD161	1.40858039051103
c3	Vγ9Vδ2	CD161	1.51977042795232
c3	Vγ9Vδ2	CD161	0.824729147221887
c3	Vγ9Vδ2	CD161	1.6210830607585
c3	Vγ9Vδ2	CD161	1.44796045966495
c3	Vγ9Vδ2	CD161	0.565468377384813
c3	Vγ9Vδ2	CD161	1.59608703128911
c3	Vγ9Vδ2	CD161	0
c3	Vγ9Vδ2	CD161	0.417322326013377
c3	Vγ9Vδ2	CD161	1.30774603911205
c3	Vγ9Vδ2	CD161	1.14625682414763
c3	Vγ9Vδ2	CD161	1.9605706457316
c3	Vγ9Vδ2	CD161	1.08049799598852
c3	Vγ9Vδ2	CD161	1.21604401024458
c3	Vγ9Vδ2	NKG2A	3.67614775667783
c3	Vγ9Vδ2	NKG2A	4.64020069088851
c3	Vγ9Vδ2	NKG2A	5.07504846929464
c3	Vγ9Vδ2	NKG2A	4.13482401982783
c3	Vγ9Vδ2	NKG2A	4.32818558594089
c3	Vγ9Vδ2	NKG2A	4.06849845251745
c3	Vγ9Vδ2	NKG2A	4.79715268144815
c3	Vγ9Vδ2	NKG2A	4.7236767661107
c3	Vγ9Vδ2	NKG2A	4.57340982637213
c3	Vγ9Vδ2	NKG2A	4.52311646744745
c3	Vγ9Vδ2	NKG2A	4.64026929365285
c3	Vγ9Vδ2	NKG2A	4.02274962218026
c3	Vγ9Vδ2	NKG2A	5.6503584662658
c3	Vγ9Vδ2	NKG2A	5.18200510882606
c3	Vγ9Vδ2	NKG2A	4.64060584393487
c3	Vγ9Vδ2	NKG2A	4.53591820513222
c3	Vγ9Vδ2	NKG2A	4.46392704733189
c3	Vγ9Vδ2	NKG2A	4.07854728892033
c3	Vγ9Vδ2	NKG2A	3.88708778422752
c3	Vγ9Vδ2	NKG2A	4.10589742138637
c3	Vγ9Vδ2	NKG2A	4.79502309849829
c3	Vγ9Vδ2	NKG2A	3.5564450807897
c3	Vγ9Vδ2	NKG2A	3.31880048476253
c3	Vγ9Vδ2	NKG2A	3.60348998760987
c3	Vγ9Vδ2	NKG2A	4.41971090737932
c3	Vγ9Vδ2	NKG2A	4.08923044769191
c3	Vγ9Vδ2	NKG2A	4.06566406736311
c3	Vγ9Vδ2	NKG2A	3.93215065054832
c3	Vγ9Vδ2	NKG2A	3.53116658239138
c3	Vγ9Vδ2	NKG2A	4.01010792616814
c3	Vγ9Vδ2	NKG2A	5.26577803035575
c3	Vγ9Vδ2	NKG2A	3.93498996049695
c3	Vγ9Vδ2	NKG2A	4.62703387123215
c3	Vγ9Vδ2	NKG2A	3.7904139084853
c3	Vγ9Vδ2	NKG2A	4.17827219830468
c3	Vγ9Vδ2	NKG2A	3.56878189750114
c3	Vγ9Vδ2	NKG2A	3.0594111876173
c3	Vγ9Vδ2	NKG2A	5.63647402283526
c3	Vγ9Vδ2	NKG2A	4.10300007317324
c3	Vγ9Vδ2	NKG2A	4.5706910838192
c3	Vγ9Vδ2	NKG2A	4.45283274022113
c3	Vγ9Vδ2	NKG2A	3.96517560836571
c3	Vγ9Vδ2	NKG2A	3.27333241909828
c3	Vγ9Vδ2	NKG2A	4.0812402527569
c3	Vγ9Vδ2	NKG2A	4.28056362645233
c3	Vγ9Vδ2	NKG2A	5.37153317018826
c3	Vγ9Vδ2	NKG2A	4.70313763596451
c3	Vγ9Vδ2	NKG2A	4.98169858721396
c3	Vγ9Vδ2	NKG2A	2.83999444345236
c3	Vγ9Vδ2	NKG2A	4.72536266866035
c3	Vγ9Vδ2	NKG2A	3.9894044528219
c3	Vγ9Vδ2	NKG2A	4.99484975031436
c3	Vγ9Vδ2	NKG2A	4.05310274499728
c3	Vγ9Vδ2	NKG2A	4.00026826042471
c3	Vγ9Vδ2	NKG2A	4.00791686595937
c3	Vγ9Vδ2	NKG2A	4.08789777935636
c3	Vγ9Vδ2	NKG2A	4.43117602682419
c3	Vγ9Vδ2	NKG2A	6
c3	Vγ9Vδ2	NKG2A	5.13311219824056
c3	Vγ9Vδ2	NKG2A	5.20914078001889
c3	Vγ9Vδ2	NKG2A	3.10640119891416
c3	Vγ9Vδ2	NKG2A	6
c3	Vγ9Vδ2	NKG2A	3.58367162954058
c3	Vγ9Vδ2	NKG2A	4.53122038721441
c3	Vγ9Vδ2	NKG2A	4.87589596917909
c3	Vγ9Vδ2	NKG2A	4.21033659404236
c3	Vγ9Vδ2	NKG2A	4.33484608443421
c3	Vγ9Vδ2	NKG2A	4.12150956784075
c3	Vγ9Vδ2	NKG2A	5.15957719750118
c3	Vγ9Vδ2	NKG2A	4.98512023141518
c3	Vγ9Vδ2	NKG2A	3.83694062137774
c3	Vγ9Vδ2	NKG2A	4.37791256847168
c3	Vγ9Vδ2	NKG2A	4.10691777544385
c3	Vγ9Vδ2	NKG2A	2.95736232066756
c3	Vγ9Vδ2	NKG2A	4.40059811824286
c3	Vγ9Vδ2	NKG2A	4.95332041652189
c3	Vγ9Vδ2	NKG2A	4.61158344192471
c3	Vγ9Vδ2	NKG2A	4.90328208462746
c3	Vγ9Vδ2	NKG2A	4.3432070757293
c3	Vγ9Vδ2	NKG2A	4.9416352666806
c3	Vγ9Vδ2	NKG2A	3.6478266081253
c3	Vγ9Vδ2	NKG2A	3.99084481678444
c3	Vγ9Vδ2	NKG2A	4.60189098593447
c3	Vγ9Vδ2	NKG2A	2.64578464844975
c3	Vγ9Vδ2	NKG2A	4.88486142945189
c3	Vγ9Vδ2	NKG2A	4.21176727261228
c3	Vγ9Vδ2	NKG2A	4.2390347990826
c3	Vγ9Vδ2	NKG2A	4.85795587087145
c3	Vγ9Vδ2	NKG2A	4.45058712578186
c3	Vγ9Vδ2	NKG2A	5.09746486826551
c3	Vγ9Vδ2	CD31	1.33062178912545
c3	Vγ9Vδ2	CD31	0.736385137550099
c3	Vγ9Vδ2	CD31	0.512021071588261
c3	Vγ9Vδ2	CD31	0.55714928548538
c3	Vγ9Vδ2	CD31	1.43521698319245
c3	Vγ9Vδ2	CD31	0.93792815214163
c3	Vγ9Vδ2	CD31	0.033357962249964
c3	Vγ9Vδ2	CD31	1.12432116123742
c3	Vγ9Vδ2	CD31	0.722132179029895
c3	Vγ9Vδ2	CD31	0
c3	Vγ9Vδ2	CD31	0.748546328556071
c3	Vγ9Vδ2	CD31	0.296426244408637
c3	Vγ9Vδ2	CD31	1.8901821561791
c3	Vγ9Vδ2	CD31	0.682368095777603
c3	Vγ9Vδ2	CD31	0.976348024805894
c3	Vγ9Vδ2	CD31	0.786458418118193
c3	Vγ9Vδ2	CD31	0.395177654791675
c3	Vγ9Vδ2	CD31	1.67935647147959
c3	Vγ9Vδ2	CD31	1.38074738127581
c3	Vγ9Vδ2	CD31	1.12140773253464
c3	Vγ9Vδ2	CD31	0.895634558780327
c3	Vγ9Vδ2	CD31	1.49006368363056
c3	Vγ9Vδ2	CD31	1.41920384328488
c3	Vγ9Vδ2	CD31	0.962299117420263
c3	Vγ9Vδ2	CD31	0.348950489798334
c3	Vγ9Vδ2	CD31	1.64024583503104
c3	Vγ9Vδ2	CD31	0.915279400181008
c3	Vγ9Vδ2	CD31	0.937744232772581
c3	Vγ9Vδ2	CD31	0.829185204520261
c3	Vγ9Vδ2	CD31	1.13629274974718
c3	Vγ9Vδ2	CD31	0
c3	Vγ9Vδ2	CD31	0.487474583738715
c3	Vγ9Vδ2	CD31	1.04625838835196
c3	Vγ9Vδ2	CD31	1.04279969770191
c3	Vγ9Vδ2	CD31	2.6586527253184
c3	Vγ9Vδ2	CD31	1.26609937243739
c3	Vγ9Vδ2	CD31	0.71851317312177
c3	Vγ9Vδ2	CD31	0
c3	Vγ9Vδ2	CD31	1.27314513643946
c3	Vγ9Vδ2	CD31	0.488680269595563
c3	Vγ9Vδ2	CD31	0
c3	Vγ9Vδ2	CD31	0
c3	Vγ9Vδ2	CD31	1.45948736461246
c3	Vγ9Vδ2	CD31	1.95607724666997
c3	Vγ9Vδ2	CD31	2.1224666115819
c3	Vγ9Vδ2	CD31	0.495898296093334
c3	Vγ9Vδ2	CD31	1.67894518166998
c3	Vγ9Vδ2	CD31	1.81179088890233
c3	Vγ9Vδ2	CD31	0.246047029442259
c3	Vγ9Vδ2	CD31	1.21441462615013
c3	Vγ9Vδ2	CD31	1.45874197217293
c3	Vγ9Vδ2	CD31	1.43403735842115
c3	Vγ9Vδ2	CD31	1.67441208131648
c3	Vγ9Vδ2	CD31	2.07948672343693
c3	Vγ9Vδ2	CD31	0.937081006280006
c3	Vγ9Vδ2	CD31	2.14703241111521
c3	Vγ9Vδ2	CD31	0.534215232942552
c3	Vγ9Vδ2	CD31	1.12694786711747
c3	Vγ9Vδ2	CD31	1.30427250274114
c3	Vγ9Vδ2	CD31	0.410260386639421
c3	Vγ9Vδ2	CD31	1.13747397537754
c3	Vγ9Vδ2	CD31	2.06683794722903
c3	Vγ9Vδ2	CD31	0.329836037578941
c3	Vγ9Vδ2	CD31	1.65905569227423
c3	Vγ9Vδ2	CD31	1.55171315111385
c3	Vγ9Vδ2	CD31	1.19947890707285
c3	Vγ9Vδ2	CD31	0.979653534329015
c3	Vγ9Vδ2	CD31	1.8639014983877
c3	Vγ9Vδ2	CD31	0.823374087848734
c3	Vγ9Vδ2	CD31	0.630163026884537
c3	Vγ9Vδ2	CD31	1.21883367484026
c3	Vγ9Vδ2	CD31	0.82526566084808
c3	Vγ9Vδ2	CD31	1.85255612502935
c3	Vγ9Vδ2	CD31	1.27424038050549
c3	Vγ9Vδ2	CD31	0.249322025682263
c3	Vγ9Vδ2	CD31	1.31902981516719
c3	Vγ9Vδ2	CD31	0.816256849753102
c3	Vγ9Vδ2	CD31	1.47959946107565
c3	Vγ9Vδ2	CD31	1.32431439062414
c3	Vγ9Vδ2	CD31	0
c3	Vγ9Vδ2	CD31	0.29654708983061
c3	Vγ9Vδ2	CD31	0.966027567281132
c3	Vγ9Vδ2	CD31	1.1582406300112
c3	Vγ9Vδ2	CD31	0.148206268718836
c3	Vγ9Vδ2	CD31	0.965574631043051
c3	Vγ9Vδ2	CD31	0.304387578872429
c3	Vγ9Vδ2	CD31	0.938194372299354
c3	Vγ9Vδ2	CD31	1.9481681208988
c3	Vγ9Vδ2	CD31	1.30486790059176
c3	Vγ9Vδ2	CD31	0.603049460428543
c3	Vγ9Vδ2	CD8	1.23893862092078
c3	Vγ9Vδ2	CD8	2.2954869204008
c3	Vγ9Vδ2	CD8	0.636244283005991
c3	Vγ9Vδ2	CD8	1.4067425057676
c3	Vγ9Vδ2	CD8	1.78627465600296
c3	Vγ9Vδ2	CD8	1.09213805213734
c3	Vγ9Vδ2	CD8	1.3018187514129
c3	Vγ9Vδ2	CD8	1.53265969224695
c3	Vγ9Vδ2	CD8	1.04224853977821
c3	Vγ9Vδ2	CD8	1.39602101735805
c3	Vγ9Vδ2	CD8	1.56791551988208
c3	Vγ9Vδ2	CD8	0.476799776375638
c3	Vγ9Vδ2	CD8	1.97334548568445
c3	Vγ9Vδ2	CD8	1.59771041310606
c3	Vγ9Vδ2	CD8	1.33485854282508
c3	Vγ9Vδ2	CD8	1.68907285865045
c3	Vγ9Vδ2	CD8	1.21161930724032
c3	Vγ9Vδ2	CD8	1.69633688971437
c3	Vγ9Vδ2	CD8	1.19941596342406
c3	Vγ9Vδ2	CD8	1.53835992131232
c3	Vγ9Vδ2	CD8	1.38917766671158
c3	Vγ9Vδ2	CD8	2.18716879196525
c3	Vγ9Vδ2	CD8	2.56212929151181
c3	Vγ9Vδ2	CD8	1.43008374894646
c3	Vγ9Vδ2	CD8	2.23434190723657
c3	Vγ9Vδ2	CD8	0.640037841257761
c3	Vγ9Vδ2	CD8	2.48040449544954
c3	Vγ9Vδ2	CD8	1.1551151200483
c3	Vγ9Vδ2	CD8	2.16095112171104
c3	Vγ9Vδ2	CD8	1.43306066276624
c3	Vγ9Vδ2	CD8	2.27236821838926
c3	Vγ9Vδ2	CD8	2.57153221952528
c3	Vγ9Vδ2	CD8	1.10297608732721
c3	Vγ9Vδ2	CD8	2.014714355745
c3	Vγ9Vδ2	CD8	2.49545401755393
c3	Vγ9Vδ2	CD8	1.55883689285219
c3	Vγ9Vδ2	CD8	2.05829910815381
c3	Vγ9Vδ2	CD8	1.15666300147163
c3	Vγ9Vδ2	CD8	1.88071055278135
c3	Vγ9Vδ2	CD8	2.18402091069842
c3	Vγ9Vδ2	CD8	1.00935543731211
c3	Vγ9Vδ2	CD8	1.04722410388705
c3	Vγ9Vδ2	CD8	0.710551092050071
c3	Vγ9Vδ2	CD8	0.89915460853897
c3	Vγ9Vδ2	CD8	1.38310080485175
c3	Vγ9Vδ2	CD8	2.09651378997182
c3	Vγ9Vδ2	CD8	2.31098011370773
c3	Vγ9Vδ2	CD8	0.816071088590765
c3	Vγ9Vδ2	CD8	2.34928643581942
c3	Vγ9Vδ2	CD8	1.58025933302924
c3	Vγ9Vδ2	CD8	1.08580853033904
c3	Vγ9Vδ2	CD8	1.94669794822672
c3	Vγ9Vδ2	CD8	2.20460772254687
c3	Vγ9Vδ2	CD8	0
c3	Vγ9Vδ2	CD8	0.769096171346443
c3	Vγ9Vδ2	CD8	1.83258552314027
c3	Vγ9Vδ2	CD8	1.03253913135716
c3	Vγ9Vδ2	CD8	1.03041708401187
c3	Vγ9Vδ2	CD8	0.276729251550542
c3	Vγ9Vδ2	CD8	1.39206329670839
c3	Vγ9Vδ2	CD8	2.35273158837591
c3	Vγ9Vδ2	CD8	1.23698934683729
c3	Vγ9Vδ2	CD8	1.72366341548607
c3	Vγ9Vδ2	CD8	1.58613592261208
c3	Vγ9Vδ2	CD8	0.99455247245066
c3	Vγ9Vδ2	CD8	1.08288118012296
c3	Vγ9Vδ2	CD8	1.69512295277097
c3	Vγ9Vδ2	CD8	0.777430574892274
c3	Vγ9Vδ2	CD8	1.15309505122776
c3	Vγ9Vδ2	CD8	0.481962928929507
c3	Vγ9Vδ2	CD8	1.81052396523283
c3	Vγ9Vδ2	CD8	2.09236622192165
c3	Vγ9Vδ2	CD8	0.764858691326228
c3	Vγ9Vδ2	CD8	2.05260299687587
c3	Vγ9Vδ2	CD8	2.25135308691783
c3	Vγ9Vδ2	CD8	2.63003671516597
c3	Vγ9Vδ2	CD8	2.43971951660282
c3	Vγ9Vδ2	CD8	1.20104629741468
c3	Vγ9Vδ2	CD8	0
c3	Vγ9Vδ2	CD8	1.43947283671964
c3	Vγ9Vδ2	CD8	1.87825504477846
c3	Vγ9Vδ2	CD8	2.46297356871604
c3	Vγ9Vδ2	CD8	1.82720378356635
c3	Vγ9Vδ2	CD8	1.98204295367839
c3	Vγ9Vδ2	CD8	1.17363271696201
c3	Vγ9Vδ2	CD8	2.56328981942742
c3	Vγ9Vδ2	CD8	1.70595833055583
c3	Vγ9Vδ2	CD8	2.04355007284786
c3	Vγ9Vδ2	CD8	1.65562638575067
c3	Vγ9Vδ2	CD8	0.521378001870939
c3	Vγ9Vδ2	CD57	1.99268915432345
c3	Vγ9Vδ2	CD57	0.376782084837187
c3	Vγ9Vδ2	CD57	1.17131352357129
c3	Vγ9Vδ2	CD57	0.832497392919102
c3	Vγ9Vδ2	CD57	0.776344308394302
c3	Vγ9Vδ2	CD57	1.7416765791166
c3	Vγ9Vδ2	CD57	1.47013422936932
c3	Vγ9Vδ2	CD57	0.762035767850933
c3	Vγ9Vδ2	CD57	0.505528285603903
c3	Vγ9Vδ2	CD57	0.80789892940874
c3	Vγ9Vδ2	CD57	1.55015460069638
c3	Vγ9Vδ2	CD57	1.37233059632451
c3	Vγ9Vδ2	CD57	0
c3	Vγ9Vδ2	CD57	0
c3	Vγ9Vδ2	CD57	0.799235655174559
c3	Vγ9Vδ2	CD57	1.47239523044227
c3	Vγ9Vδ2	CD57	0.922036162911251
c3	Vγ9Vδ2	CD57	1.28652130687468
c3	Vγ9Vδ2	CD57	0.142982908126392
c3	Vγ9Vδ2	CD57	1.70092299766637
c3	Vγ9Vδ2	CD57	1.18916721672578
c3	Vγ9Vδ2	CD57	1.25630249105353
c3	Vγ9Vδ2	CD57	0.328866754619392
c3	Vγ9Vδ2	CD57	0.723603395156346
c3	Vγ9Vδ2	CD57	1.54006352534047
c3	Vγ9Vδ2	CD57	0.446748971411355
c3	Vγ9Vδ2	CD57	1.31852965621507
c3	Vγ9Vδ2	CD57	1.87458294284763
c3	Vγ9Vδ2	CD57	0.979740168618081
c3	Vγ9Vδ2	CD57	1.99739399462205
c3	Vγ9Vδ2	CD57	1.12340626271597
c3	Vγ9Vδ2	CD57	1.00201082269154
c3	Vγ9Vδ2	CD57	2.36180484628822
c3	Vγ9Vδ2	CD57	0.701096826690251
c3	Vγ9Vδ2	CD57	1.50914202663536
c3	Vγ9Vδ2	CD57	0.414694975582535
c3	Vγ9Vδ2	CD57	1.85284519756061
c3	Vγ9Vδ2	CD57	0.164628546471562
c3	Vγ9Vδ2	CD57	1.00135428965994
c3	Vγ9Vδ2	CD57	1.73032041834707
c3	Vγ9Vδ2	CD57	1.42680090380245
c3	Vγ9Vδ2	CD57	0.865875089547009
c3	Vγ9Vδ2	CD57	1.40216619008821
c3	Vγ9Vδ2	CD57	0.29980409368604
c3	Vγ9Vδ2	CD57	0.9323287653453
c3	Vγ9Vδ2	CD57	0.277702376293389
c3	Vγ9Vδ2	CD57	0.873365418348252
c3	Vγ9Vδ2	CD57	1.10603719964654
c3	Vγ9Vδ2	CD57	2.37468661521143
c3	Vγ9Vδ2	CD57	0.780385683212436
c3	Vγ9Vδ2	CD57	1.61958030956131
c3	Vγ9Vδ2	CD57	1.13957453158582
c3	Vγ9Vδ2	CD57	1.80315150866391
c3	Vγ9Vδ2	CD57	1.21737381462304
c3	Vγ9Vδ2	CD57	0.205428844291523
c3	Vγ9Vδ2	CD57	1.03311564469803
c3	Vγ9Vδ2	CD57	1.36650188440404
c3	Vγ9Vδ2	CD57	0.536710715365033
c3	Vγ9Vδ2	CD57	0.524258702845447
c3	Vγ9Vδ2	CD57	1.51310657633188
c3	Vγ9Vδ2	CD57	1.97665462946665
c3	Vγ9Vδ2	CD57	0.866153790355241
c3	Vγ9Vδ2	CD57	0.867548331172967
c3	Vγ9Vδ2	CD57	1.20416146983209
c3	Vγ9Vδ2	CD57	0.993556237154841
c3	Vγ9Vδ2	CD57	0.593828435398001
c3	Vγ9Vδ2	CD57	1.30635752009217
c3	Vγ9Vδ2	CD57	1.2257668970052
c3	Vγ9Vδ2	CD57	1.55763815711592
c3	Vγ9Vδ2	CD57	0.972015389851815
c3	Vγ9Vδ2	CD57	1.22353942981444
c3	Vγ9Vδ2	CD57	1.91318437396549
c3	Vγ9Vδ2	CD57	1.50822748195627
c3	Vγ9Vδ2	CD57	1.63483798308742
c3	Vγ9Vδ2	CD57	0.677545519538285
c3	Vγ9Vδ2	CD57	0.600788467967437
c3	Vγ9Vδ2	CD57	1.77248946888509
c3	Vγ9Vδ2	CD57	0.238468274088946
c3	Vγ9Vδ2	CD57	0.893751365601296
c3	Vγ9Vδ2	CD57	1.50075096586959
c3	Vγ9Vδ2	CD57	0.615156068162121
c3	Vγ9Vδ2	CD57	0.915456841196013
c3	Vγ9Vδ2	CD57	0.387338216302725
c3	Vγ9Vδ2	CD57	1.55061524120463
c3	Vγ9Vδ2	CD57	1.12774815319891
c3	Vγ9Vδ2	CD57	1.12124854053353
c3	Vγ9Vδ2	CD57	1.75968363000716
c3	Vγ9Vδ2	CD57	1.21259214879067
c3	Vγ9Vδ2	CD57	0.703102905644033
c3	Vγ9Vδ2	CD57	1.32219595669378
c3	Vγ9Vδ2	CD28	0.73438421861438
c3	Vγ9Vδ2	CD28	2.2572350096714
c3	Vγ9Vδ2	CD28	2.05429011693042
c3	Vγ9Vδ2	CD28	1.07625996623402
c3	Vγ9Vδ2	CD28	1.12403142922075
c3	Vγ9Vδ2	CD28	2.02591771593104
c3	Vγ9Vδ2	CD28	2.61996507702116
c3	Vγ9Vδ2	CD28	1.12471380716792
c3	Vγ9Vδ2	CD28	1.13930443730261
c3	Vγ9Vδ2	CD28	2.21533391372813
c3	Vγ9Vδ2	CD28	1.97496087808504
c3	Vγ9Vδ2	CD28	1.9096017315392
c3	Vγ9Vδ2	CD28	1.53340624620416
c3	Vγ9Vδ2	CD28	1.09682756050186
c3	Vγ9Vδ2	CD28	2.54234277536486
c3	Vγ9Vδ2	CD28	1.81848867554439
c3	Vγ9Vδ2	CD28	2.84888268706582
c3	Vγ9Vδ2	CD28	2.21128399419216
c3	Vγ9Vδ2	CD28	1.57009579855218
c3	Vγ9Vδ2	CD28	0.874176897985376
c3	Vγ9Vδ2	CD28	1.20309742277421
c3	Vγ9Vδ2	CD28	1.7155084524646
c3	Vγ9Vδ2	CD28	2.33160833442394
c3	Vγ9Vδ2	CD28	0.861792864104363
c3	Vγ9Vδ2	CD28	2.2785614084679
c3	Vγ9Vδ2	CD28	2.81114767663002
c3	Vγ9Vδ2	CD28	1.15717225747218
c3	Vγ9Vδ2	CD28	1.11925549382419
c3	Vγ9Vδ2	CD28	1.09780639459335
c3	Vγ9Vδ2	CD28	2.09858025900273
c3	Vγ9Vδ2	CD28	2.36646267428076
c3	Vγ9Vδ2	CD28	2.49328399254042
c3	Vγ9Vδ2	CD28	1.10887655129558
c3	Vγ9Vδ2	CD28	1.28374013560809
c3	Vγ9Vδ2	CD28	1.88955924925384
c3	Vγ9Vδ2	CD28	2.54076627523079
c3	Vγ9Vδ2	CD28	2.05781565756826
c3	Vγ9Vδ2	CD28	1.61070023599626
c3	Vγ9Vδ2	CD28	1.97343694496351
c3	Vγ9Vδ2	CD28	0.898523048432356
c3	Vγ9Vδ2	CD28	1.14078416816425
c3	Vγ9Vδ2	CD28	1.32953404521871
c3	Vγ9Vδ2	CD28	2.69546106223218
c3	Vγ9Vδ2	CD28	1.79913904710378
c3	Vγ9Vδ2	CD28	3.54968228282771
c3	Vγ9Vδ2	CD28	1.95094799772294
c3	Vγ9Vδ2	CD28	1.45230697665018
c3	Vγ9Vδ2	CD28	0.451483915547891
c3	Vγ9Vδ2	CD28	1.31212107757447
c3	Vγ9Vδ2	CD28	1.76081931023244
c3	Vγ9Vδ2	CD28	2.04142683508426
c3	Vγ9Vδ2	CD28	1.57515241401475
c3	Vγ9Vδ2	CD28	1.79641718878139
c3	Vγ9Vδ2	CD28	2.56054966142817
c3	Vγ9Vδ2	CD28	1.69562154772282
c3	Vγ9Vδ2	CD28	1.42989625796619
c3	Vγ9Vδ2	CD28	0.606140152404119
c3	Vγ9Vδ2	CD28	2.14314835335394
c3	Vγ9Vδ2	CD28	3.36704135604513
c3	Vγ9Vδ2	CD28	1.97456263950877
c3	Vγ9Vδ2	CD28	1.63334668822045
c3	Vγ9Vδ2	CD28	2.40979672385116
c3	Vγ9Vδ2	CD28	2.11319443876724
c3	Vγ9Vδ2	CD28	1.24507731413088
c3	Vγ9Vδ2	CD28	0.464400559289391
c3	Vγ9Vδ2	CD28	0.851967235725399
c3	Vγ9Vδ2	CD28	1.64688528628075
c3	Vγ9Vδ2	CD28	2.03734846047482
c3	Vγ9Vδ2	CD28	2.46282224268258
c3	Vγ9Vδ2	CD28	2.47072531767716
c3	Vγ9Vδ2	CD28	2.20401124670187
c3	Vγ9Vδ2	CD28	2.37271337545229
c3	Vγ9Vδ2	CD28	1.12534615836318
c3	Vγ9Vδ2	CD28	2.57916769084099
c3	Vγ9Vδ2	CD28	1.69075116324959
c3	Vγ9Vδ2	CD28	1.69465312738019
c3	Vγ9Vδ2	CD28	2.37761016754091
c3	Vγ9Vδ2	CD28	0.842896712957363
c3	Vγ9Vδ2	CD28	1.45396445221425
c3	Vγ9Vδ2	CD28	2.39857127182066
c3	Vγ9Vδ2	CD28	0.871074833812856
c3	Vγ9Vδ2	CD28	1.88577626398857
c3	Vγ9Vδ2	CD28	1.21961141359238
c3	Vγ9Vδ2	CD28	1.05735529997848
c3	Vγ9Vδ2	CD28	1.35437194905405
c3	Vγ9Vδ2	CD28	2.18680107863832
c3	Vγ9Vδ2	CD28	1.50306498820599
c3	Vγ9Vδ2	CD28	1.71183450974676
c3	Vγ9Vδ2	CD28	2.28295481668829
c3	Vγ9Vδ2	CD28	2.2973202493596
c4	Vγ9Vδ2	CD161	1.28174042754089
c4	Vγ9Vδ2	CD161	1.43739932882997
c4	Vγ9Vδ2	CD161	1.18346809304247
c4	Vγ9Vδ2	CD161	0
c4	Vγ9Vδ2	CD161	1.36092663270035
c4	Vγ9Vδ2	CD161	1.25758123592928
c4	Vγ9Vδ2	CD161	1.71597596812143
c4	Vγ9Vδ2	CD161	0.530365185592803
c4	Vγ9Vδ2	CD161	1.3738862005482
c4	Vγ9Vδ2	CD161	0.537096760226273
c4	Vγ9Vδ2	CD161	1.82588386326098
c4	Vγ9Vδ2	CD161	1.67563613889502
c4	Vγ9Vδ2	CD161	0.711875403997296
c4	Vγ9Vδ2	CD161	1.92373097098321
c4	Vγ9Vδ2	CD161	0.584039339618865
c4	Vγ9Vδ2	CD161	0.80623747003232
c4	Vγ9Vδ2	CD161	1.13380031702674
c4	Vγ9Vδ2	CD161	1.18309344519536
c4	Vγ9Vδ2	CD161	0.335173406230909
c4	Vγ9Vδ2	CD161	1.83010188717264
c4	Vγ9Vδ2	CD161	2.1892993337324
c4	Vγ9Vδ2	CD161	0.28733802782275
c4	Vγ9Vδ2	CD161	1.75270182800209
c4	Vγ9Vδ2	CD161	1.0202077431708
c4	Vγ9Vδ2	CD161	1.63821013032867
c4	Vγ9Vδ2	CD161	1.53561226177835
c4	Vγ9Vδ2	CD161	1.23603015306256
c4	Vγ9Vδ2	CD161	0.703862080354417
c4	Vγ9Vδ2	CD161	2.42062710234887
c4	Vγ9Vδ2	CD161	2.12074481454111
c4	Vγ9Vδ2	CD161	1.56006843102956
c4	Vγ9Vδ2	CD161	2.03883418680862
c4	Vγ9Vδ2	CD161	1.06840311518524
c4	Vγ9Vδ2	CD161	1.04100798612422
c4	Vγ9Vδ2	CD161	1.51265928761143
c4	Vγ9Vδ2	CD161	2.01509251251187
c4	Vγ9Vδ2	CD161	2.23826929343631
c4	Vγ9Vδ2	CD161	0.984236285678062
c4	Vγ9Vδ2	CD161	0.989783965423554
c4	Vγ9Vδ2	CD161	2.49308407428977
c4	Vγ9Vδ2	CD161	1.10709113997737
c4	Vγ9Vδ2	CD161	1.80587310905352
c4	Vγ9Vδ2	CD161	2.36280659605862
c4	Vγ9Vδ2	CD161	1.87170414744475
c4	Vγ9Vδ2	CD161	0.749388916130118
c4	Vγ9Vδ2	CD161	1.95574115520742
c4	Vγ9Vδ2	CD161	1.76598643510072
c4	Vγ9Vδ2	CD161	0.483646400915163
c4	Vγ9Vδ2	CD161	1.5127997517386
c4	Vγ9Vδ2	CD161	1.87359954310772
c4	Vγ9Vδ2	CD161	0.762774088484574
c4	Vγ9Vδ2	CD161	0.921060718549271
c4	Vγ9Vδ2	CD161	1.40959612932506
c4	Vγ9Vδ2	CD161	0.748413609387395
c4	Vγ9Vδ2	CD161	1.19211606096306
c4	Vγ9Vδ2	CD161	0
c4	Vγ9Vδ2	CD161	1.22979282479358
c4	Vγ9Vδ2	CD161	1.49420909798157
c4	Vγ9Vδ2	CD161	0.6619294366578
c4	Vγ9Vδ2	CD161	1.18985833160467
c4	Vγ9Vδ2	CD161	0
c4	Vγ9Vδ2	CD161	1.12114133742567
c4	Vγ9Vδ2	CD161	1.32916131199244
c4	Vγ9Vδ2	CD161	0.372179192010056
c4	Vγ9Vδ2	CD161	1.23722294841255
c4	Vγ9Vδ2	CD161	1.1533627254206
c4	Vγ9Vδ2	CD161	0.370869899969949
c4	Vγ9Vδ2	CD161	1.03469078478581
c4	Vγ9Vδ2	CD161	0.178096563224883
c4	Vγ9Vδ2	CD161	0
c4	Vγ9Vδ2	CD161	1.49471308028987
c4	Vγ9Vδ2	CD161	0.31053132296763
c4	Vγ9Vδ2	CD161	1.08209294743282
c4	Vγ9Vδ2	CD161	1.26056728992597
c4	Vγ9Vδ2	CD161	0.734909203930134
c4	Vγ9Vδ2	CD161	1.29608853521009
c4	Vγ9Vδ2	CD161	1.33174592202869
c4	Vγ9Vδ2	CD161	1.5156255954058
c4	Vγ9Vδ2	CD161	1.62834396807246
c4	Vγ9Vδ2	CD161	1.33861207918327
c4	Vγ9Vδ2	CD161	1.14437292378162
c4	Vγ9Vδ2	CD161	2.01679901656782
c4	Vγ9Vδ2	CD161	0.655345451106337
c4	Vγ9Vδ2	CD161	1.15791942390052
c4	Vγ9Vδ2	CD161	1.28760184964199
c4	Vγ9Vδ2	CD161	1.79826499510415
c4	Vγ9Vδ2	CD161	0.740764451886995
c4	Vγ9Vδ2	CD161	0.661932575290684
c4	Vγ9Vδ2	CD161	1.96601101340556
c4	Vγ9Vδ2	CD161	1.25486041798391
c4	Vγ9Vδ2	NKG2A	4.65468820199056
c4	Vγ9Vδ2	NKG2A	3.29983201985395
c4	Vγ9Vδ2	NKG2A	3.24438057266353
c4	Vγ9Vδ2	NKG2A	3.11775071773649
c4	Vγ9Vδ2	NKG2A	3.38610564335247
c4	Vγ9Vδ2	NKG2A	2.89458576996396
c4	Vγ9Vδ2	NKG2A	3.46473639962872
c4	Vγ9Vδ2	NKG2A	3.13497937100878
c4	Vγ9Vδ2	NKG2A	2.83404692810087
c4	Vγ9Vδ2	NKG2A	3.22021272793267
c4	Vγ9Vδ2	NKG2A	1.99640033819713
c4	Vγ9Vδ2	NKG2A	3.30464055802111
c4	Vγ9Vδ2	NKG2A	3.35270989790075
c4	Vγ9Vδ2	NKG2A	1.85150675240728
c4	Vγ9Vδ2	NKG2A	3.32239306612806
c4	Vγ9Vδ2	NKG2A	3.18066733466011
c4	Vγ9Vδ2	NKG2A	2.14451799599249
c4	Vγ9Vδ2	NKG2A	3.3923304810892
c4	Vγ9Vδ2	NKG2A	3.52224700162897
c4	Vγ9Vδ2	NKG2A	3.98150558646522
c4	Vγ9Vδ2	NKG2A	2.81478324515604
c4	Vγ9Vδ2	NKG2A	3.17189024008566
c4	Vγ9Vδ2	NKG2A	4.19268107973443
c4	Vγ9Vδ2	NKG2A	2.14974360173831
c4	Vγ9Vδ2	NKG2A	4.37042047042738
c4	Vγ9Vδ2	NKG2A	3.44045236328262
c4	Vγ9Vδ2	NKG2A	3.27598249276957
c4	Vγ9Vδ2	NKG2A	3.67381934933223
c4	Vγ9Vδ2	NKG2A	4.30205885814911
c4	Vγ9Vδ2	NKG2A	3.40780629126454
c4	Vγ9Vδ2	NKG2A	2.38999365080593
c4	Vγ9Vδ2	NKG2A	3.26487026972723
c4	Vγ9Vδ2	NKG2A	3.41462475451632
c4	Vγ9Vδ2	NKG2A	4.43563842909477
c4	Vγ9Vδ2	NKG2A	3.06927452153494
c4	Vγ9Vδ2	NKG2A	2.37140253167955
c4	Vγ9Vδ2	NKG2A	3.82922882929664
c4	Vγ9Vδ2	NKG2A	4.2479983908352
c4	Vγ9Vδ2	NKG2A	3.63881542996597
c4	Vγ9Vδ2	NKG2A	4.01791805572488
c4	Vγ9Vδ2	NKG2A	3.75400604464888
c4	Vγ9Vδ2	NKG2A	3.19365667230599
c4	Vγ9Vδ2	NKG2A	3.60899932772768
c4	Vγ9Vδ2	NKG2A	3.3954151898329
c4	Vγ9Vδ2	NKG2A	3.12449409103557
c4	Vγ9Vδ2	NKG2A	4.3720653124942
c4	Vγ9Vδ2	NKG2A	4.09217773138063
c4	Vγ9Vδ2	NKG2A	3.28200365873449
c4	Vγ9Vδ2	NKG2A	2.25752291401015
c4	Vγ9Vδ2	NKG2A	3.25187941815672
c4	Vγ9Vδ2	NKG2A	2.22617637092789
c4	Vγ9Vδ2	NKG2A	4.23287202536286
c4	Vγ9Vδ2	NKG2A	3.73664081631965
c4	Vγ9Vδ2	NKG2A	2.91728708724836
c4	Vγ9Vδ2	NKG2A	3.80914200441592
c4	Vγ9Vδ2	NKG2A	2.2938312089283
c4	Vγ9Vδ2	NKG2A	3.190274508343
c4	Vγ9Vδ2	NKG2A	4.13179255549586
c4	Vγ9Vδ2	NKG2A	3.04797664919586
c4	Vγ9Vδ2	NKG2A	3.54798546813161
c4	Vγ9Vδ2	NKG2A	2.57515143758643
c4	Vγ9Vδ2	NKG2A	4.23150913687005
c4	Vγ9Vδ2	NKG2A	3.78118023012358
c4	Vγ9Vδ2	NKG2A	2.82317772907731
c4	Vγ9Vδ2	NKG2A	3.29437693894383
c4	Vγ9Vδ2	NKG2A	3.30332135063311
c4	Vγ9Vδ2	NKG2A	3.54598082860084
c4	Vγ9Vδ2	NKG2A	2.86565976828214
c4	Vγ9Vδ2	NKG2A	3.53593710244263
c4	Vγ9Vδ2	NKG2A	3.97863328451463
c4	Vγ9Vδ2	NKG2A	2.96917679806796
c4	Vγ9Vδ2	NKG2A	3.85015250233597
c4	Vγ9Vδ2	NKG2A	2.85922279916713
c4	Vγ9Vδ2	NKG2A	3.63387694638947
c4	Vγ9Vδ2	NKG2A	3.33909949239423
c4	Vγ9Vδ2	NKG2A	3.54703329501166
c4	Vγ9Vδ2	NKG2A	2.73331544147385
c4	Vγ9Vδ2	NKG2A	4.13759961656956
c4	Vγ9Vδ2	NKG2A	2.50689394792114
c4	Vγ9Vδ2	NKG2A	4.11633767614876
c4	Vγ9Vδ2	NKG2A	2.91300014886866
c4	Vγ9Vδ2	NKG2A	2.92735151458168
c4	Vγ9Vδ2	NKG2A	3.81869828641704
c4	Vγ9Vδ2	NKG2A	3.33190554337086
c4	Vγ9Vδ2	NKG2A	3.16189152360162
c4	Vγ9Vδ2	NKG2A	4.16052056805094
c4	Vγ9Vδ2	NKG2A	2.70099466057493
c4	Vγ9Vδ2	NKG2A	4.1092765141606
c4	Vγ9Vδ2	NKG2A	3.99888402423147
c4	Vγ9Vδ2	NKG2A	2.73753778066808
c4	Vγ9Vδ2	CD31	1.26709783676457
c4	Vγ9Vδ2	CD31	1.00389046645689
c4	Vγ9Vδ2	CD31	3.02385359228414
c4	Vγ9Vδ2	CD31	1.65828575726742
c4	Vγ9Vδ2	CD31	1.63409304504747
c4	Vγ9Vδ2	CD31	1.12975971365317
c4	Vγ9Vδ2	CD31	1.15155382750833
c4	Vγ9Vδ2	CD31	0.73591224322615
c4	Vγ9Vδ2	CD31	1.27865865187471
c4	Vγ9Vδ2	CD31	1.54048109244955
c4	Vγ9Vδ2	CD31	1.29609529171915
c4	Vγ9Vδ2	CD31	1.69690789035198
c4	Vγ9Vδ2	CD31	0.99345835751967
c4	Vγ9Vδ2	CD31	1.54731038133641
c4	Vγ9Vδ2	CD31	2.14394691511391
c4	Vγ9Vδ2	CD31	0.807213364365271
c4	Vγ9Vδ2	CD31	1.93734986622559
c4	Vγ9Vδ2	CD31	1.56106953219993
c4	Vγ9Vδ2	CD31	1.99967858855716
c4	Vγ9Vδ2	CD31	0.433333225850778
c4	Vγ9Vδ2	CD31	1.72680875073023
c4	Vγ9Vδ2	CD31	1.70278331052666
c4	Vγ9Vδ2	CD31	0.701152246201167
c4	Vγ9Vδ2	CD31	1.77714093990693
c4	Vγ9Vδ2	CD31	1.30178700757844
c4	Vγ9Vδ2	CD31	0.487181614695366
c4	Vγ9Vδ2	CD31	1.45380874433535
c4	Vγ9Vδ2	CD31	0.703387887370858
c4	Vγ9Vδ2	CD31	2.08815615921108
c4	Vγ9Vδ2	CD31	0.881425833361177
c4	Vγ9Vδ2	CD31	1.42208605017446
c4	Vγ9Vδ2	CD31	1.00253881230495
c4	Vγ9Vδ2	CD31	1.22004809152623
c4	Vγ9Vδ2	CD31	1.01056033601944
c4	Vγ9Vδ2	CD31	2.27683582163878
c4	Vγ9Vδ2	CD31	0.361967446886609
c4	Vγ9Vδ2	CD31	1.50913089248536
c4	Vγ9Vδ2	CD31	1.03168887722183
c4	Vγ9Vδ2	CD31	1.52570545659617
c4	Vγ9Vδ2	CD31	1.06753139044323
c4	Vγ9Vδ2	CD31	1.29620930722035
c4	Vγ9Vδ2	CD31	2.22884736943766
c4	Vγ9Vδ2	CD31	0.821508727213246
c4	Vγ9Vδ2	CD31	1.5774113065405
c4	Vγ9Vδ2	CD31	1.10123680960585
c4	Vγ9Vδ2	CD31	1.27142889435292
c4	Vγ9Vδ2	CD31	0.146169370454454
c4	Vγ9Vδ2	CD31	0.613015016364856
c4	Vγ9Vδ2	CD31	0.703443840780301
c4	Vγ9Vδ2	CD31	2.09251168664325
c4	Vγ9Vδ2	CD31	1.48626053749328
c4	Vγ9Vδ2	CD31	0.552025977373569
c4	Vγ9Vδ2	CD31	0.637267408855052
c4	Vγ9Vδ2	CD31	0.537048599253015
c4	Vγ9Vδ2	CD31	0.81451634053647
c4	Vγ9Vδ2	CD31	1.71697498281371
c4	Vγ9Vδ2	CD31	2.64012964685403
c4	Vγ9Vδ2	CD31	1.61819152577826
c4	Vγ9Vδ2	CD31	1.53338794592722
c4	Vγ9Vδ2	CD31	1.7279271366541
c4	Vγ9Vδ2	CD31	1.42112383836791
c4	Vγ9Vδ2	CD31	1.36433063964428
c4	Vγ9Vδ2	CD31	0.552650405071523
c4	Vγ9Vδ2	CD31	1.63304692316741
c4	Vγ9Vδ2	CD31	1.24929724040819
c4	Vγ9Vδ2	CD31	1.0318929931403
c4	Vγ9Vδ2	CD31	1.02028337204872
c4	Vγ9Vδ2	CD31	1.84953334789199
c4	Vγ9Vδ2	CD31	0.742208161664509
c4	Vγ9Vδ2	CD31	1.12284463029956
c4	Vγ9Vδ2	CD31	1.06772675090639
c4	Vγ9Vδ2	CD31	2.26242260069279
c4	Vγ9Vδ2	CD31	2.09941674970333
c4	Vγ9Vδ2	CD31	1.76975343595087
c4	Vγ9Vδ2	CD31	1.12936647502938
c4	Vγ9Vδ2	CD31	1.02219777970868
c4	Vγ9Vδ2	CD31	0.603838620204818
c4	Vγ9Vδ2	CD31	1.58208527231622
c4	Vγ9Vδ2	CD31	0.515932999143023
c4	Vγ9Vδ2	CD31	0.81785327227417
c4	Vγ9Vδ2	CD31	1.36399871996887
c4	Vγ9Vδ2	CD31	1.73246695474877
c4	Vγ9Vδ2	CD31	0.758056900314194
c4	Vγ9Vδ2	CD31	1.2830445823776
c4	Vγ9Vδ2	CD31	0.362425008769389
c4	Vγ9Vδ2	CD31	2.03936930582431
c4	Vγ9Vδ2	CD31	0.822322219843228
c4	Vγ9Vδ2	CD31	1.57636080059637
c4	Vγ9Vδ2	CD31	1.8874173936279
c4	Vγ9Vδ2	CD31	0.998727990623778
c4	Vγ9Vδ2	CD8	0.910355059488381
c4	Vγ9Vδ2	CD8	1.61433204379082
c4	Vγ9Vδ2	CD8	1.6499000136765
c4	Vγ9Vδ2	CD8	1.84857760195314
c4	Vγ9Vδ2	CD8	0.728127035392222
c4	Vγ9Vδ2	CD8	0.819950129165836
c4	Vγ9Vδ2	CD8	0.10658370774999
c4	Vγ9Vδ2	CD8	2.36607530486095
c4	Vγ9Vδ2	CD8	0.740623583523876
c4	Vγ9Vδ2	CD8	1.13945798327242
c4	Vγ9Vδ2	CD8	1.7047276588779
c4	Vγ9Vδ2	CD8	0.929757625852044
c4	Vγ9Vδ2	CD8	0.849825225529683
c4	Vγ9Vδ2	CD8	1.71581117423299
c4	Vγ9Vδ2	CD8	1.92306302152188
c4	Vγ9Vδ2	CD8	0.041150829367238
c4	Vγ9Vδ2	CD8	0.980637420829513
c4	Vγ9Vδ2	CD8	0.200243684459495
c4	Vγ9Vδ2	CD8	1.70106966079734
c4	Vγ9Vδ2	CD8	1.3841347859205
c4	Vγ9Vδ2	CD8	1.62690975596415
c4	Vγ9Vδ2	CD8	0.895401384365919
c4	Vγ9Vδ2	CD8	1.56306928622714
c4	Vγ9Vδ2	CD8	1.49662085877668
c4	Vγ9Vδ2	CD8	0.450022619928109
c4	Vγ9Vδ2	CD8	1.69299965899028
c4	Vγ9Vδ2	CD8	0.61249123488086
c4	Vγ9Vδ2	CD8	1.65036021755202
c4	Vγ9Vδ2	CD8	1.3796346896049
c4	Vγ9Vδ2	CD8	1.57074507283736
c4	Vγ9Vδ2	CD8	2.4581596403299
c4	Vγ9Vδ2	CD8	0.795462022904435
c4	Vγ9Vδ2	CD8	1.09727128655037
c4	Vγ9Vδ2	CD8	2.05985065981561
c4	Vγ9Vδ2	CD8	0.531285241056731
c4	Vγ9Vδ2	CD8	0.0895467385648414
c4	Vγ9Vδ2	CD8	1.43759688265485
c4	Vγ9Vδ2	CD8	1.69091867694393
c4	Vγ9Vδ2	CD8	1.13178014879909
c4	Vγ9Vδ2	CD8	0.795461936115638
c4	Vγ9Vδ2	CD8	0.503738570413789
c4	Vγ9Vδ2	CD8	2.06187206689703
c4	Vγ9Vδ2	CD8	1.53881439663706
c4	Vγ9Vδ2	CD8	0.776457793643427
c4	Vγ9Vδ2	CD8	1.56310227096073
c4	Vγ9Vδ2	CD8	0.330046659307179
c4	Vγ9Vδ2	CD8	1.05864946951381
c4	Vγ9Vδ2	CD8	1.42294392156084
c4	Vγ9Vδ2	CD8	1.54751818168065
c4	Vγ9Vδ2	CD8	0.903239996526223
c4	Vγ9Vδ2	CD8	0.930781327986844
c4	Vγ9Vδ2	CD8	2.09383773944114
c4	Vγ9Vδ2	CD8	1.63810576183343
c4	Vγ9Vδ2	CD8	0.696271124984857
c4	Vγ9Vδ2	CD8	0
c4	Vγ9Vδ2	CD8	2.56270686493687
c4	Vγ9Vδ2	CD8	0.521027895659246
c4	Vγ9Vδ2	CD8	0.238556889244959
c4	Vγ9Vδ2	CD8	2.28909316767286
c4	Vγ9Vδ2	CD8	0.17789919916767
c4	Vγ9Vδ2	CD8	1.75760869556077
c4	Vγ9Vδ2	CD8	0.811115356959686
c4	Vγ9Vδ2	CD8	0.798754713680596
c4	Vγ9Vδ2	CD8	0.979885894519888
c4	Vγ9Vδ2	CD8	1.30172722781279
c4	Vγ9Vδ2	CD8	1.474665537821
c4	Vγ9Vδ2	CD8	1.33513156038732
c4	Vγ9Vδ2	CD8	1.7764536985892
c4	Vγ9Vδ2	CD8	1.29458913270847
c4	Vγ9Vδ2	CD8	1.19440373378864
c4	Vγ9Vδ2	CD8	0.58881016343143
c4	Vγ9Vδ2	CD8	0.309386810388293
c4	Vγ9Vδ2	CD8	0.510319136881479
c4	Vγ9Vδ2	CD8	0.4401819524513
c4	Vγ9Vδ2	CD8	0.645934139094876
c4	Vγ9Vδ2	CD8	2.36197293366528
c4	Vγ9Vδ2	CD8	1.10149847381588
c4	Vγ9Vδ2	CD8	1.54261886930289
c4	Vγ9Vδ2	CD8	2.08893120842469
c4	Vγ9Vδ2	CD8	0.713553215335379
c4	Vγ9Vδ2	CD8	1.48551451225146
c4	Vγ9Vδ2	CD8	1.29701003422796
c4	Vγ9Vδ2	CD8	1.84412186507841
c4	Vγ9Vδ2	CD8	0.937035020485375
c4	Vγ9Vδ2	CD8	1.28106285428474
c4	Vγ9Vδ2	CD8	0.505551848781826
c4	Vγ9Vδ2	CD8	1.54359772245154
c4	Vγ9Vδ2	CD8	1.14752793299611
c4	Vγ9Vδ2	CD8	0.600429494511722
c4	Vγ9Vδ2	CD8	0.128810662074681
c4	Vγ9Vδ2	CD57	0.966793603665753
c4	Vγ9Vδ2	CD57	1.3447780438456
c4	Vγ9Vδ2	CD57	1.25965413974079
c4	Vγ9Vδ2	CD57	1.71545640609545
c4	Vγ9Vδ2	CD57	1.31083302198164
c4	Vγ9Vδ2	CD57	1.20636192706791
c4	Vγ9Vδ2	CD57	0.919208152854218
c4	Vγ9Vδ2	CD57	2.38074623934682
c4	Vγ9Vδ2	CD57	1.92083871381231
c4	Vγ9Vδ2	CD57	0.846838278060674
c4	Vγ9Vδ2	CD57	0.863127298326941
c4	Vγ9Vδ2	CD57	1.11646028334483
c4	Vγ9Vδ2	CD57	0.870156459010744
c4	Vγ9Vδ2	CD57	0.350814308971878
c4	Vγ9Vδ2	CD57	1.06557417847785
c4	Vγ9Vδ2	CD57	1.82653796475058
c4	Vγ9Vδ2	CD57	0.168393299901379
c4	Vγ9Vδ2	CD57	1.77292628882766
c4	Vγ9Vδ2	CD57	1.24391063332895
c4	Vγ9Vδ2	CD57	1.12921603844917
c4	Vγ9Vδ2	CD57	1.92916779481495
c4	Vγ9Vδ2	CD57	1.30999855024346
c4	Vγ9Vδ2	CD57	2.04549065059524
c4	Vγ9Vδ2	CD57	0.506119409497851
c4	Vγ9Vδ2	CD57	0.565526338950141
c4	Vγ9Vδ2	CD57	0.919309896892147
c4	Vγ9Vδ2	CD57	1.39373183090341
c4	Vγ9Vδ2	CD57	1.94570674156132
c4	Vγ9Vδ2	CD57	2.45861012961413
c4	Vγ9Vδ2	CD57	1.14187574741065
c4	Vγ9Vδ2	CD57	0.973483833535728
c4	Vγ9Vδ2	CD57	1.20275270113621
c4	Vγ9Vδ2	CD57	1.30047040776536
c4	Vγ9Vδ2	CD57	2.29441612931661
c4	Vγ9Vδ2	CD57	1.55990572358136
c4	Vγ9Vδ2	CD57	0.145316426618528
c4	Vγ9Vδ2	CD57	1.39943712573933
c4	Vγ9Vδ2	CD57	2.96760161937633
c4	Vγ9Vδ2	CD57	1.2652616630793
c4	Vγ9Vδ2	CD57	1.10184289432767
c4	Vγ9Vδ2	CD57	1.51073599537273
c4	Vγ9Vδ2	CD57	1.7865107587339
c4	Vγ9Vδ2	CD57	1.08123282132933
c4	Vγ9Vδ2	CD57	0.549775812755571
c4	Vγ9Vδ2	CD57	2.22236829531578
c4	Vγ9Vδ2	CD57	0.540501244442668
c4	Vγ9Vδ2	CD57	1.26282357528139
c4	Vγ9Vδ2	CD57	1.34927664812972
c4	Vγ9Vδ2	CD57	1.27329179543842
c4	Vγ9Vδ2	CD57	1.96842806543978
c4	Vγ9Vδ2	CD57	1.03333317970381
c4	Vγ9Vδ2	CD57	1.8748966765973
c4	Vγ9Vδ2	CD57	1.21142523871917
c4	Vγ9Vδ2	CD57	0.765998188625956
c4	Vγ9Vδ2	CD57	1.97524696449013
c4	Vγ9Vδ2	CD57	1.43202485738254
c4	Vγ9Vδ2	CD57	1.58996196429114
c4	Vγ9Vδ2	CD57	1.33073238655766
c4	Vγ9Vδ2	CD57	2.07302427815228
c4	Vγ9Vδ2	CD57	1.01861300830287
c4	Vγ9Vδ2	CD57	2.02262984106353
c4	Vγ9Vδ2	CD57	1.17397523371233
c4	Vγ9Vδ2	CD57	1.18091970560844
c4	Vγ9Vδ2	CD57	1.57708914726702
c4	Vγ9Vδ2	CD57	2.35597984398212
c4	Vγ9Vδ2	CD57	2.49318726928575
c4	Vγ9Vδ2	CD57	0.90021484375378
c4	Vγ9Vδ2	CD57	1.75589414082994
c4	Vγ9Vδ2	CD57	0.746079438474288
c4	Vγ9Vδ2	CD57	2.48528379140773
c4	Vγ9Vδ2	CD57	1.64495804147846
c4	Vγ9Vδ2	CD57	1.7031600717537
c4	Vγ9Vδ2	CD57	0.72689167468117
c4	Vγ9Vδ2	CD57	2.08902380720798
c4	Vγ9Vδ2	CD57	1.21913115870928
c4	Vγ9Vδ2	CD57	0.69684747938084
c4	Vγ9Vδ2	CD57	2.24755398590198
c4	Vγ9Vδ2	CD57	0.428379302838974
c4	Vγ9Vδ2	CD57	0.990449826174793
c4	Vγ9Vδ2	CD57	1.29577986642513
c4	Vγ9Vδ2	CD57	1.4631119837555
c4	Vγ9Vδ2	CD57	2.06219810889338
c4	Vγ9Vδ2	CD57	1.3133019281484
c4	Vγ9Vδ2	CD57	1.33139996564088
c4	Vγ9Vδ2	CD57	1.18663803134753
c4	Vγ9Vδ2	CD57	1.47178811457295
c4	Vγ9Vδ2	CD57	2.49463900403042
c4	Vγ9Vδ2	CD57	1.88792500412192
c4	Vγ9Vδ2	CD57	1.28255787945116
c4	Vγ9Vδ2	CD57	2.45900627955109
c4	Vγ9Vδ2	CD28	2.35471433190235
c4	Vγ9Vδ2	CD28	2.9287589425014
c4	Vγ9Vδ2	CD28	3.4467080622313
c4	Vγ9Vδ2	CD28	1.63438402660086
c4	Vγ9Vδ2	CD28	0.725010057707456
c4	Vγ9Vδ2	CD28	2.05808153842179
c4	Vγ9Vδ2	CD28	1.3800618080322
c4	Vγ9Vδ2	CD28	1.86976458494142
c4	Vγ9Vδ2	CD28	2.33387017296696
c4	Vγ9Vδ2	CD28	1.44171007543142
c4	Vγ9Vδ2	CD28	2.11832521849861
c4	Vγ9Vδ2	CD28	1.28648956810619
c4	Vγ9Vδ2	CD28	1.33385022185369
c4	Vγ9Vδ2	CD28	1.95959382878498
c4	Vγ9Vδ2	CD28	1.82638211157092
c4	Vγ9Vδ2	CD28	3.15037237742392
c4	Vγ9Vδ2	CD28	2.18763943523358
c4	Vγ9Vδ2	CD28	1.29680434759554
c4	Vγ9Vδ2	CD28	1.6372918900712
c4	Vγ9Vδ2	CD28	2.67223098477866
c4	Vγ9Vδ2	CD28	1.95572192870159
c4	Vγ9Vδ2	CD28	1.84945628853204
c4	Vγ9Vδ2	CD28	1.84272790335175
c4	Vγ9Vδ2	CD28	2.4837226469267
c4	Vγ9Vδ2	CD28	2.89975072961092
c4	Vγ9Vδ2	CD28	1.09175469279711
c4	Vγ9Vδ2	CD28	3.58730394943534
c4	Vγ9Vδ2	CD28	2.33868690541207
c4	Vγ9Vδ2	CD28	1.95870621325523
c4	Vγ9Vδ2	CD28	1.05125136378379
c4	Vγ9Vδ2	CD28	2.03712949548529
c4	Vγ9Vδ2	CD28	1.78578641110508
c4	Vγ9Vδ2	CD28	2.61507080139241
c4	Vγ9Vδ2	CD28	0.886597373772907
c4	Vγ9Vδ2	CD28	2.58624631519644
c4	Vγ9Vδ2	CD28	2.00949334611041
c4	Vγ9Vδ2	CD28	2.11204319521394
c4	Vγ9Vδ2	CD28	2.44951349565031
c4	Vγ9Vδ2	CD28	2.34360187622507
c4	Vγ9Vδ2	CD28	2.26041184302084
c4	Vγ9Vδ2	CD28	0.998973162675586
c4	Vγ9Vδ2	CD28	1.34933962393647
c4	Vγ9Vδ2	CD28	1.48203813175028
c4	Vγ9Vδ2	CD28	2.82537959303561
c4	Vγ9Vδ2	CD28	2.02703144406696
c4	Vγ9Vδ2	CD28	2.46689763611937
c4	Vγ9Vδ2	CD28	1.96738598381062
c4	Vγ9Vδ2	CD28	2.10908545374707
c4	Vγ9Vδ2	CD28	2.02671580546979
c4	Vγ9Vδ2	CD28	1.76667751530119
c4	Vγ9Vδ2	CD28	1.86393844087407
c4	Vγ9Vδ2	CD28	2.15979951696375
c4	Vγ9Vδ2	CD28	1.09674294504447
c4	Vγ9Vδ2	CD28	1.13573757933276
c4	Vγ9Vδ2	CD28	2.55754745230325
c4	Vγ9Vδ2	CD28	1.91371944722289
c4	Vγ9Vδ2	CD28	2.38055993138071
c4	Vγ9Vδ2	CD28	2.46610558099243
c4	Vγ9Vδ2	CD28	1.31755005189145
c4	Vγ9Vδ2	CD28	2.19415470029253
c4	Vγ9Vδ2	CD28	1.74384148749671
c4	Vγ9Vδ2	CD28	1.85557178072429
c4	Vγ9Vδ2	CD28	3.16483960525555
c4	Vγ9Vδ2	CD28	1.62299004631776
c4	Vγ9Vδ2	CD28	2.66024190487379
c4	Vγ9Vδ2	CD28	2.73947673896395
c4	Vγ9Vδ2	CD28	1.14951309390054
c4	Vγ9Vδ2	CD28	2.85762038211264
c4	Vγ9Vδ2	CD28	2.83706614470566
c4	Vγ9Vδ2	CD28	0.7553566676611
c4	Vγ9Vδ2	CD28	2.64150962898864
c4	Vγ9Vδ2	CD28	0.676664612575696
c4	Vγ9Vδ2	CD28	3.01706538827914
c4	Vγ9Vδ2	CD28	2.21330314330816
c4	Vγ9Vδ2	CD28	2.09612950524885
c4	Vγ9Vδ2	CD28	2.25776488782421
c4	Vγ9Vδ2	CD28	1.91635484256111
c4	Vγ9Vδ2	CD28	1.97993555337769
c4	Vγ9Vδ2	CD28	2.10124209832
c4	Vγ9Vδ2	CD28	1.6911742214636
c4	Vγ9Vδ2	CD28	2.20603620000749
c4	Vγ9Vδ2	CD28	2.21509116424446
c4	Vγ9Vδ2	CD28	2.75254167796762
c4	Vγ9Vδ2	CD28	1.95131363891668
c4	Vγ9Vδ2	CD28	2.14997600327811
c4	Vγ9Vδ2	CD28	3.7648367814642
c4	Vγ9Vδ2	CD28	1.66534177917998
c4	Vγ9Vδ2	CD28	1.92466266426177
c4	Vγ9Vδ2	CD28	2.4020338352643
c4	Vγ9Vδ2	CD28	1.22847436938129
c5	Vγ9Vδ2	CD161	1.14809805256197
c5	Vγ9Vδ2	CD161	0.169308569191716
c5	Vγ9Vδ2	CD161	0.54000160492828
c5	Vγ9Vδ2	CD161	0.839491394647508
c5	Vγ9Vδ2	CD161	1.58200461318411
c5	Vγ9Vδ2	CD161	0.493038477346836
c5	Vγ9Vδ2	CD161	1.12851761904931
c5	Vγ9Vδ2	CD161	0.476835911794699
c5	Vγ9Vδ2	CD161	0.979469666268347
c5	Vγ9Vδ2	CD161	1.6478180329712
c5	Vγ9Vδ2	CD161	1.1209665277179
c5	Vγ9Vδ2	CD161	1.6280516484342
c5	Vγ9Vδ2	CD161	1.57489605527251
c5	Vγ9Vδ2	CD161	1.27578959873189
c5	Vγ9Vδ2	CD161	0.514480802796583
c5	Vγ9Vδ2	CD161	0
c5	Vγ9Vδ2	CD161	0.0620008857157808
c5	Vγ9Vδ2	CD161	0.675751265338931
c5	Vγ9Vδ2	CD161	0.245702713803942
c5	Vγ9Vδ2	CD161	0.963552802035207
c5	Vγ9Vδ2	CD161	1.04934425163268
c5	Vγ9Vδ2	CD161	0.79196058225022
c5	Vγ9Vδ2	CD161	1.24333088028949
c5	Vγ9Vδ2	CD161	1.69843931710245
c5	Vγ9Vδ2	CD161	0.120726228693289
c5	Vγ9Vδ2	CD161	1.33128114103777
c5	Vγ9Vδ2	CD161	0.30611920557559
c5	Vγ9Vδ2	CD161	0.840942686332324
c5	Vγ9Vδ2	CD161	1.45991259426397
c5	Vγ9Vδ2	CD161	1.52430241719558
c5	Vγ9Vδ2	CD161	0.712640279922389
c5	Vγ9Vδ2	CD161	1.18999046958229
c5	Vγ9Vδ2	CD161	0.829506758717043
c5	Vγ9Vδ2	CD161	0.730971974845197
c5	Vγ9Vδ2	CD161	0.120413989052419
c5	Vγ9Vδ2	CD161	1.28166741287476
c5	Vγ9Vδ2	CD161	1.07520367693017
c5	Vγ9Vδ2	CD161	1.33440033592834
c5	Vγ9Vδ2	CD161	1.74337161237093
c5	Vγ9Vδ2	CD161	2.14901803067534
c5	Vγ9Vδ2	CD161	1.38763405649328
c5	Vγ9Vδ2	CD161	0.77434153407521
c5	Vγ9Vδ2	CD161	1.20729448832076
c5	Vγ9Vδ2	CD161	0.993442908673236
c5	Vγ9Vδ2	CD161	0.898144970611514
c5	Vγ9Vδ2	CD161	1.13027140789742
c5	Vγ9Vδ2	CD161	0.821312840000371
c5	Vγ9Vδ2	CD161	0.702431541820259
c5	Vγ9Vδ2	CD161	1.19431405138059
c5	Vγ9Vδ2	CD161	0.0880262679210803
c5	Vγ9Vδ2	CD161	0.862310966881877
c5	Vγ9Vδ2	CD161	1.00694463215771
c5	Vγ9Vδ2	CD161	0.341239867795784
c5	Vγ9Vδ2	CD161	0.0137630050115588
c5	Vγ9Vδ2	CD161	0.0602459661547586
c5	Vγ9Vδ2	CD161	0.862197267936689
c5	Vγ9Vδ2	CD161	0.744573844685401
c5	Vγ9Vδ2	CD161	1.75580034994829
c5	Vγ9Vδ2	CD161	2.70626407315965
c5	Vγ9Vδ2	CD161	0.368316171478794
c5	Vγ9Vδ2	CD161	0.0924132614642881
c5	Vγ9Vδ2	CD161	0.370041772636662
c5	Vγ9Vδ2	CD161	1.20897924572088
c5	Vγ9Vδ2	CD161	0.709385984731887
c5	Vγ9Vδ2	CD161	0.62117528266845
c5	Vγ9Vδ2	CD161	0.890250889131968
c5	Vγ9Vδ2	CD161	1.27566686875907
c5	Vγ9Vδ2	CD161	1.78026308521493
c5	Vγ9Vδ2	CD161	0.308105867015645
c5	Vγ9Vδ2	CD161	0.734687785732918
c5	Vγ9Vδ2	CD161	0.0078266230094145
c5	Vγ9Vδ2	CD161	1.50492090462139
c5	Vγ9Vδ2	CD161	0.464314296919525
c5	Vγ9Vδ2	CD161	0.754157496489673
c5	Vγ9Vδ2	CD161	0
c5	Vγ9Vδ2	CD161	0
c5	Vγ9Vδ2	CD161	0
c5	Vγ9Vδ2	CD161	0.369972381124387
c5	Vγ9Vδ2	CD161	1.84248015065302
c5	Vγ9Vδ2	CD161	1.05511913295054
c5	Vγ9Vδ2	CD161	1.59979854861249
c5	Vγ9Vδ2	CD161	0.972488118480908
c5	Vγ9Vδ2	CD161	1.34336757757404
c5	Vγ9Vδ2	CD161	2.04623653337441
c5	Vγ9Vδ2	CD161	0.807933332723915
c5	Vγ9Vδ2	CD161	1.17713959073381
c5	Vγ9Vδ2	CD161	1.70805576092836
c5	Vγ9Vδ2	CD161	0.834199664992012
c5	Vγ9Vδ2	CD161	0.949494606432682
c5	Vγ9Vδ2	CD161	1.59975542096764
c5	Vγ9Vδ2	NKG2A	1.16710216940915
c5	Vγ9Vδ2	NKG2A	0.579768336953163
c5	Vγ9Vδ2	NKG2A	0.421346285410538
c5	Vγ9Vδ2	NKG2A	1.33655625381628
c5	Vγ9Vδ2	NKG2A	0.814309493753602
c5	Vγ9Vδ2	NKG2A	1.05361021594428
c5	Vγ9Vδ2	NKG2A	0.593191908770044
c5	Vγ9Vδ2	NKG2A	1.15532444847904
c5	Vγ9Vδ2	NKG2A	1.61755699445068
c5	Vγ9Vδ2	NKG2A	2.85059119033473
c5	Vγ9Vδ2	NKG2A	1.44750677170444
c5	Vγ9Vδ2	NKG2A	1.63555207535399
c5	Vγ9Vδ2	NKG2A	2.17641272173321
c5	Vγ9Vδ2	NKG2A	0.000336034899846238
c5	Vγ9Vδ2	NKG2A	0.685372005142
c5	Vγ9Vδ2	NKG2A	0.921702391626385
c5	Vγ9Vδ2	NKG2A	0.207367088582775
c5	Vγ9Vδ2	NKG2A	0.109301077642383
c5	Vγ9Vδ2	NKG2A	1.40902758257527
c5	Vγ9Vδ2	NKG2A	1.67603234258177
c5	Vγ9Vδ2	NKG2A	0.750734485151762
c5	Vγ9Vδ2	NKG2A	0.821715841938951
c5	Vγ9Vδ2	NKG2A	1.31276865191809
c5	Vγ9Vδ2	NKG2A	1.02392500929056
c5	Vγ9Vδ2	NKG2A	1.74828031933076
c5	Vγ9Vδ2	NKG2A	1.51697665334569
c5	Vγ9Vδ2	NKG2A	0.877691508382257
c5	Vγ9Vδ2	NKG2A	0.936500436705214
c5	Vγ9Vδ2	NKG2A	1.07816886742354
c5	Vγ9Vδ2	NKG2A	0
c5	Vγ9Vδ2	NKG2A	1.39918050435788
c5	Vγ9Vδ2	NKG2A	1.03146722224857
c5	Vγ9Vδ2	NKG2A	0.655286474493316
c5	Vγ9Vδ2	NKG2A	0
c5	Vγ9Vδ2	NKG2A	0
c5	Vγ9Vδ2	NKG2A	0.618654056177266
c5	Vγ9Vδ2	NKG2A	0.731678678146268
c5	Vγ9Vδ2	NKG2A	1.18743984643888
c5	Vγ9Vδ2	NKG2A	0.704253520152825
c5	Vγ9Vδ2	NKG2A	0.8107839036703
c5	Vγ9Vδ2	NKG2A	1.80062408946794
c5	Vγ9Vδ2	NKG2A	1.39447428396238
c5	Vγ9Vδ2	NKG2A	0.854129505934345
c5	Vγ9Vδ2	NKG2A	1.72945928627756
c5	Vγ9Vδ2	NKG2A	0.876141484334171
c5	Vγ9Vδ2	NKG2A	0.585347578815482
c5	Vγ9Vδ2	NKG2A	1.42504789171652
c5	Vγ9Vδ2	NKG2A	0.482683297709229
c5	Vγ9Vδ2	NKG2A	0.683747376901045
c5	Vγ9Vδ2	NKG2A	1.63740839839632
c5	Vγ9Vδ2	NKG2A	0.0899740672358202
c5	Vγ9Vδ2	NKG2A	0.417434360248321
c5	Vγ9Vδ2	NKG2A	0.728434972153614
c5	Vγ9Vδ2	NKG2A	0.346736487145288
c5	Vγ9Vδ2	NKG2A	1.01920507283348
c5	Vγ9Vδ2	NKG2A	0.980408917422035
c5	Vγ9Vδ2	NKG2A	1.02798799064006
c5	Vγ9Vδ2	NKG2A	0.821218892046634
c5	Vγ9Vδ2	NKG2A	0.623142635287289
c5	Vγ9Vδ2	NKG2A	0.87979028615173
c5	Vγ9Vδ2	NKG2A	0.446064473559079
c5	Vγ9Vδ2	NKG2A	1.76916410738281
c5	Vγ9Vδ2	NKG2A	0.30769194754038
c5	Vγ9Vδ2	NKG2A	0.616102435070929
c5	Vγ9Vδ2	NKG2A	0.829658095608283
c5	Vγ9Vδ2	NKG2A	1.96981347815018
c5	Vγ9Vδ2	NKG2A	0.269938458988113
c5	Vγ9Vδ2	NKG2A	0.311694767406335
c5	Vγ9Vδ2	NKG2A	0.912425573244447
c5	Vγ9Vδ2	NKG2A	1.67853626912984
c5	Vγ9Vδ2	NKG2A	0.865192248927884
c5	Vγ9Vδ2	NKG2A	0.0630386851969058
c5	Vγ9Vδ2	NKG2A	0.352872572202749
c5	Vγ9Vδ2	NKG2A	1.21700466771797
c5	Vγ9Vδ2	NKG2A	1.71730529868488
c5	Vγ9Vδ2	NKG2A	0.680990113627336
c5	Vγ9Vδ2	NKG2A	0.299818916870669
c5	Vγ9Vδ2	NKG2A	0.205955142077125
c5	Vγ9Vδ2	NKG2A	1.91530657894593
c5	Vγ9Vδ2	NKG2A	0.222369763976165
c5	Vγ9Vδ2	NKG2A	1.18337983857098
c5	Vγ9Vδ2	NKG2A	2.03772927546528
c5	Vγ9Vδ2	NKG2A	1.81584491868608
c5	Vγ9Vδ2	NKG2A	1.44337392414641
c5	Vγ9Vδ2	NKG2A	0.514584660332248
c5	Vγ9Vδ2	NKG2A	1.65801744992326
c5	Vγ9Vδ2	NKG2A	1.00467808898808
c5	Vγ9Vδ2	NKG2A	0.265807525588202
c5	Vγ9Vδ2	NKG2A	1.63674024133034
c5	Vγ9Vδ2	NKG2A	1.6331144164946
c5	Vγ9Vδ2	CD31	3.34016195132694
c5	Vγ9Vδ2	CD31	3.70754980948762
c5	Vγ9Vδ2	CD31	3.7210369028394
c5	Vγ9Vδ2	CD31	4.98334610607647
c5	Vγ9Vδ2	CD31	3.09732727613961
c5	Vγ9Vδ2	CD31	3.40400345297076
c5	Vγ9Vδ2	CD31	4.658594140879
c5	Vγ9Vδ2	CD31	4.32226526763364
c5	Vγ9Vδ2	CD31	4.91380370663136
c5	Vγ9Vδ2	CD31	3.13865217322299
c5	Vγ9Vδ2	CD31	2.65339591265728
c5	Vγ9Vδ2	CD31	4.2742925569057
c5	Vγ9Vδ2	CD31	3.63884834791806
c5	Vγ9Vδ2	CD31	4.44500156479406
c5	Vγ9Vδ2	CD31	4.24671400880096
c5	Vγ9Vδ2	CD31	4.40272858587437
c5	Vγ9Vδ2	CD31	3.11315318729786
c5	Vγ9Vδ2	CD31	4.33079666691191
c5	Vγ9Vδ2	CD31	3.29940545258054
c5	Vγ9Vδ2	CD31	4.44042166761731
c5	Vγ9Vδ2	CD31	4.3348497030727
c5	Vγ9Vδ2	CD31	4.80502305216606
c5	Vγ9Vδ2	CD31	4.08209981667286
c5	Vγ9Vδ2	CD31	3.74981930216452
c5	Vγ9Vδ2	CD31	2.94371493388142
c5	Vγ9Vδ2	CD31	3.51776568322885
c5	Vγ9Vδ2	CD31	4.03737427800403
c5	Vγ9Vδ2	CD31	4.7314379086263
c5	Vγ9Vδ2	CD31	4.99737107288453
c5	Vγ9Vδ2	CD31	3.49025081978382
c5	Vγ9Vδ2	CD31	4.36793858412496
c5	Vγ9Vδ2	CD31	3.86735190286688
c5	Vγ9Vδ2	CD31	4.80457272152355
c5	Vγ9Vδ2	CD31	4.53120800771447
c5	Vγ9Vδ2	CD31	3.63296460888435
c5	Vγ9Vδ2	CD31	3.94834144016068
c5	Vγ9Vδ2	CD31	5.17960159752444
c5	Vγ9Vδ2	CD31	3.66791928727729
c5	Vγ9Vδ2	CD31	4.17605767958434
c5	Vγ9Vδ2	CD31	3.59221807873502
c5	Vγ9Vδ2	CD31	2.92017167662185
c5	Vγ9Vδ2	CD31	3.85226790976444
c5	Vγ9Vδ2	CD31	4.54997304757522
c5	Vγ9Vδ2	CD31	4.33841810282349
c5	Vγ9Vδ2	CD31	4.87054726587039
c5	Vγ9Vδ2	CD31	3.8166503517028
c5	Vγ9Vδ2	CD31	4.48952581557939
c5	Vγ9Vδ2	CD31	4.4087419561821
c5	Vγ9Vδ2	CD31	3.30395411335877
c5	Vγ9Vδ2	CD31	1.90566792006244
c5	Vγ9Vδ2	CD31	3.45513207240371
c5	Vγ9Vδ2	CD31	4.95508929761901
c5	Vγ9Vδ2	CD31	4.1358133243976
c5	Vγ9Vδ2	CD31	2.62709322725414
c5	Vγ9Vδ2	CD31	4.1693524011889
c5	Vγ9Vδ2	CD31	4.4605464352968
c5	Vγ9Vδ2	CD31	4.3860436916314
c5	Vγ9Vδ2	CD31	4.05941567339857
c5	Vγ9Vδ2	CD31	3.21890070411528
c5	Vγ9Vδ2	CD31	4.76896604281791
c5	Vγ9Vδ2	CD31	4.27341164153121
c5	Vγ9Vδ2	CD31	4.43451466217965
c5	Vγ9Vδ2	CD31	3.49625649011269
c5	Vγ9Vδ2	CD31	3.97165256751229
c5	Vγ9Vδ2	CD31	3.39933042899772
c5	Vγ9Vδ2	CD31	4.51496847015457
c5	Vγ9Vδ2	CD31	4.28880426555348
c5	Vγ9Vδ2	CD31	3.40482959691396
c5	Vγ9Vδ2	CD31	4.78696690829985
c5	Vγ9Vδ2	CD31	3.59867995635621
c5	Vγ9Vδ2	CD31	3.40147982530144
c5	Vγ9Vδ2	CD31	4.56725873396165
c5	Vγ9Vδ2	CD31	5.04970432214274
c5	Vγ9Vδ2	CD31	3.55047815812687
c5	Vγ9Vδ2	CD31	4.42095939328556
c5	Vγ9Vδ2	CD31	4.63025242226625
c5	Vγ9Vδ2	CD31	3.16687191211115
c5	Vγ9Vδ2	CD31	5.15439692872027
c5	Vγ9Vδ2	CD31	4.42467276085494
c5	Vγ9Vδ2	CD31	3.57614943041476
c5	Vγ9Vδ2	CD31	4.49423255422412
c5	Vγ9Vδ2	CD31	4.09286590867766
c5	Vγ9Vδ2	CD31	6
c5	Vγ9Vδ2	CD31	3.67405930972569
c5	Vγ9Vδ2	CD31	3.80950664617671
c5	Vγ9Vδ2	CD31	4.73308078457106
c5	Vγ9Vδ2	CD31	4.31573901698198
c5	Vγ9Vδ2	CD31	4.52315092018792
c5	Vγ9Vδ2	CD31	3.32857297646997
c5	Vγ9Vδ2	CD31	3.42567149705535
c5	Vγ9Vδ2	CD8	2.27683557475761
c5	Vγ9Vδ2	CD8	0.997420516247534
c5	Vγ9Vδ2	CD8	1.79530611517172
c5	Vγ9Vδ2	CD8	1.58965003915449
c5	Vγ9Vδ2	CD8	2.94085371716761
c5	Vγ9Vδ2	CD8	1.39541211210482
c5	Vγ9Vδ2	CD8	1.76136486401128
c5	Vγ9Vδ2	CD8	0.202581007679726
c5	Vγ9Vδ2	CD8	1.29862380770652
c5	Vγ9Vδ2	CD8	0.486043421869921
c5	Vγ9Vδ2	CD8	2.27765964894189
c5	Vγ9Vδ2	CD8	1.30373684066111
c5	Vγ9Vδ2	CD8	2.71255752087597
c5	Vγ9Vδ2	CD8	1.21246558692831
c5	Vγ9Vδ2	CD8	0.584701657699094
c5	Vγ9Vδ2	CD8	2.24089955599115
c5	Vγ9Vδ2	CD8	0.868182635306542
c5	Vγ9Vδ2	CD8	1.67158439640961
c5	Vγ9Vδ2	CD8	2.8043085981255
c5	Vγ9Vδ2	CD8	0.502502723935504
c5	Vγ9Vδ2	CD8	2.4519929786823
c5	Vγ9Vδ2	CD8	0.962553612578045
c5	Vγ9Vδ2	CD8	1.8041769109206
c5	Vγ9Vδ2	CD8	2.01712584994703
c5	Vγ9Vδ2	CD8	2.06514655610934
c5	Vγ9Vδ2	CD8	2.54182752342018
c5	Vγ9Vδ2	CD8	0.824689723542949
c5	Vγ9Vδ2	CD8	1.55068049184194
c5	Vγ9Vδ2	CD8	0.944534766464678
c5	Vγ9Vδ2	CD8	1.435879286229
c5	Vγ9Vδ2	CD8	1.72909528042151
c5	Vγ9Vδ2	CD8	1.49290867271109
c5	Vγ9Vδ2	CD8	0.712987402874835
c5	Vγ9Vδ2	CD8	1.66147410696403
c5	Vγ9Vδ2	CD8	1.46085298461436
c5	Vγ9Vδ2	CD8	1.03877372369574
c5	Vγ9Vδ2	CD8	1.68225057643336
c5	Vγ9Vδ2	CD8	1.56766138681103
c5	Vγ9Vδ2	CD8	2.02670777879728
c5	Vγ9Vδ2	CD8	1.15336593889109
c5	Vγ9Vδ2	CD8	1.21515181916831
c5	Vγ9Vδ2	CD8	1.40381488464046
c5	Vγ9Vδ2	CD8	2.07189384719308
c5	Vγ9Vδ2	CD8	1.18778555498982
c5	Vγ9Vδ2	CD8	1.9524319651682
c5	Vγ9Vδ2	CD8	1.61324121984585
c5	Vγ9Vδ2	CD8	0.565963178611038
c5	Vγ9Vδ2	CD8	1.15164176875271
c5	Vγ9Vδ2	CD8	1.64821684674318
c5	Vγ9Vδ2	CD8	1.79063256908381
c5	Vγ9Vδ2	CD8	0.254444552631957
c5	Vγ9Vδ2	CD8	1.49570130634072
c5	Vγ9Vδ2	CD8	2.1347056428686
c5	Vγ9Vδ2	CD8	1.6050412814662
c5	Vγ9Vδ2	CD8	1.91802297493208
c5	Vγ9Vδ2	CD8	1.50677270346854
c5	Vγ9Vδ2	CD8	0.284096151912012
c5	Vγ9Vδ2	CD8	1.49477732690406
c5	Vγ9Vδ2	CD8	1.1183616911868
c5	Vγ9Vδ2	CD8	1.52921006620608
c5	Vγ9Vδ2	CD8	2.2611895395725
c5	Vγ9Vδ2	CD8	1.63085930981103
c5	Vγ9Vδ2	CD8	1.55502222796257
c5	Vγ9Vδ2	CD8	1.37507071080975
c5	Vγ9Vδ2	CD8	1.17750946277024
c5	Vγ9Vδ2	CD8	1.3589607803614
c5	Vγ9Vδ2	CD8	1.36014937075101
c5	Vγ9Vδ2	CD8	0.451766680297157
c5	Vγ9Vδ2	CD8	1.61913514053742
c5	Vγ9Vδ2	CD8	2.20131794873958
c5	Vγ9Vδ2	CD8	1.17797843549363
c5	Vγ9Vδ2	CD8	1.30203931998042
c5	Vγ9Vδ2	CD8	0.518931841356433
c5	Vγ9Vδ2	CD8	1.86830154643509
c5	Vγ9Vδ2	CD8	1.86883907733702
c5	Vγ9Vδ2	CD8	2.18876781259716
c5	Vγ9Vδ2	CD8	2.3934354865988
c5	Vγ9Vδ2	CD8	1.03817841939463
c5	Vγ9Vδ2	CD8	2.09087987469554
c5	Vγ9Vδ2	CD8	1.46896720466287
c5	Vγ9Vδ2	CD8	0.733210625032003
c5	Vγ9Vδ2	CD8	0.49613961033707
c5	Vγ9Vδ2	CD8	2.23394473274428
c5	Vγ9Vδ2	CD8	1.65269847504905
c5	Vγ9Vδ2	CD8	2.26873302071377
c5	Vγ9Vδ2	CD8	1.00770054837939
c5	Vγ9Vδ2	CD8	2.60074966363823
c5	Vγ9Vδ2	CD8	2.82481293987904
c5	Vγ9Vδ2	CD8	1.73623311862193
c5	Vγ9Vδ2	CD8	1.72226231791959
c5	Vγ9Vδ2	CD57	1.80859445683255
c5	Vγ9Vδ2	CD57	1.22526671442435
c5	Vγ9Vδ2	CD57	1.0070913837866
c5	Vγ9Vδ2	CD57	0.28507117777173
c5	Vγ9Vδ2	CD57	1.48440373242356
c5	Vγ9Vδ2	CD57	0.71892121668038
c5	Vγ9Vδ2	CD57	1.21883626579581
c5	Vγ9Vδ2	CD57	0.688663207526402
c5	Vγ9Vδ2	CD57	0.189497655413883
c5	Vγ9Vδ2	CD57	1.34417500612807
c5	Vγ9Vδ2	CD57	2.05997226082366
c5	Vγ9Vδ2	CD57	0.956281314115372
c5	Vγ9Vδ2	CD57	2.3783449445131
c5	Vγ9Vδ2	CD57	1.43038846912541
c5	Vγ9Vδ2	CD57	0.694415024052143
c5	Vγ9Vδ2	CD57	0.357485034003299
c5	Vγ9Vδ2	CD57	0.734708364897804
c5	Vγ9Vδ2	CD57	1.8795794396761
c5	Vγ9Vδ2	CD57	0.928087814401751
c5	Vγ9Vδ2	CD57	1.24039661565045
c5	Vγ9Vδ2	CD57	2.58174300256257
c5	Vγ9Vδ2	CD57	1.60525389656707
c5	Vγ9Vδ2	CD57	0.840708494557509
c5	Vγ9Vδ2	CD57	0.877028693738759
c5	Vγ9Vδ2	CD57	1.30539194398785
c5	Vγ9Vδ2	CD57	0.968673160001197
c5	Vγ9Vδ2	CD57	1.44781230111503
c5	Vγ9Vδ2	CD57	1.95481649579467
c5	Vγ9Vδ2	CD57	0.904907570764182
c5	Vγ9Vδ2	CD57	2.09287896758801
c5	Vγ9Vδ2	CD57	1.20654627701428
c5	Vγ9Vδ2	CD57	0.810258866752288
c5	Vγ9Vδ2	CD57	0.84516663930786
c5	Vγ9Vδ2	CD57	1.00225373773481
c5	Vγ9Vδ2	CD57	0.123664562867406
c5	Vγ9Vδ2	CD57	1.94197002446513
c5	Vγ9Vδ2	CD57	2.17984708270791
c5	Vγ9Vδ2	CD57	2.25068226539103
c5	Vγ9Vδ2	CD57	1.64098588849944
c5	Vγ9Vδ2	CD57	2.60965888422391
c5	Vγ9Vδ2	CD57	1.77338740221495
c5	Vγ9Vδ2	CD57	2.62487983939509
c5	Vγ9Vδ2	CD57	2.23126968494448
c5	Vγ9Vδ2	CD57	2.31308824304145
c5	Vγ9Vδ2	CD57	0.2043188357464
c5	Vγ9Vδ2	CD57	1.62969961704068
c5	Vγ9Vδ2	CD57	1.8659339962073
c5	Vγ9Vδ2	CD57	0.181002553434649
c5	Vγ9Vδ2	CD57	0.795543350824012
c5	Vγ9Vδ2	CD57	1.45501088831486
c5	Vγ9Vδ2	CD57	1.16072011756539
c5	Vγ9Vδ2	CD57	2.00510306097121
c5	Vγ9Vδ2	CD57	0.65773757687781
c5	Vγ9Vδ2	CD57	0.93105780243373
c5	Vγ9Vδ2	CD57	2.15289500273832
c5	Vγ9Vδ2	CD57	1.47915296506651
c5	Vγ9Vδ2	CD57	1.31178965640155
c5	Vγ9Vδ2	CD57	1.96573037042809
c5	Vγ9Vδ2	CD57	1.64689803354495
c5	Vγ9Vδ2	CD57	0.762891030459885
c5	Vγ9Vδ2	CD57	0.823330265140647
c5	Vγ9Vδ2	CD57	0.914085538268459
c5	Vγ9Vδ2	CD57	0.429358380946972
c5	Vγ9Vδ2	CD57	2.14668487515851
c5	Vγ9Vδ2	CD57	1.65138740372007
c5	Vγ9Vδ2	CD57	1.37491906120646
c5	Vγ9Vδ2	CD57	0.570149820846901
c5	Vγ9Vδ2	CD57	1.65814244951783
c5	Vγ9Vδ2	CD57	0.431248809497177
c5	Vγ9Vδ2	CD57	1.43719949990845
c5	Vγ9Vδ2	CD57	1.27714249991979
c5	Vγ9Vδ2	CD57	0.439800031456543
c5	Vγ9Vδ2	CD57	1.36282939868494
c5	Vγ9Vδ2	CD57	1.07308289858816
c5	Vγ9Vδ2	CD57	1.60214039867188
c5	Vγ9Vδ2	CD57	0.880693494107121
c5	Vγ9Vδ2	CD57	1.56647852629054
c5	Vγ9Vδ2	CD57	1.5618426140637
c5	Vγ9Vδ2	CD57	1.75621361848537
c5	Vγ9Vδ2	CD57	0.915735350870772
c5	Vγ9Vδ2	CD57	0.443803622033905
c5	Vγ9Vδ2	CD57	1.3151609410848
c5	Vγ9Vδ2	CD57	2.04702369877692
c5	Vγ9Vδ2	CD57	0.887517916462118
c5	Vγ9Vδ2	CD57	0.545576195930696
c5	Vγ9Vδ2	CD57	1.33142442233393
c5	Vγ9Vδ2	CD57	0.033271562219922
c5	Vγ9Vδ2	CD57	1.74364564348197
c5	Vγ9Vδ2	CD57	1.31740643529711
c5	Vγ9Vδ2	CD57	0.286442183485637
c5	Vγ9Vδ2	CD28	2.01618404034116
c5	Vγ9Vδ2	CD28	0.888912148905999
c5	Vγ9Vδ2	CD28	1.66408049351704
c5	Vγ9Vδ2	CD28	1.02714065717358
c5	Vγ9Vδ2	CD28	0.626213252739901
c5	Vγ9Vδ2	CD28	0.964825151975846
c5	Vγ9Vδ2	CD28	0.962502700776372
c5	Vγ9Vδ2	CD28	1.23961103440639
c5	Vγ9Vδ2	CD28	0.0261050399668248
c5	Vγ9Vδ2	CD28	1.14637025308106
c5	Vγ9Vδ2	CD28	0.539304790711238
c5	Vγ9Vδ2	CD28	1.79467543977579
c5	Vγ9Vδ2	CD28	1.76113307028742
c5	Vγ9Vδ2	CD28	2.13690701623559
c5	Vγ9Vδ2	CD28	0.70556118502152
c5	Vγ9Vδ2	CD28	1.27481960651855
c5	Vγ9Vδ2	CD28	1.32256874176764
c5	Vγ9Vδ2	CD28	1.24862941386236
c5	Vγ9Vδ2	CD28	1.14070789998408
c5	Vγ9Vδ2	CD28	1.96252977572812
c5	Vγ9Vδ2	CD28	0.694494218790406
c5	Vγ9Vδ2	CD28	2.37741899582643
c5	Vγ9Vδ2	CD28	1.69868206146257
c5	Vγ9Vδ2	CD28	1.05678117066444
c5	Vγ9Vδ2	CD28	1.8267625959237
c5	Vγ9Vδ2	CD28	1.74750099161912
c5	Vγ9Vδ2	CD28	2.12242179302545
c5	Vγ9Vδ2	CD28	2.47877769126589
c5	Vγ9Vδ2	CD28	1.11288061954347
c5	Vγ9Vδ2	CD28	1.1540769951629
c5	Vγ9Vδ2	CD28	1.81842538863829
c5	Vγ9Vδ2	CD28	1.58350526388675
c5	Vγ9Vδ2	CD28	1.04538953849301
c5	Vγ9Vδ2	CD28	2.05786917901805
c5	Vγ9Vδ2	CD28	0.777000335391186
c5	Vγ9Vδ2	CD28	2.21437544125235
c5	Vγ9Vδ2	CD28	2.27589372569442
c5	Vγ9Vδ2	CD28	1.46103118690007
c5	Vγ9Vδ2	CD28	1.37670279196693
c5	Vγ9Vδ2	CD28	1.45301869842455
c5	Vγ9Vδ2	CD28	1.75914805135317
c5	Vγ9Vδ2	CD28	1.0074630995691
c5	Vγ9Vδ2	CD28	0.737297943811082
c5	Vγ9Vδ2	CD28	0
c5	Vγ9Vδ2	CD28	1.17048955929921
c5	Vγ9Vδ2	CD28	2.25366910151417
c5	Vγ9Vδ2	CD28	1.61552472121403
c5	Vγ9Vδ2	CD28	2.21838944533841
c5	Vγ9Vδ2	CD28	1.62539792910234
c5	Vγ9Vδ2	CD28	0.532397613931277
c5	Vγ9Vδ2	CD28	1.41665913883556
c5	Vγ9Vδ2	CD28	1.04450997639397
c5	Vγ9Vδ2	CD28	1.74666906704525
c5	Vγ9Vδ2	CD28	1.15394746936887
c5	Vγ9Vδ2	CD28	0.950494264792051
c5	Vγ9Vδ2	CD28	1.80261199576786
c5	Vγ9Vδ2	CD28	1.40796656801367
c5	Vγ9Vδ2	CD28	0.873673740196338
c5	Vγ9Vδ2	CD28	0.926887910976953
c5	Vγ9Vδ2	CD28	0.714128568497006
c5	Vγ9Vδ2	CD28	1.37395083266216
c5	Vγ9Vδ2	CD28	1.45050381004591
c5	Vγ9Vδ2	CD28	2.10762192448903
c5	Vγ9Vδ2	CD28	1.94257004476815
c5	Vγ9Vδ2	CD28	1.54801452586869
c5	Vγ9Vδ2	CD28	1.56013384112679
c5	Vγ9Vδ2	CD28	1.22312883925296
c5	Vγ9Vδ2	CD28	1.88050726651988
c5	Vγ9Vδ2	CD28	0.67784259705812
c5	Vγ9Vδ2	CD28	1.99041031617338
c5	Vγ9Vδ2	CD28	2.0936838357454
c5	Vγ9Vδ2	CD28	1.64755891031018
c5	Vγ9Vδ2	CD28	1.20240786105191
c5	Vγ9Vδ2	CD28	1.35549710124164
c5	Vγ9Vδ2	CD28	1.26420342525967
c5	Vγ9Vδ2	CD28	0.657773594841547
c5	Vγ9Vδ2	CD28	0.76349721532389
c5	Vγ9Vδ2	CD28	1.4632243359937
c5	Vγ9Vδ2	CD28	0.503476749729028
c5	Vγ9Vδ2	CD28	0.834815875082837
c5	Vγ9Vδ2	CD28	1.45416269027116
c5	Vγ9Vδ2	CD28	1.12708528171675
c5	Vγ9Vδ2	CD28	0.422938782937184
c5	Vγ9Vδ2	CD28	0.392909363031496
c5	Vγ9Vδ2	CD28	1.61844770431554
c5	Vγ9Vδ2	CD28	0.39669890815908
c5	Vγ9Vδ2	CD28	2.76966209089474
c5	Vγ9Vδ2	CD28	1.48859409241792
c5	Vγ9Vδ2	CD28	1.11099621957234
c5	Vγ9Vδ2	CD28	1.83890975129834
c6	Vδ1	CD161	1.17109409065555
c6	Vδ1	CD161	1.66565900802998
c6	Vδ1	CD161	1.53988666018234
c6	Vδ1	CD161	2.10486884487825
c6	Vδ1	CD161	0.0433116961376514
c6	Vδ1	CD161	2.45808932319359
c6	Vδ1	CD161	1.80569800246087
c6	Vδ1	CD161	2.20555596333253
c6	Vδ1	CD161	0.870188201548698
c6	Vδ1	CD161	1.44378040547922
c6	Vδ1	CD161	2.98422375796563
c6	Vδ1	CD161	2.0485982451876
c6	Vδ1	CD161	1.0642414137949
c6	Vδ1	CD161	1.60066040613868
c6	Vδ1	CD161	3.12617241072221
c6	Vδ1	CD161	1.09887818385317
c6	Vδ1	CD161	1.17790938116853
c6	Vδ1	CD161	0.981653362029394
c6	Vδ1	CD161	2.38134414807475
c6	Vδ1	CD161	1.94491943742166
c6	Vδ1	CD161	2.48854060418411
c6	Vδ1	CD161	1.34347668439042
c6	Vδ1	CD161	0.881961048548979
c6	Vδ1	CD161	1.76902004706462
c6	Vδ1	CD161	1.21253815935663
c6	Vδ1	CD161	1.96679451576425
c6	Vδ1	CD161	1.20090566368217
c6	Vδ1	CD161	2.42622051070484
c6	Vδ1	CD161	2.11815218141617
c6	Vδ1	CD161	1.84979100985514
c6	Vδ1	CD161	1.40124305203208
c6	Vδ1	CD161	1.42138046619472
c6	Vδ1	CD161	0
c6	Vδ1	CD161	1.34598716034577
c6	Vδ1	CD161	2.11657131005338
c6	Vδ1	CD161	1.86929479572134
c6	Vδ1	CD161	1.32940091551898
c6	Vδ1	CD161	0.913578982245587
c6	Vδ1	CD161	1.40989895701075
c6	Vδ1	CD161	0.447465462038299
c6	Vδ1	CD161	1.17038331153044
c6	Vδ1	CD161	0.372591481458894
c6	Vδ1	CD161	1.23855038809315
c6	Vδ1	CD161	2.18098963951228
c6	Vδ1	CD161	0.595937969899306
c6	Vδ1	CD161	1.57202641354243
c6	Vδ1	CD161	1.69404312579016
c6	Vδ1	CD161	1.26232751574304
c6	Vδ1	CD161	1.79455561020614
c6	Vδ1	CD161	1.67983951717159
c6	Vδ1	CD161	3.60156586562003
c6	Vδ1	CD161	0.267914728742971
c6	Vδ1	CD161	0.628977425928036
c6	Vδ1	CD161	2.17840381235618
c6	Vδ1	CD161	1.90552385985367
c6	Vδ1	CD161	1.76043111203462
c6	Vδ1	CD161	1.06115668852078
c6	Vδ1	CD161	2.672513895296
c6	Vδ1	CD161	1.50615311602498
c6	Vδ1	CD161	2.13695439523654
c6	Vδ1	CD161	1.32322691083203
c6	Vδ1	CD161	2.06142539643384
c6	Vδ1	CD161	1.91807716299359
c6	Vδ1	CD161	2.32556877485211
c6	Vδ1	CD161	0.612935512984499
c6	Vδ1	CD161	2.016835410919
c6	Vδ1	CD161	1.38656067371296
c6	Vδ1	CD161	2.46811794126785
c6	Vδ1	CD161	1.83958616008508
c6	Vδ1	CD161	2.33931279282329
c6	Vδ1	CD161	1.6686320466631
c6	Vδ1	CD161	2.32237554691321
c6	Vδ1	CD161	2.27635127518715
c6	Vδ1	CD161	1.32957569322671
c6	Vδ1	CD161	1.8619756479568
c6	Vδ1	CD161	0.888118246729142
c6	Vδ1	CD161	0.397329518150751
c6	Vδ1	CD161	1.38412312965959
c6	Vδ1	CD161	1.81407030216419
c6	Vδ1	CD161	1.92551272739546
c6	Vδ1	CD161	1.44343028841144
c6	Vδ1	CD161	0.8519009959889
c6	Vδ1	CD161	1.33345250364513
c6	Vδ1	CD161	1.23813415132881
c6	Vδ1	CD161	1.51616911630769
c6	Vδ1	CD161	1.05293439878572
c6	Vδ1	CD161	1.79093024223681
c6	Vδ1	CD161	1.38131390382446
c6	Vδ1	CD161	1.40077600977183
c6	Vδ1	CD161	1.6732780317964
c6	Vδ1	NKG2A	0.846744571491855
c6	Vδ1	NKG2A	2.40714903591002
c6	Vδ1	NKG2A	1.74503174263945
c6	Vδ1	NKG2A	1.56553723901627
c6	Vδ1	NKG2A	0.768621785943176
c6	Vδ1	NKG2A	2.07230641433183
c6	Vδ1	NKG2A	1.18035143271295
c6	Vδ1	NKG2A	2.21416713276652
c6	Vδ1	NKG2A	1.46084736492711
c6	Vδ1	NKG2A	1.80865664921511
c6	Vδ1	NKG2A	1.1542101883247
c6	Vδ1	NKG2A	1.39517819210005
c6	Vδ1	NKG2A	2.1724006722298
c6	Vδ1	NKG2A	2.16131342778625
c6	Vδ1	NKG2A	1.70447297797657
c6	Vδ1	NKG2A	1.93708700381034
c6	Vδ1	NKG2A	1.65746072343433
c6	Vδ1	NKG2A	0.513154327399442
c6	Vδ1	NKG2A	0.244379738063706
c6	Vδ1	NKG2A	1.10803882108409
c6	Vδ1	NKG2A	2.49038100692201
c6	Vδ1	NKG2A	0.323177453872302
c6	Vδ1	NKG2A	0.783714878509935
c6	Vδ1	NKG2A	1.34551162105339
c6	Vδ1	NKG2A	1.11498433347147
c6	Vδ1	NKG2A	1.1445103637515
c6	Vδ1	NKG2A	0.729537194567365
c6	Vδ1	NKG2A	1.3723203368441
c6	Vδ1	NKG2A	1.9489204472509
c6	Vδ1	NKG2A	1.07623726769264
c6	Vδ1	NKG2A	2.2831182047478
c6	Vδ1	NKG2A	1.41298706832632
c6	Vδ1	NKG2A	1.6144244462548
c6	Vδ1	NKG2A	0.446725805345114
c6	Vδ1	NKG2A	1.13823747322673
c6	Vδ1	NKG2A	1.14189236355677
c6	Vδ1	NKG2A	0.873897627636289
c6	Vδ1	NKG2A	1.93391538810789
c6	Vδ1	NKG2A	2.06450036387583
c6	Vδ1	NKG2A	0.21642546859905
c6	Vδ1	NKG2A	1.64120157876975
c6	Vδ1	NKG2A	0.89748696855355
c6	Vδ1	NKG2A	1.48345075087107
c6	Vδ1	NKG2A	1.31972394131694
c6	Vδ1	NKG2A	1.06624486842855
c6	Vδ1	NKG2A	2.064796269604
c6	Vδ1	NKG2A	1.36788452307205
c6	Vδ1	NKG2A	1.42026201076528
c6	Vδ1	NKG2A	1.231342751978
c6	Vδ1	NKG2A	1.27890956573029
c6	Vδ1	NKG2A	1.5322360537999
c6	Vδ1	NKG2A	1.01235694148549
c6	Vδ1	NKG2A	0.410061431336869
c6	Vδ1	NKG2A	0.339199098541184
c6	Vδ1	NKG2A	0.612806020485152
c6	Vδ1	NKG2A	2.04733807439009
c6	Vδ1	NKG2A	1.80171283339303
c6	Vδ1	NKG2A	1.0622070164901
c6	Vδ1	NKG2A	1.48510109738985
c6	Vδ1	NKG2A	1.22443064397324
c6	Vδ1	NKG2A	0.657887458574053
c6	Vδ1	NKG2A	0
c6	Vδ1	NKG2A	0.639644362979016
c6	Vδ1	NKG2A	1.08241923021249
c6	Vδ1	NKG2A	0.979640787348543
c6	Vδ1	NKG2A	1.88330989854768
c6	Vδ1	NKG2A	1.043765344761
c6	Vδ1	NKG2A	1.26929302118406
c6	Vδ1	NKG2A	0.774107969244022
c6	Vδ1	NKG2A	2.43628764780859
c6	Vδ1	NKG2A	1.87739815697373
c6	Vδ1	NKG2A	0.85029741831237
c6	Vδ1	NKG2A	1.09411968891324
c6	Vδ1	NKG2A	0.637959592774387
c6	Vδ1	NKG2A	0.534673679408906
c6	Vδ1	NKG2A	0.731454447083461
c6	Vδ1	NKG2A	0.991641276039511
c6	Vδ1	NKG2A	0.396347051350321
c6	Vδ1	NKG2A	1.81397032475582
c6	Vδ1	NKG2A	2.01363839632388
c6	Vδ1	NKG2A	1.10456552520658
c6	Vδ1	NKG2A	1.92144257382932
c6	Vδ1	NKG2A	1.0016873124456
c6	Vδ1	NKG2A	0.873680611231259
c6	Vδ1	NKG2A	1.66278226589144
c6	Vδ1	NKG2A	1.35179413119097
c6	Vδ1	NKG2A	1.56039282374229
c6	Vδ1	NKG2A	1.50994386779182
c6	Vδ1	NKG2A	0.567483684435815
c6	Vδ1	NKG2A	0.452557498664926
c6	Vδ1	CD31	1.6479465508834
c6	Vδ1	CD31	1.02109091218571
c6	Vδ1	CD31	0.784201209166222
c6	Vδ1	CD31	1.44997142825875
c6	Vδ1	CD31	0.417926843575352
c6	Vδ1	CD31	1.08471142564381
c6	Vδ1	CD31	2.30499555575484
c6	Vδ1	CD31	1.22319039807001
c6	Vδ1	CD31	2.22100326573979
c6	Vδ1	CD31	1.42736607636404
c6	Vδ1	CD31	0.277234747151244
c6	Vδ1	CD31	1.49289200959589
c6	Vδ1	CD31	0.126296706181769
c6	Vδ1	CD31	1.11671446594
c6	Vδ1	CD31	1.99749178514528
c6	Vδ1	CD31	0.729208103690603
c6	Vδ1	CD31	0.948628761407359
c6	Vδ1	CD31	1.20653954545185
c6	Vδ1	CD31	0.600733133384867
c6	Vδ1	CD31	0.929797861660162
c6	Vδ1	CD31	1.28852466098038
c6	Vδ1	CD31	0.786227962664977
c6	Vδ1	CD31	1.23324667737669
c6	Vδ1	CD31	0.983654718862192
c6	Vδ1	CD31	0
c6	Vδ1	CD31	1.4018365758616
c6	Vδ1	CD31	1.59315425763818
c6	Vδ1	CD31	0.653942041455989
c6	Vδ1	CD31	1.84847324443154
c6	Vδ1	CD31	0.671102236660492
c6	Vδ1	CD31	1.54904051570975
c6	Vδ1	CD31	0.755572917320595
c6	Vδ1	CD31	1.39101107249414
c6	Vδ1	CD31	0.217111375527972
c6	Vδ1	CD31	2.33721895867073
c6	Vδ1	CD31	0.0106756268275874
c6	Vδ1	CD31	0.678057660415706
c6	Vδ1	CD31	1.74790934176314
c6	Vδ1	CD31	1.57828153785128
c6	Vδ1	CD31	0.853390449898189
c6	Vδ1	CD31	2.11555634032539
c6	Vδ1	CD31	0.492347796272282
c6	Vδ1	CD31	0
c6	Vδ1	CD31	1.32857678651454
c6	Vδ1	CD31	1.66978995428676
c6	Vδ1	CD31	1.4482712479979
c6	Vδ1	CD31	0.635195213511903
c6	Vδ1	CD31	0.603770823402707
c6	Vδ1	CD31	1.44707341074697
c6	Vδ1	CD31	2.22715312198098
c6	Vδ1	CD31	1.64724652353144
c6	Vδ1	CD31	1.69805428324742
c6	Vδ1	CD31	0.86388332858211
c6	Vδ1	CD31	0.974538498977493
c6	Vδ1	CD31	0.943371845316998
c6	Vδ1	CD31	1.47140268244366
c6	Vδ1	CD31	1.13505207810629
c6	Vδ1	CD31	2.10846132785894
c6	Vδ1	CD31	1.14754064502284
c6	Vδ1	CD31	1.89443634609876
c6	Vδ1	CD31	1.90322586884654
c6	Vδ1	CD31	1.50525427701815
c6	Vδ1	CD31	0.93947616686064
c6	Vδ1	CD31	1.60550128145113
c6	Vδ1	CD31	0.612268152119592
c6	Vδ1	CD31	1.41362343180218
c6	Vδ1	CD31	1.42442643555397
c6	Vδ1	CD31	1.16094842831809
c6	Vδ1	CD31	1.56107884896804
c6	Vδ1	CD31	1.20110533628315
c6	Vδ1	CD31	0.963162100226298
c6	Vδ1	CD31	1.20089168438374
c6	Vδ1	CD31	1.36708471295997
c6	Vδ1	CD31	1.75946463048065
c6	Vδ1	CD31	2.25977844034128
c6	Vδ1	CD31	0.838460645902866
c6	Vδ1	CD31	3.21807455532739
c6	Vδ1	CD31	1.19984206749204
c6	Vδ1	CD31	1.13529170893227
c6	Vδ1	CD31	0.549754902955358
c6	Vδ1	CD31	0.102427570075651
c6	Vδ1	CD31	2.12253320572836
c6	Vδ1	CD31	0.944667453452172
c6	Vδ1	CD31	1.2301304824563
c6	Vδ1	CD31	1.06404934935927
c6	Vδ1	CD31	1.08759133519269
c6	Vδ1	CD31	0
c6	Vδ1	CD31	1.95085750421803
c6	Vδ1	CD31	0.892503343178693
c6	Vδ1	CD31	1.3093496147467
c6	Vδ1	CD8	5.55255924334266
c6	Vδ1	CD8	3.4462519368853
c6	Vδ1	CD8	4.43060858574536
c6	Vδ1	CD8	4.65118097280978
c6	Vδ1	CD8	3.82926195969667
c6	Vδ1	CD8	4.40762357098361
c6	Vδ1	CD8	4.34310687853364
c6	Vδ1	CD8	3.05814945992684
c6	Vδ1	CD8	4.37864837691771
c6	Vδ1	CD8	3.81108849438819
c6	Vδ1	CD8	3.89219889997289
c6	Vδ1	CD8	4.51844432139702
c6	Vδ1	CD8	3.82035473621393
c6	Vδ1	CD8	4.36344737310596
c6	Vδ1	CD8	3.63284913376962
c6	Vδ1	CD8	4.61501428375846
c6	Vδ1	CD8	5.24501833989626
c6	Vδ1	CD8	5.39141871240083
c6	Vδ1	CD8	4.11876849273268
c6	Vδ1	CD8	4.85280179464959
c6	Vδ1	CD8	5.3264751844714
c6	Vδ1	CD8	4.13308730056711
c6	Vδ1	CD8	3.21247320535664
c6	Vδ1	CD8	4.43699726799689
c6	Vδ1	CD8	4.26129448703625
c6	Vδ1	CD8	3.60762440283086
c6	Vδ1	CD8	3.88856802745032
c6	Vδ1	CD8	3.23874821331029
c6	Vδ1	CD8	5.48178138166837
c6	Vδ1	CD8	5.30674548521897
c6	Vδ1	CD8	4.58403564404838
c6	Vδ1	CD8	3.34423414130027
c6	Vδ1	CD8	4.44193662893274
c6	Vδ1	CD8	5.58692214782558
c6	Vδ1	CD8	4.56510639706776
c6	Vδ1	CD8	4.491865844875
c6	Vδ1	CD8	4.17995631699365
c6	Vδ1	CD8	4.87788578902872
c6	Vδ1	CD8	5.6708697939493
c6	Vδ1	CD8	4.31792740102865
c6	Vδ1	CD8	4.96759841652812
c6	Vδ1	CD8	3.96016122236829
c6	Vδ1	CD8	4.0851485782436
c6	Vδ1	CD8	5.07131072779147
c6	Vδ1	CD8	4.15265870741945
c6	Vδ1	CD8	4.76907713160696
c6	Vδ1	CD8	3.05960312305788
c6	Vδ1	CD8	4.72760354465463
c6	Vδ1	CD8	4.08489663361667
c6	Vδ1	CD8	5.2674867138713
c6	Vδ1	CD8	3.97801507798635
c6	Vδ1	CD8	4.91088737772456
c6	Vδ1	CD8	3.61318424640503
c6	Vδ1	CD8	3.72856697545939
c6	Vδ1	CD8	5.34327618064351
c6	Vδ1	CD8	3.90131445884885
c6	Vδ1	CD8	4.51546722246114
c6	Vδ1	CD8	4.53410256221379
c6	Vδ1	CD8	4.03540533017308
c6	Vδ1	CD8	5.05664378879362
c6	Vδ1	CD8	4.15851220405917
c6	Vδ1	CD8	4.43120049777681
c6	Vδ1	CD8	4.32582157564272
c6	Vδ1	CD8	3.47925093016661
c6	Vδ1	CD8	4.8260143372486
c6	Vδ1	CD8	4.65417177937639
c6	Vδ1	CD8	3.76192125280846
c6	Vδ1	CD8	4.9987466997722
c6	Vδ1	CD8	4.35579572469316
c6	Vδ1	CD8	4.31324588087292
c6	Vδ1	CD8	3.61902087878542
c6	Vδ1	CD8	4.94914008994817
c6	Vδ1	CD8	4.93413408351842
c6	Vδ1	CD8	5.09148333402962
c6	Vδ1	CD8	4.26457610117638
c6	Vδ1	CD8	4.5362251116342
c6	Vδ1	CD8	4.2517882856359
c6	Vδ1	CD8	4.52724981260915
c6	Vδ1	CD8	4.58388292929736
c6	Vδ1	CD8	3.79787589413617
c6	Vδ1	CD8	4.39329835641821
c6	Vδ1	CD8	4.83203759043353
c6	Vδ1	CD8	4.60317271193873
c6	Vδ1	CD8	4.04036470065544
c6	Vδ1	CD8	4.29435114028223
c6	Vδ1	CD8	4.89025164296106
c6	Vδ1	CD8	4.81846812277482
c6	Vδ1	CD8	3.60633868518379
c6	Vδ1	CD8	5.44526594137188
c6	Vδ1	CD8	3.70198888695113
c6	Vδ1	CD57	2.03656113651822
c6	Vδ1	CD57	1.37516642303228
c6	Vδ1	CD57	1.47269185371682
c6	Vδ1	CD57	1.94625842958713
c6	Vδ1	CD57	1.15561752932406
c6	Vδ1	CD57	0.884434339690752
c6	Vδ1	CD57	0.286348343738435
c6	Vδ1	CD57	1.27533040137172
c6	Vδ1	CD57	1.05101698967253
c6	Vδ1	CD57	2.32396122757604
c6	Vδ1	CD57	2.35990030554299
c6	Vδ1	CD57	2.02588399761653
c6	Vδ1	CD57	1.65579972896068
c6	Vδ1	CD57	1.73581369398898
c6	Vδ1	CD57	0.999122238688796
c6	Vδ1	CD57	1.24695236494637
c6	Vδ1	CD57	1.63119945480726
c6	Vδ1	CD57	0.981099161427608
c6	Vδ1	CD57	1.52869776431254
c6	Vδ1	CD57	1.10833074284711
c6	Vδ1	CD57	1.31994237075343
c6	Vδ1	CD57	1.88697834337441
c6	Vδ1	CD57	1.76887600241855
c6	Vδ1	CD57	0.0947022089409206
c6	Vδ1	CD57	0.58077180604229
c6	Vδ1	CD57	1.73754166449904
c6	Vδ1	CD57	1.68026557828051
c6	Vδ1	CD57	0.872555600737206
c6	Vδ1	CD57	1.34397865469533
c6	Vδ1	CD57	2.34623294684458
c6	Vδ1	CD57	0.630231199861523
c6	Vδ1	CD57	1.11297124243906
c6	Vδ1	CD57	0.632284983726165
c6	Vδ1	CD57	2.32010652711095
c6	Vδ1	CD57	2.28832760752799
c6	Vδ1	CD57	0.868563898632078
c6	Vδ1	CD57	1.40089521182559
c6	Vδ1	CD57	1.03094190911478
c6	Vδ1	CD57	1.02865940817641
c6	Vδ1	CD57	1.30455127994851
c6	Vδ1	CD57	1.65196594116476
c6	Vδ1	CD57	0.644091859322195
c6	Vδ1	CD57	1.33638816602641
c6	Vδ1	CD57	1.88132827262768
c6	Vδ1	CD57	2.06057900344944
c6	Vδ1	CD57	1.36208346506254
c6	Vδ1	CD57	1.12865751780691
c6	Vδ1	CD57	2.10698669907107
c6	Vδ1	CD57	0.999088451082526
c6	Vδ1	CD57	0.898868134893253
c6	Vδ1	CD57	0.647490989912843
c6	Vδ1	CD57	1.75776086244477
c6	Vδ1	CD57	0.344235863520501
c6	Vδ1	CD57	2.11096985893396
c6	Vδ1	CD57	0.526866112730653
c6	Vδ1	CD57	1.47680163547781
c6	Vδ1	CD57	0.805911348696753
c6	Vδ1	CD57	1.2410539299255
c6	Vδ1	CD57	1.56550322789337
c6	Vδ1	CD57	1.7274052034937
c6	Vδ1	CD57	1.60763977027069
c6	Vδ1	CD57	1.99964093036928
c6	Vδ1	CD57	2.17645822478499
c6	Vδ1	CD57	0.710947586907279
c6	Vδ1	CD57	0.919030064550296
c6	Vδ1	CD57	0.353798456755831
c6	Vδ1	CD57	1.58059301716084
c6	Vδ1	CD57	0.541334960738259
c6	Vδ1	CD57	0.154784121564118
c6	Vδ1	CD57	0.218927447939648
c6	Vδ1	CD57	2.15130556293567
c6	Vδ1	CD57	0.324411633093131
c6	Vδ1	CD57	1.71829000856759
c6	Vδ1	CD57	1.78570689177453
c6	Vδ1	CD57	1.66454232150874
c6	Vδ1	CD57	1.44481999525918
c6	Vδ1	CD57	1.98863416389197
c6	Vδ1	CD57	1.73514212146136
c6	Vδ1	CD57	2.33978677546448
c6	Vδ1	CD57	0.465094474775225
c6	Vδ1	CD57	0.609386313153009
c6	Vδ1	CD57	1.31034557434489
c6	Vδ1	CD57	1.84905322969113
c6	Vδ1	CD57	1.35210449941701
c6	Vδ1	CD57	1.2570698728092
c6	Vδ1	CD57	2.21080133353203
c6	Vδ1	CD57	1.3657876656719
c6	Vδ1	CD57	1.65721583765071
c6	Vδ1	CD57	0.874698105608884
c6	Vδ1	CD57	0.37420864469287
c6	Vδ1	CD28	1.98430854542041
c6	Vδ1	CD28	4.01108195846649
c6	Vδ1	CD28	4.14306189655425
c6	Vδ1	CD28	4.26594683258448
c6	Vδ1	CD28	3.36539594418869
c6	Vδ1	CD28	2.87816677601718
c6	Vδ1	CD28	1.9473383839423
c6	Vδ1	CD28	4.20918575162487
c6	Vδ1	CD28	3.1061177596954
c6	Vδ1	CD28	3.34065860971236
c6	Vδ1	CD28	4.29238602411203
c6	Vδ1	CD28	3.49846548642506
c6	Vδ1	CD28	3.49784271636157
c6	Vδ1	CD28	2.54600579478527
c6	Vδ1	CD28	3.97823283806315
c6	Vδ1	CD28	2.7583786398073
c6	Vδ1	CD28	2.75443050944129
c6	Vδ1	CD28	3.44605474129762
c6	Vδ1	CD28	3.88696334136787
c6	Vδ1	CD28	4.0692152328737
c6	Vδ1	CD28	3.66530761410204
c6	Vδ1	CD28	2.33567794906516
c6	Vδ1	CD28	3.18188428584086
c6	Vδ1	CD28	3.55920625778308
c6	Vδ1	CD28	2.88527565068052
c6	Vδ1	CD28	3.47711040468835
c6	Vδ1	CD28	3.12175962561936
c6	Vδ1	CD28	3.28406854078475
c6	Vδ1	CD28	3.11880565822729
c6	Vδ1	CD28	1.9707264908919
c6	Vδ1	CD28	4.3343905720162
c6	Vδ1	CD28	3.44949694960668
c6	Vδ1	CD28	3.44955089916692
c6	Vδ1	CD28	2.41430824107521
c6	Vδ1	CD28	3.74378298495392
c6	Vδ1	CD28	2.84429599833624
c6	Vδ1	CD28	2.96378316648888
c6	Vδ1	CD28	3.89653696969692
c6	Vδ1	CD28	3.38302888737211
c6	Vδ1	CD28	2.81547698284968
c6	Vδ1	CD28	3.10172161116046
c6	Vδ1	CD28	4.5599616235007
c6	Vδ1	CD28	4.31231076903201
c6	Vδ1	CD28	3.17015313867735
c6	Vδ1	CD28	2.30735212986672
c6	Vδ1	CD28	3.04472731884299
c6	Vδ1	CD28	4.33646482791526
c6	Vδ1	CD28	4.46979264510297
c6	Vδ1	CD28	3.91369391198211
c6	Vδ1	CD28	3.62387459766678
c6	Vδ1	CD28	2.10915910194622
c6	Vδ1	CD28	3.64383444461347
c6	Vδ1	CD28	2.93850510814749
c6	Vδ1	CD28	3.44985252915826
c6	Vδ1	CD28	2.88158096036199
c6	Vδ1	CD28	3.23932908032457
c6	Vδ1	CD28	3.9849312397022
c6	Vδ1	CD28	3.64062507086647
c6	Vδ1	CD28	3.55074101151963
c6	Vδ1	CD28	4.62105612740677
c6	Vδ1	CD28	2.93804798901701
c6	Vδ1	CD28	3.88092643302824
c6	Vδ1	CD28	4.43314714245966
c6	Vδ1	CD28	3.80306721553687
c6	Vδ1	CD28	3.59087641965873
c6	Vδ1	CD28	2.3005407964116
c6	Vδ1	CD28	2.93911795465634
c6	Vδ1	CD28	3.95941181223673
c6	Vδ1	CD28	3.29698620886903
c6	Vδ1	CD28	2.98291955569803
c6	Vδ1	CD28	4.12328260821738
c6	Vδ1	CD28	2.96201073705317
c6	Vδ1	CD28	2.38851394964891
c6	Vδ1	CD28	2.8349370028845
c6	Vδ1	CD28	3.55567091889515
c6	Vδ1	CD28	3.77077814719935
c6	Vδ1	CD28	4.07341393700438
c6	Vδ1	CD28	2.54015118238349
c6	Vδ1	CD28	3.9611846770116
c6	Vδ1	CD28	3.65299355832052
c6	Vδ1	CD28	3.45345387184922
c6	Vδ1	CD28	4.50125485470836
c6	Vδ1	CD28	4.09356091480349
c6	Vδ1	CD28	3.3594390865663
c6	Vδ1	CD28	3.90609021775951
c6	Vδ1	CD28	4.05488945088473
c6	Vδ1	CD28	3.62249195628047
c6	Vδ1	CD28	3.81004427803695
c6	Vδ1	CD28	3.16358729003887
c6	Vδ1	CD28	3.76933109029752
c7	Vδ1	CD161	0.374408350825104
c7	Vδ1	CD161	1.79646784397282
c7	Vδ1	CD161	1.72344502675879
c7	Vδ1	CD161	1.12504180827704
c7	Vδ1	CD161	0.932573441204363
c7	Vδ1	CD161	1.67544223378656
c7	Vδ1	CD161	0.266066833386201
c7	Vδ1	CD161	0.704253582109352
c7	Vδ1	CD161	1.13574347349451
c7	Vδ1	CD161	1.61439473545704
c7	Vδ1	CD161	1.19619050827501
c7	Vδ1	CD161	1.22618262324015
c7	Vδ1	CD161	1.97135545926179
c7	Vδ1	CD161	0.906354452566723
c7	Vδ1	CD161	0
c7	Vδ1	CD161	1.16852618864542
c7	Vδ1	CD161	0.662987106425087
c7	Vδ1	CD161	0.76136697961749
c7	Vδ1	CD161	0
c7	Vδ1	CD161	1.01853406856542
c7	Vδ1	CD161	1.2386003206062
c7	Vδ1	CD161	1.20867999663494
c7	Vδ1	CD161	1.15209646164004
c7	Vδ1	CD161	0.901895850865608
c7	Vδ1	CD161	2.90217005278584
c7	Vδ1	CD161	1.2814369405119
c7	Vδ1	CD161	1.37906333492656
c7	Vδ1	CD161	0.188021864055345
c7	Vδ1	CD161	0.3057615633388
c7	Vδ1	CD161	2.0570767730955
c7	Vδ1	CD161	0.818721760368259
c7	Vδ1	CD161	0.828145359522954
c7	Vδ1	CD161	0.776648770541663
c7	Vδ1	CD161	1.60260860175494
c7	Vδ1	CD161	0.919021169166952
c7	Vδ1	CD161	1.47499489132676
c7	Vδ1	CD161	0.280973886519117
c7	Vδ1	CD161	1.10925773368437
c7	Vδ1	CD161	0
c7	Vδ1	CD161	2.60103612849117
c7	Vδ1	CD161	0.584511915911476
c7	Vδ1	CD161	1.33108217277551
c7	Vδ1	CD161	1.56970361188661
c7	Vδ1	CD161	1.063618256737
c7	Vδ1	CD161	1.23261617219476
c7	Vδ1	CD161	0
c7	Vδ1	CD161	0.771072943710278
c7	Vδ1	CD161	1.24054926305636
c7	Vδ1	CD161	1.07959327926016
c7	Vδ1	CD161	1.10167632059856
c7	Vδ1	CD161	1.05383125233149
c7	Vδ1	CD161	1.12645209060755
c7	Vδ1	CD161	0.73601276850338
c7	Vδ1	CD161	1.63259491442041
c7	Vδ1	CD161	0.838345430038311
c7	Vδ1	CD161	1.8011723755706
c7	Vδ1	CD161	0.56800030215765
c7	Vδ1	CD161	0.758493600537344
c7	Vδ1	CD161	1.10404115456207
c7	Vδ1	CD161	0.581748046832919
c7	Vδ1	CD161	0.728126649188287
c7	Vδ1	CD161	1.04580710429373
c7	Vδ1	CD161	1.28300194721614
c7	Vδ1	CD161	1.19037820109473
c7	Vδ1	CD161	0
c7	Vδ1	CD161	0.839022482716012
c7	Vδ1	CD161	0.973568150440731
c7	Vδ1	CD161	0.76366112581465
c7	Vδ1	CD161	1.3162833180495
c7	Vδ1	CD161	1.7264109008904
c7	Vδ1	CD161	1.30726093676845
c7	Vδ1	CD161	2.69031667435337
c7	Vδ1	CD161	1.48969259965518
c7	Vδ1	CD161	1.92876957343874
c7	Vδ1	CD161	1.2113743441667
c7	Vδ1	CD161	1.68482912090126
c7	Vδ1	CD161	0.632411223794583
c7	Vδ1	CD161	0.710803333942511
c7	Vδ1	CD161	0.642888153730588
c7	Vδ1	CD161	1.49948385383754
c7	Vδ1	CD161	0.935284827817077
c7	Vδ1	CD161	1.55126976944196
c7	Vδ1	CD161	1.76463359019076
c7	Vδ1	CD161	0.66957396209823
c7	Vδ1	CD161	1.34827519869704
c7	Vδ1	CD161	0.43540251118996
c7	Vδ1	CD161	2.23330649277334
c7	Vδ1	CD161	0
c7	Vδ1	CD161	0.939071091321876
c7	Vδ1	CD161	1.55701825483116
c7	Vδ1	NKG2A	0.774366201147191
c7	Vδ1	NKG2A	0.86796946551099
c7	Vδ1	NKG2A	1.66661622827919
c7	Vδ1	NKG2A	1.26158541278
c7	Vδ1	NKG2A	0.600936899488504
c7	Vδ1	NKG2A	1.84706051309039
c7	Vδ1	NKG2A	1.05549526409265
c7	Vδ1	NKG2A	1.87232915139449
c7	Vδ1	NKG2A	1.57565744485076
c7	Vδ1	NKG2A	0.957708314824145
c7	Vδ1	NKG2A	1.73615032349926
c7	Vδ1	NKG2A	1.25728036919849
c7	Vδ1	NKG2A	1.019369770758
c7	Vδ1	NKG2A	1.30511437571497
c7	Vδ1	NKG2A	0.817378094831657
c7	Vδ1	NKG2A	1.37613397534484
c7	Vδ1	NKG2A	0.669926015408419
c7	Vδ1	NKG2A	1.34196972853399
c7	Vδ1	NKG2A	1.82008147334118
c7	Vδ1	NKG2A	1.00360552825212
c7	Vδ1	NKG2A	1.05290972370518
c7	Vδ1	NKG2A	1.8896675521202
c7	Vδ1	NKG2A	0.322232110493796
c7	Vδ1	NKG2A	1.95127907061474
c7	Vδ1	NKG2A	0.728794358217321
c7	Vδ1	NKG2A	1.1438844057836
c7	Vδ1	NKG2A	0.58581001556361
c7	Vδ1	NKG2A	1.72295098551632
c7	Vδ1	NKG2A	0.0695184369803814
c7	Vδ1	NKG2A	1.98983204864029
c7	Vδ1	NKG2A	0.923190996437791
c7	Vδ1	NKG2A	0.774094158798283
c7	Vδ1	NKG2A	1.39838175957595
c7	Vδ1	NKG2A	0.315187021045677
c7	Vδ1	NKG2A	1.16191788761645
c7	Vδ1	NKG2A	0.258405574093008
c7	Vδ1	NKG2A	0.91288083955811
c7	Vδ1	NKG2A	1.09894967464156
c7	Vδ1	NKG2A	1.0579200342753
c7	Vδ1	NKG2A	1.1699249055506
c7	Vδ1	NKG2A	1.01457146851114
c7	Vδ1	NKG2A	1.36921094470442
c7	Vδ1	NKG2A	0.982420503302486
c7	Vδ1	NKG2A	0.914647997364954
c7	Vδ1	NKG2A	0.27381389649178
c7	Vδ1	NKG2A	1.23221224787794
c7	Vδ1	NKG2A	1.18332615089321
c7	Vδ1	NKG2A	0.189923127775184
c7	Vδ1	NKG2A	1.13196957512819
c7	Vδ1	NKG2A	1.63066052452893
c7	Vδ1	NKG2A	0.838592851220566
c7	Vδ1	NKG2A	2.49878541941392
c7	Vδ1	NKG2A	1.02639482398916
c7	Vδ1	NKG2A	1.03254112696212
c7	Vδ1	NKG2A	0.184767153253659
c7	Vδ1	NKG2A	1.45816745539779
c7	Vδ1	NKG2A	0.534852377875191
c7	Vδ1	NKG2A	0.929039514839738
c7	Vδ1	NKG2A	1.26354411340995
c7	Vδ1	NKG2A	1.19112831681424
c7	Vδ1	NKG2A	0.877270815126935
c7	Vδ1	NKG2A	1.75517426697542
c7	Vδ1	NKG2A	0.142021009603781
c7	Vδ1	NKG2A	1.498046857081
c7	Vδ1	NKG2A	0.644354381093283
c7	Vδ1	NKG2A	2.54627506411989
c7	Vδ1	NKG2A	1.50735669108843
c7	Vδ1	NKG2A	2.10359540904669
c7	Vδ1	NKG2A	1.35744672257724
c7	Vδ1	NKG2A	0.150347463693615
c7	Vδ1	NKG2A	0.794215939504459
c7	Vδ1	NKG2A	0.439109807922757
c7	Vδ1	NKG2A	0.451115914465295
c7	Vδ1	NKG2A	0
c7	Vδ1	NKG2A	1.60569201358396
c7	Vδ1	NKG2A	1.7849401861519
c7	Vδ1	NKG2A	0.799575252885484
c7	Vδ1	NKG2A	0.520406899738444
c7	Vδ1	NKG2A	1.26581072684393
c7	Vδ1	NKG2A	0.978309643440049
c7	Vδ1	NKG2A	1.08887906504054
c7	Vδ1	NKG2A	1.08304053056475
c7	Vδ1	NKG2A	1.38157262282953
c7	Vδ1	NKG2A	1.29876923242937
c7	Vδ1	NKG2A	0
c7	Vδ1	NKG2A	1.00394028142178
c7	Vδ1	NKG2A	0.565412489250151
c7	Vδ1	NKG2A	1.00789149012044
c7	Vδ1	NKG2A	1.98463933453271
c7	Vδ1	NKG2A	0.330937461913966
c7	Vδ1	CD31	1.56306860008276
c7	Vδ1	CD31	1.54373539372708
c7	Vδ1	CD31	0.0975807088622015
c7	Vδ1	CD31	1.67686434120626
c7	Vδ1	CD31	1.38588210639451
c7	Vδ1	CD31	1.05362964186285
c7	Vδ1	CD31	1.07344508864969
c7	Vδ1	CD31	1.60913354386278
c7	Vδ1	CD31	0
c7	Vδ1	CD31	0.217672143490287
c7	Vδ1	CD31	1.64232525158875
c7	Vδ1	CD31	0.658243746497832
c7	Vδ1	CD31	0.855570990516248
c7	Vδ1	CD31	0.957994474236338
c7	Vδ1	CD31	0.482862525622408
c7	Vδ1	CD31	1.29576321068279
c7	Vδ1	CD31	2.12645692845191
c7	Vδ1	CD31	0.208451721838765
c7	Vδ1	CD31	0.767698072704135
c7	Vδ1	CD31	0.839927029056866
c7	Vδ1	CD31	0.951142860764275
c7	Vδ1	CD31	0.652970996204732
c7	Vδ1	CD31	1.62904238658965
c7	Vδ1	CD31	1.10338670480793
c7	Vδ1	CD31	0.219700000838908
c7	Vδ1	CD31	1.10280680846544
c7	Vδ1	CD31	1.49190424166487
c7	Vδ1	CD31	0.687707261983984
c7	Vδ1	CD31	0.969760701745476
c7	Vδ1	CD31	0.541690038647776
c7	Vδ1	CD31	1.28173572449665
c7	Vδ1	CD31	0.765181781554242
c7	Vδ1	CD31	0.507622152029872
c7	Vδ1	CD31	1.33642129078322
c7	Vδ1	CD31	0.323285068407691
c7	Vδ1	CD31	0.814463076365364
c7	Vδ1	CD31	0.961882105259115
c7	Vδ1	CD31	0.560812482354748
c7	Vδ1	CD31	1.20170019839768
c7	Vδ1	CD31	0.700318697916906
c7	Vδ1	CD31	0.782900610875266
c7	Vδ1	CD31	0.516969328917723
c7	Vδ1	CD31	1.23880946105562
c7	Vδ1	CD31	1.23916740294398
c7	Vδ1	CD31	0.888213031248042
c7	Vδ1	CD31	0.863535860676842
c7	Vδ1	CD31	0.261823294925252
c7	Vδ1	CD31	0.60802618733117
c7	Vδ1	CD31	1.26147624202807
c7	Vδ1	CD31	1.08107080635019
c7	Vδ1	CD31	1.54074419394164
c7	Vδ1	CD31	0.484969173352889
c7	Vδ1	CD31	1.04870222971742
c7	Vδ1	CD31	1.87435526734624
c7	Vδ1	CD31	2.66019899378775
c7	Vδ1	CD31	0
c7	Vδ1	CD31	0.929754526853822
c7	Vδ1	CD31	1.18539331518449
c7	Vδ1	CD31	1.85467033021662
c7	Vδ1	CD31	1.77911895268852
c7	Vδ1	CD31	0.237950089845636
c7	Vδ1	CD31	0.462732110483832
c7	Vδ1	CD31	0.923094310581254
c7	Vδ1	CD31	0.0250151168333052
c7	Vδ1	CD31	0.792620116282193
c7	Vδ1	CD31	0.806045149608664
c7	Vδ1	CD31	1.01859957146492
c7	Vδ1	CD31	2.15244502186773
c7	Vδ1	CD31	1.32658365162335
c7	Vδ1	CD31	1.66134491002216
c7	Vδ1	CD31	0.273979153930792
c7	Vδ1	CD31	2.43512623338537
c7	Vδ1	CD31	1.17776787032463
c7	Vδ1	CD31	0.350577261272139
c7	Vδ1	CD31	1.67713557843754
c7	Vδ1	CD31	0
c7	Vδ1	CD31	0.93012310211094
c7	Vδ1	CD31	0
c7	Vδ1	CD31	0.822359413030241
c7	Vδ1	CD31	1.27711721821488
c7	Vδ1	CD31	0.0593017833311869
c7	Vδ1	CD31	1.66186545644116
c7	Vδ1	CD31	2.25717508229391
c7	Vδ1	CD31	1.41942880798421
c7	Vδ1	CD31	1.72636317850382
c7	Vδ1	CD31	1.09005593316243
c7	Vδ1	CD31	1.2408138316465
c7	Vδ1	CD31	0.496075118294657
c7	Vδ1	CD31	2.03499066351149
c7	Vδ1	CD31	1.45936150752441
c7	Vδ1	CD8	2.66949194795079
c7	Vδ1	CD8	3.34397342713907
c7	Vδ1	CD8	3.65100257436327
c7	Vδ1	CD8	4.50712902546947
c7	Vδ1	CD8	3.56930906683117
c7	Vδ1	CD8	3.37045034998105
c7	Vδ1	CD8	4.44737404809097
c7	Vδ1	CD8	3.8218893933139
c7	Vδ1	CD8	3.80396948415658
c7	Vδ1	CD8	4.5576278007943
c7	Vδ1	CD8	3.4150471365236
c7	Vδ1	CD8	3.66998587530903
c7	Vδ1	CD8	4.0976616277689
c7	Vδ1	CD8	4.45438339634466
c7	Vδ1	CD8	3.81474981514154
c7	Vδ1	CD8	4.49791229964826
c7	Vδ1	CD8	3.6088060295497
c7	Vδ1	CD8	2.7482179242544
c7	Vδ1	CD8	3.66908437423902
c7	Vδ1	CD8	2.88930291288757
c7	Vδ1	CD8	5.54872382543706
c7	Vδ1	CD8	3.55430867183412
c7	Vδ1	CD8	3.18216242554954
c7	Vδ1	CD8	3.360699330115
c7	Vδ1	CD8	4.76047565285188
c7	Vδ1	CD8	2.39955106980641
c7	Vδ1	CD8	3.43797072726737
c7	Vδ1	CD8	3.8786618752335
c7	Vδ1	CD8	3.40717583947648
c7	Vδ1	CD8	4.3606254151308
c7	Vδ1	CD8	3.424460252124
c7	Vδ1	CD8	3.43264680389917
c7	Vδ1	CD8	3.80890182555666
c7	Vδ1	CD8	4.56593422163691
c7	Vδ1	CD8	3.50894840660364
c7	Vδ1	CD8	3.664790586511
c7	Vδ1	CD8	4.3261028817213
c7	Vδ1	CD8	3.98796294844366
c7	Vδ1	CD8	3.13021069048518
c7	Vδ1	CD8	3.22508821455852
c7	Vδ1	CD8	3.11599364623957
c7	Vδ1	CD8	4.19436956998161
c7	Vδ1	CD8	3.6092443658167
c7	Vδ1	CD8	3.98843862756628
c7	Vδ1	CD8	3.55535784298503
c7	Vδ1	CD8	2.70664207070237
c7	Vδ1	CD8	4.07203668173248
c7	Vδ1	CD8	3.69098209778574
c7	Vδ1	CD8	3.37183109633399
c7	Vδ1	CD8	2.91924024446569
c7	Vδ1	CD8	2.77912325146162
c7	Vδ1	CD8	3.25797961104445
c7	Vδ1	CD8	4.89566264389141
c7	Vδ1	CD8	3.76221762749733
c7	Vδ1	CD8	3.8913588837431
c7	Vδ1	CD8	3.98806728668414
c7	Vδ1	CD8	3.55208907389316
c7	Vδ1	CD8	3.63257751868017
c7	Vδ1	CD8	3.54133586043204
c7	Vδ1	CD8	2.95384877656289
c7	Vδ1	CD8	3.82801349662915
c7	Vδ1	CD8	3.3065936091353
c7	Vδ1	CD8	3.77829414562743
c7	Vδ1	CD8	3.19914102787388
c7	Vδ1	CD8	4.29616296886348
c7	Vδ1	CD8	2.87317836628587
c7	Vδ1	CD8	3.62476108553532
c7	Vδ1	CD8	4.45335441902464
c7	Vδ1	CD8	3.68326795506494
c7	Vδ1	CD8	3.96601177524749
c7	Vδ1	CD8	3.58664630915023
c7	Vδ1	CD8	4.30690326350064
c7	Vδ1	CD8	3.98595271490844
c7	Vδ1	CD8	3.12963483475526
c7	Vδ1	CD8	4.14075419068598
c7	Vδ1	CD8	3.28765430555966
c7	Vδ1	CD8	4.25262623555876
c7	Vδ1	CD8	3.07817844493847
c7	Vδ1	CD8	2.50515189844009
c7	Vδ1	CD8	3.72637212864457
c7	Vδ1	CD8	3.17852871114919
c7	Vδ1	CD8	3.28466335854597
c7	Vδ1	CD8	3.57739516673711
c7	Vδ1	CD8	3.0415751715935
c7	Vδ1	CD8	3.68766012898327
c7	Vδ1	CD8	2.90612571141785
c7	Vδ1	CD8	2.9841709180339
c7	Vδ1	CD8	3.62869225578904
c7	Vδ1	CD8	4.41841382148404
c7	Vδ1	CD8	3.39000763520203
c7	Vδ1	CD57	2.59567173334047
c7	Vδ1	CD57	3.0348588787297
c7	Vδ1	CD57	3.851813563412
c7	Vδ1	CD57	1.8066764887476
c7	Vδ1	CD57	1.90473139754022
c7	Vδ1	CD57	3.01604337144216
c7	Vδ1	CD57	2.24452688611398
c7	Vδ1	CD57	1.53613184911048
c7	Vδ1	CD57	2.76341924510581
c7	Vδ1	CD57	2.8424063946244
c7	Vδ1	CD57	2.65838279365347
c7	Vδ1	CD57	2.9287830067159
c7	Vδ1	CD57	2.8433418571505
c7	Vδ1	CD57	2.26437135190998
c7	Vδ1	CD57	2.24460402923107
c7	Vδ1	CD57	2.20133338892399
c7	Vδ1	CD57	1.66277184226784
c7	Vδ1	CD57	2.91555202935473
c7	Vδ1	CD57	2.32094982803087
c7	Vδ1	CD57	1.7302960056238
c7	Vδ1	CD57	3.64470836017489
c7	Vδ1	CD57	2.80313953817668
c7	Vδ1	CD57	1.87179437967462
c7	Vδ1	CD57	2.37633459852623
c7	Vδ1	CD57	2.26487233245358
c7	Vδ1	CD57	1.26186777727207
c7	Vδ1	CD57	1.92253922334253
c7	Vδ1	CD57	2.92115053638016
c7	Vδ1	CD57	3.28695999805312
c7	Vδ1	CD57	2.41527957599877
c7	Vδ1	CD57	1.26674138770671
c7	Vδ1	CD57	2.73539498900845
c7	Vδ1	CD57	2.54542450159324
c7	Vδ1	CD57	3.11733716138617
c7	Vδ1	CD57	2.52758168416956
c7	Vδ1	CD57	2.48519761658865
c7	Vδ1	CD57	2.17992587271908
c7	Vδ1	CD57	2.26273342736214
c7	Vδ1	CD57	2.87254102104602
c7	Vδ1	CD57	2.0819291659556
c7	Vδ1	CD57	2.20802577069655
c7	Vδ1	CD57	2.67089705873595
c7	Vδ1	CD57	2.56238458261944
c7	Vδ1	CD57	2.66621405326621
c7	Vδ1	CD57	3.14811402778506
c7	Vδ1	CD57	3.05440965341153
c7	Vδ1	CD57	2.11678828585035
c7	Vδ1	CD57	2.9237802675855
c7	Vδ1	CD57	2.95416897793127
c7	Vδ1	CD57	2.53433883750871
c7	Vδ1	CD57	2.69070375029178
c7	Vδ1	CD57	2.93869881648522
c7	Vδ1	CD57	2.5467851584134
c7	Vδ1	CD57	1.71775217826374
c7	Vδ1	CD57	3.52432387404879
c7	Vδ1	CD57	1.6113186415625
c7	Vδ1	CD57	2.85037667849345
c7	Vδ1	CD57	3.07205881914239
c7	Vδ1	CD57	2.4749488507186
c7	Vδ1	CD57	3.28154135994548
c7	Vδ1	CD57	3.03430382892467
c7	Vδ1	CD57	3.2098376443672
c7	Vδ1	CD57	2.37903115990781
c7	Vδ1	CD57	2.5486455253275
c7	Vδ1	CD57	2.98315393611687
c7	Vδ1	CD57	3.550007299304
c7	Vδ1	CD57	2.12476517215091
c7	Vδ1	CD57	1.7269333644529
c7	Vδ1	CD57	2.80995509832695
c7	Vδ1	CD57	2.2448616671712
c7	Vδ1	CD57	3.5957691743603
c7	Vδ1	CD57	3.05135688054829
c7	Vδ1	CD57	2.08553268079741
c7	Vδ1	CD57	2.57684745396821
c7	Vδ1	CD57	2.66341162925651
c7	Vδ1	CD57	2.61601287199118
c7	Vδ1	CD57	2.76933193073156
c7	Vδ1	CD57	2.58992415011753
c7	Vδ1	CD57	2.67251821778983
c7	Vδ1	CD57	2.99571952660993
c7	Vδ1	CD57	2.53884737379803
c7	Vδ1	CD57	2.23869607475237
c7	Vδ1	CD57	1.53922237278044
c7	Vδ1	CD57	2.98841211633262
c7	Vδ1	CD57	3.04431865349318
c7	Vδ1	CD57	2.34224276873012
c7	Vδ1	CD57	2.17551951853588
c7	Vδ1	CD57	3.32284248324231
c7	Vδ1	CD57	2.72163497056612
c7	Vδ1	CD57	1.45759510696332
c7	Vδ1	CD28	1.80253298918725
c7	Vδ1	CD28	2.33818598996058
c7	Vδ1	CD28	1.7043779870828
c7	Vδ1	CD28	1.36421267898517
c7	Vδ1	CD28	1.29759028242866
c7	Vδ1	CD28	1.41825322438152
c7	Vδ1	CD28	0.42316484308849
c7	Vδ1	CD28	1.61439275994522
c7	Vδ1	CD28	1.28162727613832
c7	Vδ1	CD28	1.63291471943227
c7	Vδ1	CD28	2.33501299192287
c7	Vδ1	CD28	2.01073787953259
c7	Vδ1	CD28	2.16548092142722
c7	Vδ1	CD28	1.49819610060037
c7	Vδ1	CD28	1.18931244231305
c7	Vδ1	CD28	2.15450313926773
c7	Vδ1	CD28	1.55691380114357
c7	Vδ1	CD28	0.653829971655213
c7	Vδ1	CD28	2.01624347248285
c7	Vδ1	CD28	1.84656030533324
c7	Vδ1	CD28	1.56722131113152
c7	Vδ1	CD28	1.60020142694422
c7	Vδ1	CD28	2.94761537940323
c7	Vδ1	CD28	1.14847325144446
c7	Vδ1	CD28	1.35368019910726
c7	Vδ1	CD28	1.72356575346593
c7	Vδ1	CD28	1.41176068995423
c7	Vδ1	CD28	1.97154860191744
c7	Vδ1	CD28	1.31987342287546
c7	Vδ1	CD28	0.794394307918876
c7	Vδ1	CD28	1.44948893517758
c7	Vδ1	CD28	1.88019195104714
c7	Vδ1	CD28	2.87514380899583
c7	Vδ1	CD28	1.49773583279175
c7	Vδ1	CD28	1.80661808253544
c7	Vδ1	CD28	1.94418461053562
c7	Vδ1	CD28	0.346069864436341
c7	Vδ1	CD28	2.33275143399234
c7	Vδ1	CD28	1.04877562161609
c7	Vδ1	CD28	1.77669616239735
c7	Vδ1	CD28	1.57653078841033
c7	Vδ1	CD28	1.74125977450598
c7	Vδ1	CD28	2.37689635294725
c7	Vδ1	CD28	1.6966380475463
c7	Vδ1	CD28	0.802840542763904
c7	Vδ1	CD28	1.68662643496555
c7	Vδ1	CD28	2.16285186322145
c7	Vδ1	CD28	1.74806091234291
c7	Vδ1	CD28	0.611071090437155
c7	Vδ1	CD28	1.84375065475192
c7	Vδ1	CD28	3.19410728804052
c7	Vδ1	CD28	2.08226208120338
c7	Vδ1	CD28	1.07351203457391
c7	Vδ1	CD28	0.600704778636437
c7	Vδ1	CD28	1.48525791549543
c7	Vδ1	CD28	1.65421586012963
c7	Vδ1	CD28	0.801652187422859
c7	Vδ1	CD28	1.96519637351207
c7	Vδ1	CD28	1.01448403151791
c7	Vδ1	CD28	2.02422229356449
c7	Vδ1	CD28	1.18072046612499
c7	Vδ1	CD28	2.13312760283731
c7	Vδ1	CD28	2.74651241776722
c7	Vδ1	CD28	2.46794590983611
c7	Vδ1	CD28	1.29210148042641
c7	Vδ1	CD28	1.84592712486708
c7	Vδ1	CD28	1.27275716274417
c7	Vδ1	CD28	1.21403884683115
c7	Vδ1	CD28	1.31416611756337
c7	Vδ1	CD28	1.75535150430857
c7	Vδ1	CD28	1.25412595033645
c7	Vδ1	CD28	1.45090486900792
c7	Vδ1	CD28	1.95284834259596
c7	Vδ1	CD28	2.49477978348989
c7	Vδ1	CD28	2.00000415909314
c7	Vδ1	CD28	0.913770750620695
c7	Vδ1	CD28	1.29001633213562
c7	Vδ1	CD28	1.87260012366749
c7	Vδ1	CD28	1.63482656801937
c7	Vδ1	CD28	2.00623174701373
c7	Vδ1	CD28	0.956333319525955
c7	Vδ1	CD28	2.06070654011059
c7	Vδ1	CD28	0.994105237887878
c7	Vδ1	CD28	1.2058991954879
c7	Vδ1	CD28	1.4674795921243
c7	Vδ1	CD28	1.84776148851422
c7	Vδ1	CD28	1.37196644026372
c7	Vδ1	CD28	1.79071634361529
c7	Vδ1	CD28	0.0958437678951545
c7	Vδ1	CD28	1.70686973873973
c8	Vδ1	CD161	0.479342420080812
c8	Vδ1	CD161	1.10374505887374
c8	Vδ1	CD161	0.571869948573912
c8	Vδ1	CD161	0.429214635540877
c8	Vδ1	CD161	1.26968197796871
c8	Vδ1	CD161	0.236329118381687
c8	Vδ1	CD161	0
c8	Vδ1	CD161	0.456157025640962
c8	Vδ1	CD161	1.4743876750786
c8	Vδ1	CD161	0.997529096237612
c8	Vδ1	CD161	1.11932458768835
c8	Vδ1	CD161	0.280550834557419
c8	Vδ1	CD161	1.21797644895954
c8	Vδ1	CD161	2.31524537316865
c8	Vδ1	CD161	0.118056590619792
c8	Vδ1	CD161	0.436987040896027
c8	Vδ1	CD161	0.406632421001273
c8	Vδ1	CD161	2.15907576428949
c8	Vδ1	CD161	1.72162185885905
c8	Vδ1	CD161	0.183551316085346
c8	Vδ1	CD161	0.418768519729046
c8	Vδ1	CD161	0.212214661025358
c8	Vδ1	CD161	1.80968692931706
c8	Vδ1	CD161	0.0592799253866861
c8	Vδ1	CD161	0.489409136771311
c8	Vδ1	CD161	0.711603986914641
c8	Vδ1	CD161	1.16074585476795
c8	Vδ1	CD161	0.483984357153478
c8	Vδ1	CD161	1.23053414393617
c8	Vδ1	CD161	0.587540811062648
c8	Vδ1	CD161	0.891797804820065
c8	Vδ1	CD161	0.681808586109621
c8	Vδ1	CD161	0.666873613643096
c8	Vδ1	CD161	0
c8	Vδ1	CD161	0.0970030516060334
c8	Vδ1	CD161	1.18989273867826
c8	Vδ1	CD161	0.6606916004341
c8	Vδ1	CD161	1.03552652743854
c8	Vδ1	CD161	0.940423222121378
c8	Vδ1	CD161	0.750952517699333
c8	Vδ1	CD161	0.834714324025787
c8	Vδ1	CD161	1.37981671336995
c8	Vδ1	CD161	1.87104236639999
c8	Vδ1	CD161	1.31105847544046
c8	Vδ1	CD161	0.342661016220803
c8	Vδ1	CD161	1.288646344722
c8	Vδ1	CD161	0.528948393071752
c8	Vδ1	CD161	0.250039490968881
c8	Vδ1	CD161	0
c8	Vδ1	CD161	0.666446063529171
c8	Vδ1	CD161	1.4908432530868
c8	Vδ1	CD161	1.2896255527322
c8	Vδ1	CD161	1.36322665886434
c8	Vδ1	CD161	1.40876990431077
c8	Vδ1	CD161	0.0114553002963557
c8	Vδ1	CD161	0
c8	Vδ1	CD161	0.221835232730534
c8	Vδ1	CD161	1.25347971881616
c8	Vδ1	CD161	0.877003293666306
c8	Vδ1	CD161	0
c8	Vδ1	CD161	0.745015117367918
c8	Vδ1	CD161	0.416689634111363
c8	Vδ1	CD161	1.08300944361444
c8	Vδ1	CD161	0.249496066966784
c8	Vδ1	CD161	1.2546264708534
c8	Vδ1	CD161	0.594229444299578
c8	Vδ1	CD161	0
c8	Vδ1	CD161	0.832267638697718
c8	Vδ1	CD161	1.55209962584056
c8	Vδ1	CD161	1.25937228616801
c8	Vδ1	CD161	1.51268185787698
c8	Vδ1	CD161	1.19363773061942
c8	Vδ1	CD161	1.63902235710806
c8	Vδ1	CD161	0.720995300932694
c8	Vδ1	CD161	0.842442518815561
c8	Vδ1	CD161	0.972666707163615
c8	Vδ1	CD161	0.181401360283308
c8	Vδ1	CD161	1.08598233519618
c8	Vδ1	CD161	0
c8	Vδ1	CD161	0.841501727878791
c8	Vδ1	CD161	2.22069728190526
c8	Vδ1	CD161	1.00519698627346
c8	Vδ1	CD161	1.2500452704513
c8	Vδ1	CD161	0.854023474877548
c8	Vδ1	CD161	1.13960030580922
c8	Vδ1	CD161	0.404513044871094
c8	Vδ1	CD161	1.03893084003536
c8	Vδ1	CD161	1.44488357455157
c8	Vδ1	CD161	1.44447667465715
c8	Vδ1	CD161	0.265156797636289
c8	Vδ1	NKG2A	1.13350959669375
c8	Vδ1	NKG2A	0.94944119110431
c8	Vδ1	NKG2A	1.00546731089812
c8	Vδ1	NKG2A	1.66971715726428
c8	Vδ1	NKG2A	0.970547177726959
c8	Vδ1	NKG2A	1.48373177668474
c8	Vδ1	NKG2A	0
c8	Vδ1	NKG2A	1.21636978012741
c8	Vδ1	NKG2A	0.64007893032454
c8	Vδ1	NKG2A	1.36956262929927
c8	Vδ1	NKG2A	0.592395402014892
c8	Vδ1	NKG2A	1.49926411374411
c8	Vδ1	NKG2A	1.4500333195031
c8	Vδ1	NKG2A	1.9090063523032
c8	Vδ1	NKG2A	1.84468900715966
c8	Vδ1	NKG2A	0.205293728661349
c8	Vδ1	NKG2A	0.988191750273825
c8	Vδ1	NKG2A	0.6032453146735
c8	Vδ1	NKG2A	1.55113769859924
c8	Vδ1	NKG2A	0.363174186829834
c8	Vδ1	NKG2A	0.0438311924896364
c8	Vδ1	NKG2A	1.46989792133368
c8	Vδ1	NKG2A	1.59784908304627
c8	Vδ1	NKG2A	0.501157141200596
c8	Vδ1	NKG2A	0.563398141112106
c8	Vδ1	NKG2A	0.327897034084962
c8	Vδ1	NKG2A	1.29376767579003
c8	Vδ1	NKG2A	1.06902508696765
c8	Vδ1	NKG2A	1.4338308345225
c8	Vδ1	NKG2A	0.879922334756648
c8	Vδ1	NKG2A	1.27192397333234
c8	Vδ1	NKG2A	0.59649695741401
c8	Vδ1	NKG2A	0
c8	Vδ1	NKG2A	1.63343352440512
c8	Vδ1	NKG2A	1.12074900355994
c8	Vδ1	NKG2A	0.70017701213563
c8	Vδ1	NKG2A	0.692626414181512
c8	Vδ1	NKG2A	0.229090956332034
c8	Vδ1	NKG2A	0.571067501819241
c8	Vδ1	NKG2A	0.271014329442536
c8	Vδ1	NKG2A	1.85589736698102
c8	Vδ1	NKG2A	2.09698497235433
c8	Vδ1	NKG2A	0.94545803218492
c8	Vδ1	NKG2A	1.50042131277598
c8	Vδ1	NKG2A	1.65521882425181
c8	Vδ1	NKG2A	2.41161171284745
c8	Vδ1	NKG2A	0.997501766107786
c8	Vδ1	NKG2A	1.29542571729264
c8	Vδ1	NKG2A	0.524375990558432
c8	Vδ1	NKG2A	0.792239436918615
c8	Vδ1	NKG2A	2.29442603927628
c8	Vδ1	NKG2A	0.529005964801832
c8	Vδ1	NKG2A	0.871824840450263
c8	Vδ1	NKG2A	1.09583808449403
c8	Vδ1	NKG2A	2.25905410072902
c8	Vδ1	NKG2A	0.408262918734975
c8	Vδ1	NKG2A	0.132274519466464
c8	Vδ1	NKG2A	0
c8	Vδ1	NKG2A	0.685881356689704
c8	Vδ1	NKG2A	1.00007675472248
c8	Vδ1	NKG2A	1.5902444370011
c8	Vδ1	NKG2A	0.669319956855255
c8	Vδ1	NKG2A	1.05596139475613
c8	Vδ1	NKG2A	1.26157003303959
c8	Vδ1	NKG2A	0.44701828341384
c8	Vδ1	NKG2A	1.70242405045505
c8	Vδ1	NKG2A	1.25373396466615
c8	Vδ1	NKG2A	1.75991290407379
c8	Vδ1	NKG2A	1.4824961589395
c8	Vδ1	NKG2A	1.16108045361199
c8	Vδ1	NKG2A	0.532052470698437
c8	Vδ1	NKG2A	0.744918209822632
c8	Vδ1	NKG2A	1.0434885012548
c8	Vδ1	NKG2A	0.641629469741355
c8	Vδ1	NKG2A	1.19330845193296
c8	Vδ1	NKG2A	0.690948576659942
c8	Vδ1	NKG2A	0.810280228154889
c8	Vδ1	NKG2A	0.612438187296848
c8	Vδ1	NKG2A	0.807365715426798
c8	Vδ1	NKG2A	0.715230000913742
c8	Vδ1	NKG2A	1.23186431797413
c8	Vδ1	NKG2A	0.80679209566232
c8	Vδ1	NKG2A	0.731986956310709
c8	Vδ1	NKG2A	0.243290294568797
c8	Vδ1	NKG2A	0.638835048393055
c8	Vδ1	NKG2A	1.86655164872698
c8	Vδ1	NKG2A	0.800375478441833
c8	Vδ1	NKG2A	1.65890085010463
c8	Vδ1	NKG2A	0.482255549757845
c8	Vδ1	NKG2A	1.27449076570158
c8	Vδ1	CD31	0.0735845725996356
c8	Vδ1	CD31	0.794603396765488
c8	Vδ1	CD31	0
c8	Vδ1	CD31	1.93981909026144
c8	Vδ1	CD31	1.38680173118846
c8	Vδ1	CD31	0.561121846143789
c8	Vδ1	CD31	1.06456011720771
c8	Vδ1	CD31	1.20817620432472
c8	Vδ1	CD31	1.72473841541179
c8	Vδ1	CD31	1.52331538772027
c8	Vδ1	CD31	2.20649540088162
c8	Vδ1	CD31	1.17099368844594
c8	Vδ1	CD31	1.59622816292672
c8	Vδ1	CD31	1.0218219371538
c8	Vδ1	CD31	2.08677777061613
c8	Vδ1	CD31	1.95430902362732
c8	Vδ1	CD31	0.540162798132583
c8	Vδ1	CD31	2.55468210517128
c8	Vδ1	CD31	0.357427583201077
c8	Vδ1	CD31	1.62430851826294
c8	Vδ1	CD31	1.68693977702432
c8	Vδ1	CD31	0.927042803813007
c8	Vδ1	CD31	1.18745242341434
c8	Vδ1	CD31	1.76436593152793
c8	Vδ1	CD31	1.28548438126853
c8	Vδ1	CD31	0.692877911383841
c8	Vδ1	CD31	1.77360236460881
c8	Vδ1	CD31	2.73875597017586
c8	Vδ1	CD31	0.425222386073133
c8	Vδ1	CD31	1.59814990985655
c8	Vδ1	CD31	1.49599837812311
c8	Vδ1	CD31	1.92369367029364
c8	Vδ1	CD31	1.23531434679812
c8	Vδ1	CD31	1.20294115033709
c8	Vδ1	CD31	1.53425377685661
c8	Vδ1	CD31	1.11163653297965
c8	Vδ1	CD31	1.46420404593892
c8	Vδ1	CD31	1.1326861930821
c8	Vδ1	CD31	1.03233492591724
c8	Vδ1	CD31	1.89583771345966
c8	Vδ1	CD31	1.35120494953217
c8	Vδ1	CD31	0.15405748964745
c8	Vδ1	CD31	0.701863834846769
c8	Vδ1	CD31	1.28481618654016
c8	Vδ1	CD31	2.19035718403202
c8	Vδ1	CD31	0.833762190458053
c8	Vδ1	CD31	0.189736381488326
c8	Vδ1	CD31	1.75727153233056
c8	Vδ1	CD31	1.47446054318209
c8	Vδ1	CD31	0.784001654063303
c8	Vδ1	CD31	1.95713388852949
c8	Vδ1	CD31	0.386289149083828
c8	Vδ1	CD31	1.39691519105565
c8	Vδ1	CD31	0.509232081853534
c8	Vδ1	CD31	2.07658985398998
c8	Vδ1	CD31	0.555572230502716
c8	Vδ1	CD31	1.09446302310385
c8	Vδ1	CD31	0.762419809932181
c8	Vδ1	CD31	1.64413903052582
c8	Vδ1	CD31	0
c8	Vδ1	CD31	1.17498829733389
c8	Vδ1	CD31	0.999035509869917
c8	Vδ1	CD31	0.769454002917107
c8	Vδ1	CD31	0.505417194102371
c8	Vδ1	CD31	1.40695326824143
c8	Vδ1	CD31	0.95292949891525
c8	Vδ1	CD31	0.491005579036076
c8	Vδ1	CD31	0.513304613575744
c8	Vδ1	CD31	1.88301063078357
c8	Vδ1	CD31	0.138495538202058
c8	Vδ1	CD31	0.717163621883215
c8	Vδ1	CD31	1.3399577902542
c8	Vδ1	CD31	0.40714128671882
c8	Vδ1	CD31	1.04860692824183
c8	Vδ1	CD31	0.244120028159652
c8	Vδ1	CD31	0.502100906637163
c8	Vδ1	CD31	1.28450880566104
c8	Vδ1	CD31	1.57449484159864
c8	Vδ1	CD31	0.0498872177520275
c8	Vδ1	CD31	2.26892511651857
c8	Vδ1	CD31	1.8353610090981
c8	Vδ1	CD31	1.39817352677154
c8	Vδ1	CD31	1.03986745870348
c8	Vδ1	CD31	1.54157777186226
c8	Vδ1	CD31	2.82601642867453
c8	Vδ1	CD31	0.484770870492678
c8	Vδ1	CD31	0.309663300152679
c8	Vδ1	CD31	1.66355501040177
c8	Vδ1	CD31	1.35953174163425
c8	Vδ1	CD31	2.50567949224017
c8	Vδ1	CD8	1.66508471627408
c8	Vδ1	CD8	2.22366094162476
c8	Vδ1	CD8	2.14174227140835
c8	Vδ1	CD8	0.947058447306528
c8	Vδ1	CD8	3.0780870839326
c8	Vδ1	CD8	2.20314535791805
c8	Vδ1	CD8	1.61471948325151
c8	Vδ1	CD8	2.40711908653505
c8	Vδ1	CD8	2.02229999041532
c8	Vδ1	CD8	1.55865224455787
c8	Vδ1	CD8	2.21810742354617
c8	Vδ1	CD8	0.926944597620449
c8	Vδ1	CD8	2.0216928483179
c8	Vδ1	CD8	2.65798691948866
c8	Vδ1	CD8	1.94024133328747
c8	Vδ1	CD8	1.0609132931474
c8	Vδ1	CD8	1.91368530983041
c8	Vδ1	CD8	1.6691614944994
c8	Vδ1	CD8	2.63999070929164
c8	Vδ1	CD8	2.64872320410603
c8	Vδ1	CD8	1.99984547305479
c8	Vδ1	CD8	3.02193996797446
c8	Vδ1	CD8	2.54765223837698
c8	Vδ1	CD8	2.46871120559713
c8	Vδ1	CD8	2.9943386984793
c8	Vδ1	CD8	2.57401230602765
c8	Vδ1	CD8	2.47651292232563
c8	Vδ1	CD8	2.5811694601622
c8	Vδ1	CD8	1.8746157447175
c8	Vδ1	CD8	2.39341923291336
c8	Vδ1	CD8	2.30083177944689
c8	Vδ1	CD8	1.86901671237063
c8	Vδ1	CD8	1.58481437008756
c8	Vδ1	CD8	2.38132181565166
c8	Vδ1	CD8	3.00498563294896
c8	Vδ1	CD8	2.40696691359803
c8	Vδ1	CD8	2.51257233207926
c8	Vδ1	CD8	2.16284650903272
c8	Vδ1	CD8	1.49043984995687
c8	Vδ1	CD8	2.24818392084302
c8	Vδ1	CD8	3.47398449253875
c8	Vδ1	CD8	1.10118828742788
c8	Vδ1	CD8	2.64568491718566
c8	Vδ1	CD8	3.60489422792263
c8	Vδ1	CD8	2.21599204006372
c8	Vδ1	CD8	2.26189019585354
c8	Vδ1	CD8	2.61226809658745
c8	Vδ1	CD8	2.1181062034311
c8	Vδ1	CD8	1.88082684891962
c8	Vδ1	CD8	0.764920690948031
c8	Vδ1	CD8	2.3982447933521
c8	Vδ1	CD8	2.73821475105348
c8	Vδ1	CD8	1.88690852937038
c8	Vδ1	CD8	1.84939763575449
c8	Vδ1	CD8	2.23270298364009
c8	Vδ1	CD8	2.45095824451166
c8	Vδ1	CD8	1.42430889562789
c8	Vδ1	CD8	1.81138866812193
c8	Vδ1	CD8	1.51624995430085
c8	Vδ1	CD8	3.22769093097861
c8	Vδ1	CD8	1.67248760204817
c8	Vδ1	CD8	2.20753267707678
c8	Vδ1	CD8	1.64529134688593
c8	Vδ1	CD8	2.18038762512728
c8	Vδ1	CD8	1.7379292884169
c8	Vδ1	CD8	1.70750331436885
c8	Vδ1	CD8	2.09998492637077
c8	Vδ1	CD8	3.16788588699093
c8	Vδ1	CD8	2.22599416545475
c8	Vδ1	CD8	2.27636097209837
c8	Vδ1	CD8	2.12971605600637
c8	Vδ1	CD8	2.27908876705936
c8	Vδ1	CD8	2.56446275405215
c8	Vδ1	CD8	2.15130697401035
c8	Vδ1	CD8	2.03965848141476
c8	Vδ1	CD8	2.2991879550109
c8	Vδ1	CD8	2.00983753365273
c8	Vδ1	CD8	1.20662346364596
c8	Vδ1	CD8	1.84925831478483
c8	Vδ1	CD8	2.76519999874674
c8	Vδ1	CD8	3.27483244117404
c8	Vδ1	CD8	2.38153998968985
c8	Vδ1	CD8	3.28061521548903
c8	Vδ1	CD8	2.77791592694531
c8	Vδ1	CD8	2.51758702842178
c8	Vδ1	CD8	2.67495833962247
c8	Vδ1	CD8	3.28637346792692
c8	Vδ1	CD8	2.293551201445
c8	Vδ1	CD8	2.45059158862104
c8	Vδ1	CD8	1.73256495973638
c8	Vδ1	CD57	3.29100648790133
c8	Vδ1	CD57	3.42845232069616
c8	Vδ1	CD57	3.40347064935133
c8	Vδ1	CD57	3.5029464663056
c8	Vδ1	CD57	3.26991141792917
c8	Vδ1	CD57	3.6332055544681
c8	Vδ1	CD57	4.28416279707463
c8	Vδ1	CD57	4.26616911639058
c8	Vδ1	CD57	4.74058187958799
c8	Vδ1	CD57	4.10079296608721
c8	Vδ1	CD57	4.5405292077539
c8	Vδ1	CD57	3.91035288049387
c8	Vδ1	CD57	4.20711977717096
c8	Vδ1	CD57	4.88810615972981
c8	Vδ1	CD57	3.98719319685954
c8	Vδ1	CD57	3.62864489528029
c8	Vδ1	CD57	3.78317973223546
c8	Vδ1	CD57	4.95955741170845
c8	Vδ1	CD57	4.51462153111645
c8	Vδ1	CD57	3.97789229425217
c8	Vδ1	CD57	4.14802052906315
c8	Vδ1	CD57	4.94935220481969
c8	Vδ1	CD57	4.76361596314076
c8	Vδ1	CD57	4.29318741262741
c8	Vδ1	CD57	5.32305960972551
c8	Vδ1	CD57	4.36392450291755
c8	Vδ1	CD57	4.78957601783522
c8	Vδ1	CD57	4.49368315052587
c8	Vδ1	CD57	4.23143627721781
c8	Vδ1	CD57	3.61628940432612
c8	Vδ1	CD57	4.50773294996277
c8	Vδ1	CD57	4.6578769453804
c8	Vδ1	CD57	4.16281633728133
c8	Vδ1	CD57	4.23680997139343
c8	Vδ1	CD57	4.33206316081575
c8	Vδ1	CD57	4.74751687844895
c8	Vδ1	CD57	3.80917858960518
c8	Vδ1	CD57	3.67430529923215
c8	Vδ1	CD57	4.10165807153915
c8	Vδ1	CD57	4.75550358098465
c8	Vδ1	CD57	4.25258668089336
c8	Vδ1	CD57	5.21430012735485
c8	Vδ1	CD57	3.88918807829343
c8	Vδ1	CD57	4.740224631055
c8	Vδ1	CD57	4.6473293821269
c8	Vδ1	CD57	5.30818414537527
c8	Vδ1	CD57	4.7569614875341
c8	Vδ1	CD57	4.89804777343965
c8	Vδ1	CD57	4.32290246001994
c8	Vδ1	CD57	3.25420353909311
c8	Vδ1	CD57	4.73994527209234
c8	Vδ1	CD57	3.3240713335604
c8	Vδ1	CD57	4.01004314507138
c8	Vδ1	CD57	3.14203388509622
c8	Vδ1	CD57	3.87907165591488
c8	Vδ1	CD57	3.86161443280034
c8	Vδ1	CD57	4.12412266173355
c8	Vδ1	CD57	3.76619516169644
c8	Vδ1	CD57	4.36717116611368
c8	Vδ1	CD57	3.69421458554831
c8	Vδ1	CD57	3.15932842214134
c8	Vδ1	CD57	4.90487261256237
c8	Vδ1	CD57	4.48733319573203
c8	Vδ1	CD57	3.60291574032272
c8	Vδ1	CD57	4.4317452309638
c8	Vδ1	CD57	4.16556358550242
c8	Vδ1	CD57	3.91260838008701
c8	Vδ1	CD57	4.94871292685107
c8	Vδ1	CD57	4.03222318323796
c8	Vδ1	CD57	4.61196526401857
c8	Vδ1	CD57	5.48958098448206
c8	Vδ1	CD57	4.47283525377817
c8	Vδ1	CD57	3.28900603802537
c8	Vδ1	CD57	4.18153649531267
c8	Vδ1	CD57	4.28617092139884
c8	Vδ1	CD57	3.21982333201708
c8	Vδ1	CD57	2.8956652515653
c8	Vδ1	CD57	4.35505028868571
c8	Vδ1	CD57	3.92454193336022
c8	Vδ1	CD57	2.94889991780228
c8	Vδ1	CD57	5.59666625083382
c8	Vδ1	CD57	4.35208349819619
c8	Vδ1	CD57	4.62929128816783
c8	Vδ1	CD57	4.51336322698193
c8	Vδ1	CD57	4.58326193427206
c8	Vδ1	CD57	4.81526425853644
c8	Vδ1	CD57	4.36857680968747
c8	Vδ1	CD57	4.31930296560544
c8	Vδ1	CD57	4.40125829780802
c8	Vδ1	CD57	5.57869591073427
c8	Vδ1	CD28	0.0337216024199101
c8	Vδ1	CD28	2.12870726636634
c8	Vδ1	CD28	1.10814616186451
c8	Vδ1	CD28	0.327152477097042
c8	Vδ1	CD28	0.0301207135369483
c8	Vδ1	CD28	1.78473007700647
c8	Vδ1	CD28	0.907215501916047
c8	Vδ1	CD28	1.11164540466672
c8	Vδ1	CD28	1.06605690534768
c8	Vδ1	CD28	1.74096739893941
c8	Vδ1	CD28	1.06541297458038
c8	Vδ1	CD28	1.73755414519315
c8	Vδ1	CD28	0.842301471170767
c8	Vδ1	CD28	1.17979215023891
c8	Vδ1	CD28	0.774676917999822
c8	Vδ1	CD28	0
c8	Vδ1	CD28	2.01013416642822
c8	Vδ1	CD28	1.49704829842008
c8	Vδ1	CD28	1.68649821443545
c8	Vδ1	CD28	1.90439340725859
c8	Vδ1	CD28	1.57394630597116
c8	Vδ1	CD28	0.604941424118099
c8	Vδ1	CD28	0.0478593619872958
c8	Vδ1	CD28	0.904843441932701
c8	Vδ1	CD28	1.21664905344367
c8	Vδ1	CD28	0.900337538298099
c8	Vδ1	CD28	0.383789631265318
c8	Vδ1	CD28	1.53543091343805
c8	Vδ1	CD28	0.965625201939796
c8	Vδ1	CD28	1.910456019681
c8	Vδ1	CD28	0.565518891129625
c8	Vδ1	CD28	1.88503848028049
c8	Vδ1	CD28	1.89788918481081
c8	Vδ1	CD28	0.689415545186277
c8	Vδ1	CD28	1.73531634040076
c8	Vδ1	CD28	1.20780703751961
c8	Vδ1	CD28	0.442760425418177
c8	Vδ1	CD28	1.30273719661592
c8	Vδ1	CD28	1.34057245070303
c8	Vδ1	CD28	1.75621542377036
c8	Vδ1	CD28	1.00086262577113
c8	Vδ1	CD28	1.21260770134969
c8	Vδ1	CD28	0.314568682430577
c8	Vδ1	CD28	0.382117265521737
c8	Vδ1	CD28	2.10231419384072
c8	Vδ1	CD28	0
c8	Vδ1	CD28	0.868804244908063
c8	Vδ1	CD28	0.941687816480694
c8	Vδ1	CD28	0.305044818307615
c8	Vδ1	CD28	1.88749233959147
c8	Vδ1	CD28	1.9857123864056
c8	Vδ1	CD28	1.78902562106322
c8	Vδ1	CD28	1.03828980875955
c8	Vδ1	CD28	0.829922397727604
c8	Vδ1	CD28	2.04756600308372
c8	Vδ1	CD28	1.29227631495712
c8	Vδ1	CD28	1.1977928010884
c8	Vδ1	CD28	1.07923829387338
c8	Vδ1	CD28	1.43113599338602
c8	Vδ1	CD28	0.72905110010084
c8	Vδ1	CD28	0.760665994377048
c8	Vδ1	CD28	2.62676323903089
c8	Vδ1	CD28	0.799807276034549
c8	Vδ1	CD28	1.36157165908934
c8	Vδ1	CD28	2.0291642837026
c8	Vδ1	CD28	1.6666157157985
c8	Vδ1	CD28	0.357457080421487
c8	Vδ1	CD28	1.16651688986092
c8	Vδ1	CD28	0.913183535868778
c8	Vδ1	CD28	1.23752065389493
c8	Vδ1	CD28	1.04835340623823
c8	Vδ1	CD28	0.452823135727113
c8	Vδ1	CD28	0.652780227137434
c8	Vδ1	CD28	1.97811170172536
c8	Vδ1	CD28	2.26715711879339
c8	Vδ1	CD28	1.63833037232045
c8	Vδ1	CD28	1.60337384414016
c8	Vδ1	CD28	1.62132452720383
c8	Vδ1	CD28	1.05511081651179
c8	Vδ1	CD28	1.12901002749953
c8	Vδ1	CD28	1.07269202219381
c8	Vδ1	CD28	0.47771722572316
c8	Vδ1	CD28	1.58117383601863
c8	Vδ1	CD28	1.51653714580712
c8	Vδ1	CD28	1.91263762718824
c8	Vδ1	CD28	0
c8	Vδ1	CD28	0.832026545042708
c8	Vδ1	CD28	1.07119389479739
c8	Vδ1	CD28	2.21233391547763
c8	Vδ1	CD28	1.73426250387667
All cells	All cells	CD161	1.36364216321824
All cells	All cells	CD161	1.71984465985723
All cells	All cells	CD161	3.05011561025894
All cells	All cells	CD161	1.05488060450256
All cells	All cells	CD161	2.13809497430707
All cells	All cells	CD161	0.178166030961999
All cells	All cells	CD161	4.64830146094484
All cells	All cells	CD161	0.559635601243802
All cells	All cells	CD161	3.31175386894311
All cells	All cells	CD161	0
All cells	All cells	CD161	0
All cells	All cells	CD161	1.00081450261586
All cells	All cells	CD161	1.42052067692129
All cells	All cells	CD161	2.21970163125948
All cells	All cells	CD161	4.59948502402577
All cells	All cells	CD161	0.713534500182169
All cells	All cells	CD161	0.0664754898325968
All cells	All cells	CD161	1.41057649923283
All cells	All cells	CD161	0.778856176132095
All cells	All cells	CD161	1.17889624932395
All cells	All cells	CD161	1.58698190485914
All cells	All cells	CD161	1.86300698020103
All cells	All cells	CD161	2.4776088604373
All cells	All cells	CD161	1.32735822793133
All cells	All cells	CD161	3.47142704137282
All cells	All cells	CD161	2.17839965035015
All cells	All cells	CD161	0.174624249390734
All cells	All cells	CD161	3.82658399324193
All cells	All cells	CD161	0.0549801048462822
All cells	All cells	CD161	0.995161269210797
All cells	All cells	CD161	2.70420557567931
All cells	All cells	CD161	0.404643058670947
All cells	All cells	CD161	1.71496986845418
All cells	All cells	CD161	1.26607117885464
All cells	All cells	CD161	0.649466897303119
All cells	All cells	CD161	1.07540888357732
All cells	All cells	CD161	4.17718880472386
All cells	All cells	CD161	1.98856994695677
All cells	All cells	CD161	0.0328317707023857
All cells	All cells	CD161	0.298391957590743
All cells	All cells	CD161	0.384583229644727
All cells	All cells	CD161	2.47439153743536
All cells	All cells	CD161	1.77444117131215
All cells	All cells	CD161	1.30196581667064
All cells	All cells	CD161	0.895386772078398
All cells	All cells	CD161	4.19808547809133
All cells	All cells	CD161	3.11109805533933
All cells	All cells	CD161	1.20773107618385
All cells	All cells	CD161	0
All cells	All cells	CD161	1.25444990557908
All cells	All cells	CD161	1.31325280344068
All cells	All cells	CD161	0
All cells	All cells	CD161	2.26185125994417
All cells	All cells	CD161	2.36520163212034
All cells	All cells	CD161	0.491491883514386
All cells	All cells	CD161	0.749846896549408
All cells	All cells	CD161	1.6054896192882
All cells	All cells	CD161	4.57687126191738
All cells	All cells	CD161	0.723759610636223
All cells	All cells	CD161	2.76935630404548
All cells	All cells	CD161	3.41738311856835
All cells	All cells	CD161	1.07145714838238
All cells	All cells	CD161	0.423782801664927
All cells	All cells	CD161	0.121926695028217
All cells	All cells	CD161	1.40551541879433
All cells	All cells	CD161	0.993923598385498
All cells	All cells	CD161	1.73229157643895
All cells	All cells	CD161	1.03563818467343
All cells	All cells	CD161	3.72604658557757
All cells	All cells	CD161	4.15951257311958
All cells	All cells	CD161	1.33232895734403
All cells	All cells	CD161	4.34869810886434
All cells	All cells	CD161	1.67069391434117
All cells	All cells	CD161	4.05905036058746
All cells	All cells	CD161	3.04535734324657
All cells	All cells	CD161	4.21857936814728
All cells	All cells	CD161	2.71112160754751
All cells	All cells	CD161	4.62505446895162
All cells	All cells	CD161	1.27755461647531
All cells	All cells	CD161	0.99880789291748
All cells	All cells	CD161	0.817144435397372
All cells	All cells	CD161	4.33600266668693
All cells	All cells	CD161	4.92577796257359
All cells	All cells	CD161	2.89916226950631
All cells	All cells	CD161	0.692463201730948
All cells	All cells	CD161	0
All cells	All cells	CD161	0.780212325767853
All cells	All cells	CD161	1.19054731973941
All cells	All cells	CD161	0.944268247040514
All cells	All cells	CD161	1.49908803315024
All cells	All cells	CD161	1.51255518958674
All cells	All cells	CD161	1.96147460353583
All cells	All cells	CD161	1.50037355664387
All cells	All cells	CD161	0.438688555951672
All cells	All cells	CD161	1.12845862429029
All cells	All cells	CD161	1.23650549634257
All cells	All cells	CD161	4.95649477350978
All cells	All cells	CD161	2.73571485424452
All cells	All cells	CD161	1.86877108475196
All cells	All cells	CD161	2.03746546336127
All cells	All cells	CD161	1.18770129570593
All cells	All cells	CD161	0.969761076356004
All cells	All cells	CD161	4.16589442519945
All cells	All cells	CD161	0.803438570916472
All cells	All cells	CD161	1.26798857919025
All cells	All cells	CD161	0.442163887420428
All cells	All cells	CD161	0.490155188621122
All cells	All cells	CD161	0
All cells	All cells	CD161	1.76167028551587
All cells	All cells	CD161	0.552388322797401
All cells	All cells	NKG2A	1.87501721877598
All cells	All cells	NKG2A	0
All cells	All cells	NKG2A	1.46183659196472
All cells	All cells	NKG2A	0.645405721826597
All cells	All cells	NKG2A	3.59364468913355
All cells	All cells	NKG2A	1.99492702970937
All cells	All cells	NKG2A	4.27357263681915
All cells	All cells	NKG2A	1.88867222669038
All cells	All cells	NKG2A	1.28498698712453
All cells	All cells	NKG2A	1.00096903737085
All cells	All cells	NKG2A	0
All cells	All cells	NKG2A	5.00093161005628
All cells	All cells	NKG2A	0.652373805687777
All cells	All cells	NKG2A	1.95283961079737
All cells	All cells	NKG2A	0.742042962252587
All cells	All cells	NKG2A	0
All cells	All cells	NKG2A	1.38910135736626
All cells	All cells	NKG2A	0
All cells	All cells	NKG2A	4.01927643403285
All cells	All cells	NKG2A	4.93204394768643
All cells	All cells	NKG2A	4.09071036489517
All cells	All cells	NKG2A	4.28490128070836
All cells	All cells	NKG2A	3.68235363077902
All cells	All cells	NKG2A	2.01795557885001
All cells	All cells	NKG2A	3.22921448444105
All cells	All cells	NKG2A	5.74318536923376
All cells	All cells	NKG2A	2.26724659614377
All cells	All cells	NKG2A	3.24010708428608
All cells	All cells	NKG2A	4.86579503976998
All cells	All cells	NKG2A	0.372713912922557
All cells	All cells	NKG2A	0.205599644171594
All cells	All cells	NKG2A	2.15414680515191
All cells	All cells	NKG2A	1.02590672908492
All cells	All cells	NKG2A	3.21335492287616
All cells	All cells	NKG2A	3.54634494004928
All cells	All cells	NKG2A	1.2674311281495
All cells	All cells	NKG2A	0.0293183991162493
All cells	All cells	NKG2A	0.553003389263755
All cells	All cells	NKG2A	1.85099455190755
All cells	All cells	NKG2A	1.76323948589888
All cells	All cells	NKG2A	1.34490712337594
All cells	All cells	NKG2A	0.539160131936387
All cells	All cells	NKG2A	0.0363162936097106
All cells	All cells	NKG2A	1.07720857379364
All cells	All cells	NKG2A	1.29959149828957
All cells	All cells	NKG2A	3.20016598985184
All cells	All cells	NKG2A	0
All cells	All cells	NKG2A	1.11196875157464
All cells	All cells	NKG2A	2.11170262067379
All cells	All cells	NKG2A	0.427679951616333
All cells	All cells	NKG2A	1.77276511102785
All cells	All cells	NKG2A	1.75878501015114
All cells	All cells	NKG2A	2.05146811787025
All cells	All cells	NKG2A	2.02344346209466
All cells	All cells	NKG2A	2.13103718549968
All cells	All cells	NKG2A	5.81391972480007
All cells	All cells	NKG2A	1.70007588583604
All cells	All cells	NKG2A	1.63300796208221
All cells	All cells	NKG2A	1.98386027510401
All cells	All cells	NKG2A	0.520810641944543
All cells	All cells	NKG2A	3.00555274418065
All cells	All cells	NKG2A	1.74780079138108
All cells	All cells	NKG2A	2.27894852728289
All cells	All cells	NKG2A	0.793926178165927
All cells	All cells	NKG2A	5.24481853325803
All cells	All cells	NKG2A	2.99989055419707
All cells	All cells	NKG2A	2.15544848546993
All cells	All cells	NKG2A	3.62908944035019
All cells	All cells	NKG2A	1.2076105560525
All cells	All cells	NKG2A	0.309438028276888
All cells	All cells	NKG2A	2.91014279543522
All cells	All cells	NKG2A	0.794192031898498
All cells	All cells	NKG2A	2.42337863954152
All cells	All cells	NKG2A	0.817074861380054
All cells	All cells	NKG2A	3.93233954465011
All cells	All cells	NKG2A	0.838567250392874
All cells	All cells	NKG2A	1.11660349879748
All cells	All cells	NKG2A	1.20027298667539
All cells	All cells	NKG2A	1.8386842811944
All cells	All cells	NKG2A	0.844455776443637
All cells	All cells	NKG2A	0.638557519786255
All cells	All cells	NKG2A	0.401611547414706
All cells	All cells	NKG2A	5.53385387180065
All cells	All cells	NKG2A	2.34613648723594
All cells	All cells	NKG2A	1.54791050544141
All cells	All cells	NKG2A	1.58627562025109
All cells	All cells	NKG2A	1.39675918729839
All cells	All cells	NKG2A	0.661895775099099
All cells	All cells	NKG2A	1.81641850611647
All cells	All cells	NKG2A	3.71776947714368
All cells	All cells	NKG2A	1.79166284342454
All cells	All cells	NKG2A	1.84657963784703
All cells	All cells	NKG2A	1.6494605929286
All cells	All cells	NKG2A	4.96956771022146
All cells	All cells	NKG2A	1.27182664922198
All cells	All cells	NKG2A	2.32316148132418
All cells	All cells	NKG2A	1.45506692841572
All cells	All cells	NKG2A	3.42858330754342
All cells	All cells	NKG2A	0.707940035637367
All cells	All cells	NKG2A	0.968867379294523
All cells	All cells	NKG2A	0.0867155175043555
All cells	All cells	NKG2A	5.01114267056724
All cells	All cells	NKG2A	1.55334356722412
All cells	All cells	NKG2A	1.7101655217481
All cells	All cells	NKG2A	3.24877305750251
All cells	All cells	NKG2A	3.57063571577971
All cells	All cells	NKG2A	1.29728663658356
All cells	All cells	NKG2A	3.08027429415813
All cells	All cells	NKG2A	1.97273817745662
All cells	All cells	NKG2A	4.09044924139332
All cells	All cells	CD31	2.43595179040303
All cells	All cells	CD31	4.72374761775212
All cells	All cells	CD31	3.42015876893046
All cells	All cells	CD31	0.76419444956867
All cells	All cells	CD31	0.182699664381963
All cells	All cells	CD31	1.70223208535382
All cells	All cells	CD31	1.14037866880123
All cells	All cells	CD31	5.02468057230016
All cells	All cells	CD31	1.02312189549267
All cells	All cells	CD31	1.79613240468262
All cells	All cells	CD31	2.98723168695936
All cells	All cells	CD31	2.23349981639245
All cells	All cells	CD31	3.38641421105259
All cells	All cells	CD31	2.66410073738619
All cells	All cells	CD31	0.322372730953254
All cells	All cells	CD31	0.814234233743776
All cells	All cells	CD31	1.83126781743726
All cells	All cells	CD31	0.0390044613380478
All cells	All cells	CD31	0.978986612542569
All cells	All cells	CD31	0
All cells	All cells	CD31	0
All cells	All cells	CD31	0
All cells	All cells	CD31	0.177874949037975
All cells	All cells	CD31	3.68643831094332
All cells	All cells	CD31	0
All cells	All cells	CD31	3.39802982418632
All cells	All cells	CD31	0.610354334777732
All cells	All cells	CD31	1.05968872783617
All cells	All cells	CD31	3.54871070387496
All cells	All cells	CD31	4.49350567808344
All cells	All cells	CD31	1.86112064387877
All cells	All cells	CD31	0
All cells	All cells	CD31	0.181714463273897
All cells	All cells	CD31	2.40915909700425
All cells	All cells	CD31	0
All cells	All cells	CD31	3.26127234017424
All cells	All cells	CD31	2.41282899357005
All cells	All cells	CD31	2.59900544675325
All cells	All cells	CD31	2.22667360185478
All cells	All cells	CD31	2.6623620828673
All cells	All cells	CD31	0
All cells	All cells	CD31	0.414627105233479
All cells	All cells	CD31	1.28355396476531
All cells	All cells	CD31	3.39824551297625
All cells	All cells	CD31	0.92208254952112
All cells	All cells	CD31	1.26323751770126
All cells	All cells	CD31	5.3963554784579
All cells	All cells	CD31	0.282870197499623
All cells	All cells	CD31	0.357920449445757
All cells	All cells	CD31	4.07632552876156
All cells	All cells	CD31	1.76277213438578
All cells	All cells	CD31	2.58884708552469
All cells	All cells	CD31	1.5959930441363
All cells	All cells	CD31	0
All cells	All cells	CD31	1.98090248133043
All cells	All cells	CD31	4.50542701150118
All cells	All cells	CD31	2.31097544769786
All cells	All cells	CD31	1.78578524673819
All cells	All cells	CD31	4.54377956491223
All cells	All cells	CD31	4.74332117473533
All cells	All cells	CD31	0.34041352095823
All cells	All cells	CD31	0.923049271411346
All cells	All cells	CD31	0.834451421562297
All cells	All cells	CD31	0.00511359361203367
All cells	All cells	CD31	1.06773800695468
All cells	All cells	CD31	0
All cells	All cells	CD31	1.1535765755285
All cells	All cells	CD31	1.57787386476156
All cells	All cells	CD31	2.22420494550409
All cells	All cells	CD31	0.559980001510762
All cells	All cells	CD31	1.59053121729684
All cells	All cells	CD31	0.074320695191739
All cells	All cells	CD31	1.00703148590655
All cells	All cells	CD31	0.303248438662363
All cells	All cells	CD31	0.274109791464356
All cells	All cells	CD31	1.15202887326332
All cells	All cells	CD31	2.66940881525415
All cells	All cells	CD31	0
All cells	All cells	CD31	2.66748667483367
All cells	All cells	CD31	1.26362659662915
All cells	All cells	CD31	1.83798200825374
All cells	All cells	CD31	1.53640382127045
All cells	All cells	CD31	1.65016013147412
All cells	All cells	CD31	2.60641700070458
All cells	All cells	CD31	4.40059337672814
All cells	All cells	CD31	0.686153982414006
All cells	All cells	CD31	1.62371263298296
All cells	All cells	CD31	1.9895213145631
All cells	All cells	CD31	1.70043129530809
All cells	All cells	CD31	3.02410608920524
All cells	All cells	CD31	1.6066179140411
All cells	All cells	CD31	1.8280317008543
All cells	All cells	CD31	0.246764082993992
All cells	All cells	CD31	0.0836294955353127
All cells	All cells	CD31	0.607556582718427
All cells	All cells	CD31	5.64432309057769
All cells	All cells	CD31	0.709897715396659
All cells	All cells	CD31	0.276687343587692
All cells	All cells	CD31	0.614946216723945
All cells	All cells	CD31	1.55214956161384
All cells	All cells	CD31	0.613768171014091
All cells	All cells	CD31	2.43287671317495
All cells	All cells	CD31	2.74773066177316
All cells	All cells	CD31	2.45079699111182
All cells	All cells	CD31	0.489792955164526
All cells	All cells	CD31	0.00953243058901032
All cells	All cells	CD31	2.96551652206742
All cells	All cells	CD31	1.63817852170311
All cells	All cells	CD31	1.24457555041599
All cells	All cells	CD31	0.236851254166537
All cells	All cells	CD8	0.946803469114048
All cells	All cells	CD8	4.00407407910103
All cells	All cells	CD8	2.41853769358612
All cells	All cells	CD8	0.859655472606111
All cells	All cells	CD8	0
All cells	All cells	CD8	3.95331695800689
All cells	All cells	CD8	3.35586310030299
All cells	All cells	CD8	1.44836454568176
All cells	All cells	CD8	1.38069529487252
All cells	All cells	CD8	1.79886131453522
All cells	All cells	CD8	0.787848946884091
All cells	All cells	CD8	0.769378689420215
All cells	All cells	CD8	1.3807065016426
All cells	All cells	CD8	1.60654872738454
All cells	All cells	CD8	3.68977123274388
All cells	All cells	CD8	1.83209802629148
All cells	All cells	CD8	2.55526367500697
All cells	All cells	CD8	4.28720952639257
All cells	All cells	CD8	1.50518229432026
All cells	All cells	CD8	5.46447250934698
All cells	All cells	CD8	1.37439980016536
All cells	All cells	CD8	2.35982652057738
All cells	All cells	CD8	2.83791082659132
All cells	All cells	CD8	0.84242017287284
All cells	All cells	CD8	1.78282476396817
All cells	All cells	CD8	5.39136700897157
All cells	All cells	CD8	2.50573186800627
All cells	All cells	CD8	1.10957405153624
All cells	All cells	CD8	2.16709446715986
All cells	All cells	CD8	0.953935199897718
All cells	All cells	CD8	2.44335971380553
All cells	All cells	CD8	0.776588528816506
All cells	All cells	CD8	2.58228253754667
All cells	All cells	CD8	1.9710189820588
All cells	All cells	CD8	0.224657268835091
All cells	All cells	CD8	0.90094432457534
All cells	All cells	CD8	3.88424356318297
All cells	All cells	CD8	0.806238781567106
All cells	All cells	CD8	2.71725469515067
All cells	All cells	CD8	3.92925244292552
All cells	All cells	CD8	2.08995044136599
All cells	All cells	CD8	2.78641885658878
All cells	All cells	CD8	4.40033486838634
All cells	All cells	CD8	1.0216788738445
All cells	All cells	CD8	1.26830667358728
All cells	All cells	CD8	0
All cells	All cells	CD8	2.15190827805931
All cells	All cells	CD8	0.48444949461594
All cells	All cells	CD8	2.58923754668158
All cells	All cells	CD8	0
All cells	All cells	CD8	0.790773329059042
All cells	All cells	CD8	4.26506388452899
All cells	All cells	CD8	4.48454100035385
All cells	All cells	CD8	0.503120065697484
All cells	All cells	CD8	3.059141792715
All cells	All cells	CD8	0.245626175738437
All cells	All cells	CD8	2.19442826672476
All cells	All cells	CD8	3.14262860253464
All cells	All cells	CD8	1.83191897406031
All cells	All cells	CD8	4.0261155237588
All cells	All cells	CD8	1.05098299627274
All cells	All cells	CD8	4.6088833643787
All cells	All cells	CD8	2.7789462512161
All cells	All cells	CD8	1.21162324761617
All cells	All cells	CD8	1.91256727605114
All cells	All cells	CD8	3.50200403419807
All cells	All cells	CD8	4.38917915159363
All cells	All cells	CD8	2.3768688662672
All cells	All cells	CD8	1.72485736744343
All cells	All cells	CD8	1.46483394805329
All cells	All cells	CD8	2.85133031152035
All cells	All cells	CD8	4.28588901616479
All cells	All cells	CD8	3.62483496260363
All cells	All cells	CD8	1.1491679627414
All cells	All cells	CD8	3.09309360527331
All cells	All cells	CD8	0.383599922691568
All cells	All cells	CD8	4.7388264902711
All cells	All cells	CD8	2.85359531514625
All cells	All cells	CD8	4.13123111933121
All cells	All cells	CD8	2.41374914304626
All cells	All cells	CD8	1.71399155664422
All cells	All cells	CD8	2.90170788488146
All cells	All cells	CD8	2.70979755610503
All cells	All cells	CD8	1.51294899735848
All cells	All cells	CD8	4.86199915787141
All cells	All cells	CD8	2.3185184552071
All cells	All cells	CD8	0.755577528008219
All cells	All cells	CD8	4.61856284481359
All cells	All cells	CD8	1.57208834455678
All cells	All cells	CD8	4.6146537026694
All cells	All cells	CD8	1.32010099857234
All cells	All cells	CD8	0.965821536441567
All cells	All cells	CD8	1.7372508178738
All cells	All cells	CD8	2.41487158534681
All cells	All cells	CD8	1.7496209720321
All cells	All cells	CD8	0.238963279336579
All cells	All cells	CD8	4.10780548362274
All cells	All cells	CD8	3.13036515194782
All cells	All cells	CD8	1.39452764756715
All cells	All cells	CD8	1.03655159302701
All cells	All cells	CD8	2.24645249412364
All cells	All cells	CD8	1.68448864711733
All cells	All cells	CD8	0.614426735979431
All cells	All cells	CD8	1.31464439515789
All cells	All cells	CD8	1.52900179065125
All cells	All cells	CD8	0
All cells	All cells	CD8	1.22899354029428
All cells	All cells	CD8	0.558951626200425
All cells	All cells	CD8	2.83230598425451
All cells	All cells	CD8	2.05077717919081
All cells	All cells	CD57	3.95942163986889
All cells	All cells	CD57	0.788235599454827
All cells	All cells	CD57	2.7736045539604
All cells	All cells	CD57	1.24329611054954
All cells	All cells	CD57	3.23091766208846
All cells	All cells	CD57	0.869250182842641
All cells	All cells	CD57	0.621494532948323
All cells	All cells	CD57	1.31224498480014
All cells	All cells	CD57	0.667921677850395
All cells	All cells	CD57	2.71126876965531
All cells	All cells	CD57	4.36362355438046
All cells	All cells	CD57	1.37700995094356
All cells	All cells	CD57	2.40491272112125
All cells	All cells	CD57	3.94527401747888
All cells	All cells	CD57	1.96581127712587
All cells	All cells	CD57	3.04005718405714
All cells	All cells	CD57	3.62819530760879
All cells	All cells	CD57	3.16139864190089
All cells	All cells	CD57	1.97764842371534
All cells	All cells	CD57	0.0358743154929246
All cells	All cells	CD57	0
All cells	All cells	CD57	2.64446875137466
All cells	All cells	CD57	1.68054744572492
All cells	All cells	CD57	2.9210666835128
All cells	All cells	CD57	0.623871046068855
All cells	All cells	CD57	0.859536167702625
All cells	All cells	CD57	0
All cells	All cells	CD57	0
All cells	All cells	CD57	1.64544784815996
All cells	All cells	CD57	0.702857645574976
All cells	All cells	CD57	0
All cells	All cells	CD57	0.454517623898406
All cells	All cells	CD57	2.14474800979671
All cells	All cells	CD57	4.58342125239194
All cells	All cells	CD57	0.619458989418806
All cells	All cells	CD57	0.483103544175455
All cells	All cells	CD57	0.846221362783357
All cells	All cells	CD57	2.21497525541111
All cells	All cells	CD57	1.56513043162767
All cells	All cells	CD57	5.26478895190546
All cells	All cells	CD57	2.52273351529288
All cells	All cells	CD57	1.50690370724929
All cells	All cells	CD57	1.61140328912033
All cells	All cells	CD57	1.42286758726975
All cells	All cells	CD57	0.176052451389077
All cells	All cells	CD57	0.582562709637084
All cells	All cells	CD57	0.747631619924639
All cells	All cells	CD57	1.57065117531965
All cells	All cells	CD57	2.43843679119666
All cells	All cells	CD57	0.594795348653149
All cells	All cells	CD57	2.53666586075895
All cells	All cells	CD57	1.33737259991959
All cells	All cells	CD57	0.893808898538301
All cells	All cells	CD57	0.6425336835204
All cells	All cells	CD57	1.74959407049268
All cells	All cells	CD57	0.723638515490892
All cells	All cells	CD57	2.1127975087564
All cells	All cells	CD57	2.06433996400032
All cells	All cells	CD57	1.17517183133709
All cells	All cells	CD57	2.99092011086578
All cells	All cells	CD57	5.85847115407033
All cells	All cells	CD57	2.25567750017275
All cells	All cells	CD57	0
All cells	All cells	CD57	0.608631526567397
All cells	All cells	CD57	0.586206707470614
All cells	All cells	CD57	1.77084395021512
All cells	All cells	CD57	0.947107008322761
All cells	All cells	CD57	4.0332685911152
All cells	All cells	CD57	3.61843535653828
All cells	All cells	CD57	1.73572403175682
All cells	All cells	CD57	2.81785016899668
All cells	All cells	CD57	2.06237300621547
All cells	All cells	CD57	0.675956131546769
All cells	All cells	CD57	0.234236791213738
All cells	All cells	CD57	2.07330608890071
All cells	All cells	CD57	2.67135250708172
All cells	All cells	CD57	0.468925447743523
All cells	All cells	CD57	0.936255866217006
All cells	All cells	CD57	0.230434545946216
All cells	All cells	CD57	0
All cells	All cells	CD57	0.42194261285514
All cells	All cells	CD57	0.471684573514622
All cells	All cells	CD57	2.12950862804442
All cells	All cells	CD57	2.0350924225268
All cells	All cells	CD57	0
All cells	All cells	CD57	0.561610085526821
All cells	All cells	CD57	3.99510131547748
All cells	All cells	CD57	0.761502560145273
All cells	All cells	CD57	1.99797165659782
All cells	All cells	CD57	0.489227555843384
All cells	All cells	CD57	0.670055521826678
All cells	All cells	CD57	1.69643845748752
All cells	All cells	CD57	0.670424545197548
All cells	All cells	CD57	1.32090407561213
All cells	All cells	CD57	0.123008676645091
All cells	All cells	CD57	1.01138453290948
All cells	All cells	CD57	1.09365523781166
All cells	All cells	CD57	1.76760459758685
All cells	All cells	CD57	1.04766877795896
All cells	All cells	CD57	2.00922189400647
All cells	All cells	CD57	1.03737212212422
All cells	All cells	CD57	0.741720601078074
All cells	All cells	CD57	1.16112226248127
All cells	All cells	CD57	0.933894109445678
All cells	All cells	CD57	0
All cells	All cells	CD57	0
All cells	All cells	CD57	1.77793261201729
All cells	All cells	CD57	0.436725031087201
All cells	All cells	CD57	1.97151962905436
All cells	All cells	CD57	0.587529440554086
All cells	All cells	CD28	2.42936595917834
All cells	All cells	CD28	2.1247183647712
All cells	All cells	CD28	1.66233868095214
All cells	All cells	CD28	0.548307650605092
All cells	All cells	CD28	3.43305991762677
All cells	All cells	CD28	3.67301785201257
All cells	All cells	CD28	1.63381632331542
All cells	All cells	CD28	4.36319101528476
All cells	All cells	CD28	2.80446972088869
All cells	All cells	CD28	3.08392853447242
All cells	All cells	CD28	3.02195155687422
All cells	All cells	CD28	3.75846068156193
All cells	All cells	CD28	3.05418375998389
All cells	All cells	CD28	1.70380569336201
All cells	All cells	CD28	1.56989980234921
All cells	All cells	CD28	2.07560291256222
All cells	All cells	CD28	3.49302508914245
All cells	All cells	CD28	1.38609170060866
All cells	All cells	CD28	2.68353660444088
All cells	All cells	CD28	1.51815260591778
All cells	All cells	CD28	2.28965914523342
All cells	All cells	CD28	0.137271640290395
All cells	All cells	CD28	1.84548249409282
All cells	All cells	CD28	2.85716920810914
All cells	All cells	CD28	3.64508681430081
All cells	All cells	CD28	1.29282721087724
All cells	All cells	CD28	1.65072469615652
All cells	All cells	CD28	1.11890855364181
All cells	All cells	CD28	3.48639436570685
All cells	All cells	CD28	0.540500475268663
All cells	All cells	CD28	4.42833136508602
All cells	All cells	CD28	2.14538787939355
All cells	All cells	CD28	3.03214542008472
All cells	All cells	CD28	1.54572101571053
All cells	All cells	CD28	0.920300970174967
All cells	All cells	CD28	0.584742647890492
All cells	All cells	CD28	3.20881813331459
All cells	All cells	CD28	0.594186565485029
All cells	All cells	CD28	0.646458469256449
All cells	All cells	CD28	2.01020725526809
All cells	All cells	CD28	3.88778407766985
All cells	All cells	CD28	3.54168742345197
All cells	All cells	CD28	0.506559737207439
All cells	All cells	CD28	3.00952448780186
All cells	All cells	CD28	1.11777957323847
All cells	All cells	CD28	1.57749855535384
All cells	All cells	CD28	1.36173949837575
All cells	All cells	CD28	4.55366654846225
All cells	All cells	CD28	1.27977183162252
All cells	All cells	CD28	1.29360507424256
All cells	All cells	CD28	0.165799857343276
All cells	All cells	CD28	1.17964854928003
All cells	All cells	CD28	0.337873005222197
All cells	All cells	CD28	2.20575870205989
All cells	All cells	CD28	1.46603860711507
All cells	All cells	CD28	0.837634044203653
All cells	All cells	CD28	3.39734457973775
All cells	All cells	CD28	2.60128539480101
All cells	All cells	CD28	1.21359660073472
All cells	All cells	CD28	3.27843607757531
All cells	All cells	CD28	1.94445558277593
All cells	All cells	CD28	0.733549772232834
All cells	All cells	CD28	2.32870246374339
All cells	All cells	CD28	1.22110615682895
All cells	All cells	CD28	0.843271321189619
All cells	All cells	CD28	2.67756630665742
All cells	All cells	CD28	1.95584023416182
All cells	All cells	CD28	0.435724397574546
All cells	All cells	CD28	0.830140660170081
All cells	All cells	CD28	2.11049939227683
All cells	All cells	CD28	1.55444186013505
All cells	All cells	CD28	0.276762831305102
All cells	All cells	CD28	4.58622295376465
All cells	All cells	CD28	4.5730076760388
All cells	All cells	CD28	3.22494336546719
All cells	All cells	CD28	2.42993704442626
All cells	All cells	CD28	0.859875209895233
All cells	All cells	CD28	0.968063111870958
All cells	All cells	CD28	2.7544574134574
All cells	All cells	CD28	1.98980769393486
All cells	All cells	CD28	3.09608646447826
All cells	All cells	CD28	1.95659237020124
All cells	All cells	CD28	1.69382783334662
All cells	All cells	CD28	2.20321294522296
All cells	All cells	CD28	2.2727269653549
All cells	All cells	CD28	1.57492727742616
All cells	All cells	CD28	2.33814960656512
All cells	All cells	CD28	1.20408586020281
All cells	All cells	CD28	2.02112402766718
All cells	All cells	CD28	0.963889033993941
All cells	All cells	CD28	3.32589184177708
All cells	All cells	CD28	0.975279928494141
All cells	All cells	CD28	2.83108776321676
All cells	All cells	CD28	2.43473004603128
All cells	All cells	CD28	2.67905633654873
All cells	All cells	CD28	0.00281198416853412
All cells	All cells	CD28	2.54180858616379
All cells	All cells	CD28	2.32900511148448
All cells	All cells	CD28	2.22170939201994
All cells	All cells	CD28	3.62514981651427
All cells	All cells	CD28	2.19904120737552
All cells	All cells	CD28	5.30502177608518
All cells	All cells	CD28	1.32033130503832
All cells	All cells	CD28	1.93149540809454
All cells	All cells	CD28	2.08052655457709
All cells	All cells	CD28	2.61439248459979
All cells	All cells	CD28	2.07953844309049
All cells	All cells	CD28	1.92393468505424
All cells	All cells	CD28	1.7343387278278
All cells	All cells	CD28	1.54293597715035
